source,title,link,published,summary,collected_at
BYD News,67 electric cars including Tesla and BYD put through largest-ever range test in brutal Mongolian winter to see which can survive -13°F temperatures - supercarblondie.com,https://news.google.com/rss/articles/CBMid0FVX3lxTFBQQVZJcC00dUZJclpVQkxuR0YyR2x4LV82dGx4cDFBcVJ5Vy0xdi1fT3YwMEZMT1N1T2tIUTBFUmlZQ3pJbU9pQ3pVd2ppNGdvUDdlTWVHdFNuNERFZTRiSG5GMHR0c3l0N09wRkpVR19RTS1mT3c0?oc=5,"Mon, 29 Jun 2026 14:25:00 GMT",67 electric cars including Tesla and BYD put through largest-ever range test in brutal Mongolian winter to see which can survive -13°F temperatures supercarblondie.com,2026-06-29 18:16:22
BYD News,BYD debuts first PHEV model in South Korea - Gasgoo,https://news.google.com/rss/articles/CBMipAFBVV95cUxPSjdXYzM1cUN3c1FSUVY3WUt1ZTFFNVVmWjBqbnlZREt0WnZXR0dnRVZBMm5OVVl3a2VtU2ZWZGdmRXp1NjF4dXdzX3hQY1JkUzdTbHBhcS1BN2RhZnNkQTRkMUtNeUcwMi1sU0VLRUFXMHVJUG1sXzlZT3hvOUl0cG45by1ubVBPekwyNTJ0WV9KNmo4OGpnd0xxVTdRdGVETUhzbQ?oc=5,"Mon, 29 Jun 2026 13:04:14 GMT",BYD debuts first PHEV model in South Korea Gasgoo,2026-06-29 18:16:22
BYD News,This New Electric Car Nearly Fills Its Battery In Under 9 Minutes - InsideEVs,https://news.google.com/rss/articles/CBMia0FVX3lxTE9xRGFBYlRURkEtOW55VVJkVE44b1pLYXVHd1AxSkVHTjljdWxMUGxYTGpvdU4xYXdRZktGMmkycmdRSWdxTmVwdS1Ka2xqUmtOVmlWVlhOZTNBcUc0VFZwajRVYlhWLV9DVFpF?oc=5,"Sun, 28 Jun 2026 19:47:24 GMT",This New Electric Car Nearly Fills Its Battery In Under 9 Minutes InsideEVs,2026-06-29 18:16:22
BYD News,Electric vehicle giant BYD predicts 80% of China car sales will soon be electric - CNBC,https://news.google.com/rss/articles/CBMiwAFBVV95cUxPMHFVeksxS25qaWZoMkl0VjhRalpQb0xqOW1ZYXBvc1FTMk1aZVVEZXJVRHJmZ0hqNW1FS1BxYmNEUDVLb0VWM20tNC1qN0JrQmJqc20tdGxrTWpzVTVLa0JnWXFHWFA0SmI0ajB5a25FWVJlb2pmUmRFWEtRRy1pbHJQb2pRMlhNMGxvUVFDLTRNVklaWHJWYjlnMjdjYUJyc2ZENEotdnZRaVRDRklFNDY3NXlSSm5VR3NDZnJqamnSAcYBQVVfeXFMT3hYVzR3QkF3T1JOM3hGSUtWR3h5Yy0tVDhyR2k3TmlIMjd2TDJQOUJnMm01dEIyX1B3Z1BwY3VVNEJJZzk5dEJzYXUyeEJZazdqLUlBT0xVVXp5RDUzNkR3UXVpMHZ6V202V01PTEtldVVwa0RfRGZORU5PUFFIcm9SMG8yQnNZWXpuM19icjhiSkEwd0RxWWs3X3o5UUZPcUNRWkh0SmxRaXBiYWxTRFJqUkhVazB3MU5hZmloWUtqejVsckR3?oc=5,"Tue, 09 Jun 2026 07:00:00 GMT",Electric vehicle giant BYD predicts 80% of China car sales will soon be electric CNBC,2026-06-29 18:16:22
BYD News,"BYD’s 1,500 kW charging system draws attention after cold-weather EV test (BYDDF:OTCMKTS) - Seeking Alpha",https://news.google.com/rss/articles/CBMirgFBVV95cUxONHJFZDVBSFExNTZ3bXlZeTVZQXUwRnNCcUt6MjNnaWZTbHpna2gxUmZaUUhjMDRGTDhXanBSZkp2Q3VwbGszZUQ5dE90dkJ2YkY1am9sQWNac1NJeHFjSmgtV2pmMTU2c2QzY0Q3WWFZR2pSNGRWd3lhd0RqdXZJemdhU0VEanpyajY1bjE5X1lxVWFHRDExWUZmNTdVM2xXV0UyMV9zNC1MTFpZSGc?oc=5,"Mon, 29 Jun 2026 12:14:10 GMT","BYD’s 1,500 kW charging system draws attention after cold-weather EV test (BYDDF:OTCMKTS) Seeking Alpha",2026-06-29 18:16:22
BYD News,BYD's Sealion 6 PHEV Shakes Domestic Hybrid Market - 조선일보,https://news.google.com/rss/articles/CBMiiAFBVV95cUxNanV0NkNlYTcyaUhJZ05NM2dlMTRQOWQzOWx5VDVYZUhHMFowY2RTS3RWSExyQTQwMzlWQnQzbGZyNXJ0R3pEYzlhT2Fjei1JZ2RrSFpfXzhsUVBtN2FQUUx2QzgxbmlfMzgtLWIyUy1WbXlsMzMxSXlscS1NZnVfTnU2dG9QOFlV?oc=5,"Mon, 29 Jun 2026 15:42:21 GMT",BYD's Sealion 6 PHEV Shakes Domestic Hybrid Market 조선일보,2026-06-29 18:16:22
BYD News,"BYD is about to launch this full-size luxury electric sedan with over 1,000 km of range - Electrek",https://news.google.com/rss/articles/CBMigwFBVV95cUxONXZyTWZkdTNEX0xEQnlWdWNFbWdDdHFiamdYMlAxSUxaZ0F1MVJRaHI0c1cwTHZhSGo3dXZreTVVb3dBSUFDOHRWc3RfWkkxR0ZVUFVOb1Jmb2FyajF2VVBFM3pGekR0cl9HdFc0Z0I1cTJRMFl6akJjbDZRTVFKZU9Maw?oc=5,"Fri, 12 Jun 2026 07:00:00 GMT","BYD is about to launch this full-size luxury electric sedan with over 1,000 km of range Electrek",2026-06-29 18:16:22
BYD News,"BYD’s Atto 2 refresh spotted in China, now with RWD & LiDAR - CarNewsChina.com",https://news.google.com/rss/articles/CBMilwFBVV95cUxPNGN5YTVrSW1nMnlJY1psX0xVU19ZZHJvXzEtbnh0V25vNTV4cXR3MlhMVVVoUDV6QUtwRTctQ3ZHZ2pjZlNCLVo0LXVVYUU2bDZSN3R3UnpxdmhBajh3ZWNzUDlJWkFtTHlwVEtIamlBazZjYW9CNTV4eVEySWpXN3VXQzV0THhNV01NMHl3ZUN2a3A0bUhz?oc=5,"Sun, 28 Jun 2026 09:59:00 GMT","BYD’s Atto 2 refresh spotted in China, now with RWD & LiDAR CarNewsChina.com",2026-06-29 18:16:22
BYD News,Gas at $9 a Gallon Sends Chinese EV Sales Soaring in Uruguay - Bloomberg.com,https://news.google.com/rss/articles/CBMitAFBVV95cUxNNTZoTXNkeHFlUTA1R0F4UGFfN25lWDBMQk1GWmtESHhXNkxBaXFMNXZfN3c1STZ3eEpRX2pab2ZNczhqN3oxQ05DS1NuWE9XVFNBYlZaZmtjdFJ0M3dZVDM1RGNxaHo5ME9DQkFQLVF5eXFwdjViNnZGakxVTkFqZ2drNjBxS1BuRzRxcF91TUlNejZPRG41RkltSHlHVlZEaGI5TjNvSFAybVlUNGtwQmdCQUI?oc=5,"Thu, 25 Jun 2026 11:30:00 GMT",Gas at $9 a Gallon Sends Chinese EV Sales Soaring in Uruguay Bloomberg.com,2026-06-29 18:16:22
BYD News,China's BYD overtakes Tesla in Europe as Musk backlash and cheaper cars fuel surge - The Cool Down,https://news.google.com/rss/articles/CBMiiAFBVV95cUxNaDJwVmYyNEZCblR4T0NkUWhVN1p0V29IWFVkMjVHNk0ybHBMWGJXR0xYYWZrUzJrMHVndzRUZm1TN2dWRU1UMXY4aDJzcnFWbUs5VnRyLUJ2R1pzN0hXMmVFWmRMbXlNRzVVUlRlQ25GYmtiTzROaU15eUVJSHpjNVdwYXZ1dlNw?oc=5,"Mon, 29 Jun 2026 00:37:00 GMT",China's BYD overtakes Tesla in Europe as Musk backlash and cheaper cars fuel surge The Cool Down,2026-06-29 18:16:22
BYD News,China’s BYD aims to be world’s biggest car firm within five years - The Guardian,https://news.google.com/rss/articles/CBMiiwFBVV95cUxOTmg1Z3A1R0lvVjNDTXlyVEZpZkhBZkpvQWpmdkQ5Ty1qa3NuUlpnQVgxUzdnZ2hvN2ZFQWJlMUhQd3NMeU1ndDdYVXlicW91M0Y4N0xmVlF5dlVFV0hiRGxWeXB2TVFua2FrMC02VlNBUU9kdDVsYnpuVkxXdlpBYVNxX2RkZWhISV93?oc=5,"Wed, 10 Jun 2026 07:00:00 GMT",China’s BYD aims to be world’s biggest car firm within five years The Guardian,2026-06-29 18:16:22
BYD News,BYD Seal 08 Launching Next Week — And It’s Stunning - CleanTechnica,https://news.google.com/rss/articles/CBMijwFBVV95cUxNdEtnakRUTERwRW4zcWN4dllIQXFkbzBrTnBpaXpnU25DZmktNVFwcUEydjJDbUx3R3FWVV9zMTRiam4tN3I4OXJoS2hROHFfckk4Q2xYRUVyLUlTU296TEduWW1FeHdId0J3NWFET0VOMkF0UnN5Q3d6dzVRekh6TXh0UXJfS0t5b3JZamtUOA?oc=5,"Sat, 27 Jun 2026 03:55:46 GMT",BYD Seal 08 Launching Next Week — And It’s Stunning CleanTechnica,2026-06-29 18:16:22
BYD News,"How China Got EVs That Charge in 5 Minutes, and Why the U.S. Likely Won’t - The Information",https://news.google.com/rss/articles/CBMingFBVV95cUxOZ2lKcm1jZnJBUDhoUGtESDdzT0l3OTM3bVRvbkZRTUhwUWtMME51WmFnMElPLV9HR1FOcVQ3V3F4ZDdtMUZMTzVFY2lXdG9HdlRGbGVXSlNwcGRPRGt1TVRHb1BQTDR5SHhmS3hqMGU4TUNmbjY2aEljLXNwNkNrWWNJQlVjYzQzLWduTFZtR2FWLTdSZVNmMHBLSEZqdw?oc=5,"Mon, 29 Jun 2026 16:01:00 GMT","How China Got EVs That Charge in 5 Minutes, and Why the U.S. Likely Won’t The Information",2026-06-29 18:16:22
BYD News,Explainer: The Risks and Rewards of BYD’s EV Investment in Canada - Asia Pacific Foundation of Canada,https://news.google.com/rss/articles/CBMilwFBVV95cUxNMEZWVktGVS1ZeExqTWpHVVNMZXlvRW5TLTV4NDg1X0pBc3FxdzBkRXN2N2QtTlo1V3BPelk2Y0t5Vmx4d2x2TTFWQzNINXV2LXNLZm9MQ2dncmJ2OG9YbV9rS0YxcmE5eWtEQ3lKVkQteERMY3JLOE52Wm1BMWJYNmVpOXA3eGdDRThtcHFhYzVaTHJpSm40?oc=5,"Thu, 25 Jun 2026 23:56:20 GMT",Explainer: The Risks and Rewards of BYD’s EV Investment in Canada Asia Pacific Foundation of Canada,2026-06-29 18:16:22
BYD News,BYD brings plug-in hybrid push to South Korea with Sealion 6 DM-i debut - CnEVPost,https://news.google.com/rss/articles/CBMicEFVX3lxTE04Ui1sZXBXSXhDdDVCNUhVR2ozQU5jTlJwZUt1djZSR3g4T2xmeEluX3I4U3hwYUgwQlQzTFhOQ2plZVJlc0hqaW1xU09laTFMM2lZVXE1Uzg1YlJVa0l0Y3ZwM2RuRUNmTGxfNWRBcE4?oc=5,"Sun, 28 Jun 2026 04:00:00 GMT",BYD brings plug-in hybrid push to South Korea with Sealion 6 DM-i debut CnEVPost,2026-06-29 18:16:22
BYD News,BYD doubles down on Korea with first PHEV - The Korea Herald,https://news.google.com/rss/articles/CBMiV0FVX3lxTFBDM2pXQTVUNzlLTlpuSXRhZTB3T0ltLW1pZEZvT0lCREMzTXdIUlNVR0RQNUVSUV84MGU4X2J6VzhkdlNOMHZtX3dHejlOb2lnZ3ZFRElGdw?oc=5,"Sun, 28 Jun 2026 06:00:00 GMT",BYD doubles down on Korea with first PHEV The Korea Herald,2026-06-29 18:16:22
BYD News,Second worker dies at BYD's Hungary factory already under scrutiny for labor practices - CNBC,https://news.google.com/rss/articles/CBMiqwFBVV95cUxNYVBVSDZsMVNlSE9vZG9FMFo5T09SMkYzOWJjU3J1VV9wSTF0TDBtTG1lREJvVWZSUVU0YmFueXZWNnNOR29FT2xIbG9QTmZPUXFjb1RWVWpCODlRNVBJUVpsUmVoSjVraHdhakxDd21CTmV5UlJmcFFreHh5dXFFeXRFelI1NVpJVnJEUVpQTVF6YzNRSVBCODEwcU1jOEJGVTA5SWlHN3FOZzTSAbABQVVfeXFMTTZzbVFweS15SXFmN3JCOTlJTjQ2QW1yOXR1MnBUanlHLWE5d1kteXR4RXN6YWdmaUhSNXNYbXJqTVduY0F0cTZLSjNMNkpwMU1peWpBemMwY3hSdVNEMDVLWVFoeU1CeHdhTEw4Z1Z1LTRCcmE0bFdNeVNQaHBfME12dlJmRjdyV0kzcTRXOTZxejhYakVsUW1jcmZtdTVpZ3psaHdPbm9wYTFrbEpMQlQ?oc=5,"Thu, 25 Jun 2026 08:19:02 GMT",Second worker dies at BYD's Hungary factory already under scrutiny for labor practices CNBC,2026-06-29 18:16:22
BYD News,BYD is bringing its 5-min ‘Flash’ electric car charging to Canada - Electrek,https://news.google.com/rss/articles/CBMijwFBVV95cUxQY3R6SEUzNENQdklVQkxuZHNWX2xDVzZ2V2cybnlUYXNHZlczRFNybUxwM2dUMkxrRGtLMFhOQlYtNDJUUGlNZ2lvX3VKY0NUb0lURWQ0SjZMb3huSTV3T1BPbnJmSDBPMG12bTJ5V1VvVTFPZnFwUkZQeGZXMTZsdHlPX05jbmlLNHRPU010dw?oc=5,"Wed, 10 Jun 2026 07:00:00 GMT",BYD is bringing its 5-min ‘Flash’ electric car charging to Canada Electrek,2026-06-29 18:16:22
BYD News,Tesla fans called China's BYD cheap — but now Tesla is adopting the mocked playbook - The Cool Down,https://news.google.com/rss/articles/CBMijAFBVV95cUxPLVFIdTNiM2tRdEJYWlU4RDNQS09JWkd6d1dwLW5PZzFxSFN0bmdtS2FjZTNRalE4anVfVDJtLU10TVQ4dktvbVp1aXphR3pJZk5NWnpQaTlscktaakJQUGtveDF4MGlEMVZsUWYwbGgyMmlOMGw4bkZCUGp1WUI5WEtVX1pGalJFVkQ3RA?oc=5,"Sun, 28 Jun 2026 19:44:00 GMT",Tesla fans called China's BYD cheap — but now Tesla is adopting the mocked playbook The Cool Down,2026-06-29 18:16:22
BYD News,Watch a BYD electric sedan do a full tank turn in a hilariously tight space - Electrek,https://news.google.com/rss/articles/CBMiekFVX3lxTE00LUVkNlVPNnJZek01NTRQOVRHeGVxNFBCYkUxd0RlWWt6bkluLUxwakJFZHMtOU81ZnZ4OGF1ZG8zbF9Uemp5ZkpjMk1kLW5idV9uMkRHbDJqOFRiRnMtcjA2OVBPWWY4QUhIY1lZX3VEX2JaeFh6YjJB?oc=5,"Mon, 08 Jun 2026 07:00:00 GMT",Watch a BYD electric sedan do a full tank turn in a hilariously tight space Electrek,2026-06-29 18:16:22
BYD News,"Tech reviewer tries BYD's Atto 1, and says Australia's cheapest EV still feels premium - The Cool Down",https://news.google.com/rss/articles/CBMihgFBVV95cUxPLWFVcnRkaU9hWWRwSXYzNE5wWjA1ZFl4ZnJhUm9JcEswWWdrQ2FXUmF4Szd1a2RNc3RYc0JpMy1SRzFIREd3WEUtWkFsNnJxSWhBeEFJU3Z3c1lSR3U1Qy1xdVBXNllaa1N1ZDJ3NUVyMlo5NUpYWjJKUHFjVndnTGVIR3d0dw?oc=5,"Sat, 27 Jun 2026 20:13:00 GMT","Tech reviewer tries BYD's Atto 1, and says Australia's cheapest EV still feels premium The Cool Down",2026-06-29 18:16:22
BYD News,"Weekly EV Highlights | NIO ES9 Deliveries Top 10,000 Units in 30 Days; Robin Zeng: Solid-State Battery Tech Currently Only at Level 4 - Gasgoo",https://news.google.com/rss/articles/CBMilwJBVV95cUxNWlhRN0VrRzFDZTV6UmdvZWJNTUJ6UldYYlY1VmJtUzB5N1FWUll2a0tCdFNRZFduemQyQlo2TWF5cEpkT2gtdWJHTDFhczFYNEJ4SGROMDdGdmJ5cmlVOWhoSmc2TU1UMmQ4SS1ZT3A5ZmY2V3FLVERRTkVCU3VFeG90cWszVkFkcXNzd0VDUjIxTDEzN3kwT2pJdURuNzNMWDZuNHJ3OHVaRnhPNFVzRTdIM2RpWGlJVjBUSjBYWkhwajNyNUNEMER2ay1DWUJHQmxCdUNuQWhuVDhFZFBYMU9xekZpQ1BIbTNFdm8xaXpRMGxwOEl3elV1MUJJNUJyVVZweldTdVl6OHpTMTRIR2xvLXhJNjg?oc=5,"Mon, 29 Jun 2026 13:38:07 GMT","Weekly EV Highlights | NIO ES9 Deliveries Top 10,000 Units in 30 Days; Robin Zeng: Solid-State Battery Tech Currently Only at Level 4 Gasgoo",2026-06-29 18:16:22
BYD News,Linghui M9 MPV goes on sale as BYD broadens fleet lineup - CnEVPost,https://news.google.com/rss/articles/CBMibEFVX3lxTFBDNWIzcmZtaTFEel9leUJONkxfMUs3NnV2dW96ODJqZ1I4aVBPOWxBSnRTUnl0QVFGd2xFM2d4cjN1NVVWbXdwb1IwWkVOQjA1amlyVFJVa2h0STllaG9CTGM1QmtQTF84RW8ycA?oc=5,"Mon, 29 Jun 2026 03:11:00 GMT",Linghui M9 MPV goes on sale as BYD broadens fleet lineup CnEVPost,2026-06-29 18:16:22
BYD News,Chinese electric vehicles pull into the lead - CBS News,https://news.google.com/rss/articles/CBMib0FVX3lxTFBCZ3pMZUJYTUhQeFlnRHFIcWtiN0VIbEV5NlI1X2JET2cwWnZaQ0N5Q3V4N1VuTlNEVVVNS0V4c1VXZEZLUkRmUUFZSWhTMWNNY29TSnNfZWh2QzVxMmprYjBrekh4aF80ZXpqb19UTdIBdEFVX3lxTE4tM0h2SnhEZzJaalJjeWF1aGVSSkh5RWpfOER3WXdDT3IxRU1zLVpqN2toME5ETkdocERLbE5lVEt6S0FaRXVUQjhySHl2OGs1eWx1RmhmYVpsbXdsWkZXeVpOR3lIdGxOcTdLbVBsaTdBY005?oc=5,"Sun, 12 Apr 2026 07:00:00 GMT",Chinese electric vehicles pull into the lead CBS News,2026-06-29 18:16:22
BYD News,"BYD is taking its luxury electric GT on an over 9,300-mile trip from Europe to Asia - Electrek",https://news.google.com/rss/articles/CBMijAFBVV95cUxQQTNTa1lVblVnTklBbHdYVWFibEJJTklzekVlYTVrSkdCWThUNWZXaDRyU055bnhrZlZod2FNa1ZTM3FSUXR0T18yaThsbk1NbWdJS2plUnpqM1J3b1B5NHI4WW5pOFJnbzVQZEpuSFBRd3VTUHgzb1Voa0FvSURfT2Z4dXl3T1pfVmljSA?oc=5,"Mon, 15 Jun 2026 07:00:00 GMT","BYD is taking its luxury electric GT on an over 9,300-mile trip from Europe to Asia Electrek",2026-06-29 18:16:22
BYD News,China Extends 60-Day Supplier Payment Cap From Autos to Batteries - eletric-vehicles.com,https://news.google.com/rss/articles/CBMipgFBVV95cUxPNzRFdHYxZUFUcDBkZUJ1NEdudjQ2ZFVhaTY0bkNoREJtbUd2VGJPYl9ULXA2cDZ4cGFrSFdFNGFUMEphUks3ZXlxbThFSnRGT1RUTzdHYlF6S2RkRVFaR2dZQkJtRjlPM0JwOS1nQ1FGM2FpaGlFb2hsYV8zbGhhempjMHlTazd1SjZ2V3NCdDREMUxobTRGZlZGZkRmQkQ0cE5NT2Jn?oc=5,"Mon, 29 Jun 2026 11:09:41 GMT",China Extends 60-Day Supplier Payment Cap From Autos to Batteries eletric-vehicles.com,2026-06-29 18:16:22
BYD News,"BYD owner gets stranded twice with 15% showing, and the fix may be a full charge - The Cool Down",https://news.google.com/rss/articles/CBMihwFBVV95cUxQYV9ES2RNLUQ0SFI1eEpuV2haUUZVcTZIaGcwZnVsTmNnNkkzQkhrSzhwTmJJV2RFN255ZU5xOVNvR1IzRmNKQzlodnlxNzFfTWxSZzduWlNDV0Q1V3dBSVBBTFp4OElSOXNNMVhqQzZwc0V3V2VmeURGVFA0dDFrV2FncXpGN0U?oc=5,"Sun, 28 Jun 2026 16:19:00 GMT","BYD owner gets stranded twice with 15% showing, and the fix may be a full charge The Cool Down",2026-06-29 18:16:22
BYD News,"BYD and Chery Yet to Ship EVs to Canada, First Lotus Due in July - eletric-vehicles.com",https://news.google.com/rss/articles/CBMipAFBVV95cUxPMG85ZFpUTWhJQzh3akRfaXJPXzRTVlZvU0pkbDk3d3FzZ09EZ2JGN3o5bG91Unpfc0wtdklUZG9uekhTVFJGSUJuYWo4NG1Eb3ZBakN3SUlZTGlUTFlyT3o1SDBUV0NCRmQ4Vkd4SDJPNGoxbFk3SUtCY0h1ZjVsVHZEWUFMSmRCZG5neW1GUVlDQ3VOSExsZ29NVUtHemdZdjRZaw?oc=5,"Sat, 27 Jun 2026 21:24:23 GMT","BYD and Chery Yet to Ship EVs to Canada, First Lotus Due in July eletric-vehicles.com",2026-06-29 18:16:22
BYD News,BYD Seal tests new driving tech to counter Nvidia dominance - CarNewsChina.com,https://news.google.com/rss/articles/CBMif0FVX3lxTE5SQUxBM3g4eVMtT25WcnozZGtTQzhGQTQ4QlExM2J2VmtDTXNDcVdyRVUxaHVyMHl4Y09FWkhOMFliZ09yMXRacUgzUHlvRmUzM3pzeDN5VXpDMER2RGpGUGs1TU5kOVV2Tkw2UDIzVFlvMlkyUmYzYnVwY3FnY2M?oc=5,"Mon, 29 Jun 2026 01:27:00 GMT",BYD Seal tests new driving tech to counter Nvidia dominance CarNewsChina.com,2026-06-29 18:16:22
BYD News,"BYD outsold Ford, and now it thinks it can catch Toyota as the world’s No. 1 automaker - Electrek",https://news.google.com/rss/articles/CBMijAFBVV95cUxQdlBaYWhNOHc0Nnl4VGpEcEZ4TTYwVWNtZWF5SGFtVjVZWG0yZGNlMnpKZlhZSHoxVUJEZXgyR1B2cEpCMVFWenJqeThJSnRqYUxCUjZKSVFMOWNaX2hLeVE0MWUtdUR6WmlMbEJXMllRT3hvMFFWaXhBYjhMZC1rV1AtM0RsN194aHQ2NQ?oc=5,"Wed, 10 Jun 2026 07:00:00 GMT","BYD outsold Ford, and now it thinks it can catch Toyota as the world’s No. 1 automaker Electrek",2026-06-29 18:16:22
BYD News,"BYD launched Linghui M9 ride-hailing MPV for 27,770 USD in China - CarNewsChina.com",https://news.google.com/rss/articles/CBMiogFBVV95cUxPZjY1QlpWdVJUQjNaaG5jVXdNLWc2WXVYTElIYi1xRUZJRGtVSmZucGZjOWhfR3kyVHJ6MVprZWxSbnVTTUFocmlOYVR6Y2t0S2dPY0F6d3U1RC00STVKQkFlLThnaVJiN0pIVUVWRkRxdWhTajA3UkJnM2VPYklfTm5SSkhfTk5HV2JVSldWa1RsM0M5T2hXUVI3TktBMUQ3TkE?oc=5,"Mon, 29 Jun 2026 08:22:00 GMT","BYD launched Linghui M9 ride-hailing MPV for 27,770 USD in China CarNewsChina.com",2026-06-29 18:16:22
BYD News,A second worker has died at BYD's Hungary EV factory as labor scrutiny mounts - qz.com,https://news.google.com/rss/articles/CBMieEFVX3lxTE9fZTRRVTRvdnhRUmROZkxkMmVpRUdnNnRtLXhLZ1dwS1pMYUlFZWNWMno3N1V4SmJlaDdVQ1VudHVmUDJIS0RJRzFhZTFoZ096QUNUT1NZUkROSGstS2ZSTGUtc0hIR1haVmdVWkpQbkZSeTRWNVVKNw?oc=5,"Thu, 25 Jun 2026 13:54:09 GMT",A second worker has died at BYD's Hungary EV factory as labor scrutiny mounts qz.com,2026-06-29 18:16:22
BYD News,The Rising Chinese Automaker Not Named BYD - The New York Times,https://news.google.com/rss/articles/CBMie0FVX3lxTE84bllpNV8wRkV0bXFLMmxDd2Y2LUdBTHo2M21fQ2VpTHctR2tDMEdIanRYMGN4ZVFkUWM0cUxWdl9MM0JXclpwUEE5R2dKV20xeHpBUVZHbFVNZnd1YTY2TWtZaTNuT0dWUjZQQjQwUzVZbk5HaURmSEhucw?oc=5,"Sun, 17 May 2026 07:00:00 GMT",The Rising Chinese Automaker Not Named BYD The New York Times,2026-06-29 18:16:22
BYD News,"Chinese EVs may hit U.S. within a few years, one way or another - CNBC",https://news.google.com/rss/articles/CBMiggFBVV95cUxQbWlmOFlfVXdrY3F3aEwwaHBadUdsQ25BZVdVek1MTGZlTUFNUUZrU1NJSUtjazVEYzl2aWxDT3NNb3FFMG02bUpUaUZWMGpRWkIwMHBaZWI4MjJnNi1xRG12RThjLXZYdmVsV2UydGpMeW1LRkJ0cmZVUHM2MXRXMjd30gGHAUFVX3lxTE1VWWxFSW0welZvbWhRU09xQVlnbU1LSGsyX2haTlgyaVRPWGg4ZEpVVGxpM0VXMFZNWkIyN3JfaEJrcFJuOUwtOUxJbzdJYTd2c0lOcjk5MkNWQ0d6dm9meDJtcGp4NzZDY0RtaEp2OGtOWTE1Qk9MWFJPWGFkS0xPNURvV3Racw?oc=5,"Sat, 06 Jun 2026 07:00:00 GMT","Chinese EVs may hit U.S. within a few years, one way or another CNBC",2026-06-29 18:16:22
BYD News,Chinese Automakers Ramp Up Celebrity Push to Win Over the West - eletric-vehicles.com,https://news.google.com/rss/articles/CBMiogFBVV95cUxPZTJZYjg2YUpEakw4ZVFXcnVmLW1wUm5MT29Zc3JvTkYwQlFobU1uNjJldS1nOU5JalZ5TzNIYmlJNWZlaHBEVVJqZGJaRXN0bktENXNhdXhOOXNER25BTUt0LTc5bGNRU2xQR1ZMQlJ3OTJwUmtpZEhfRU05UWtaeDBxRWE1NTRwX0Q3N3NFdGhBWVpsa3FNa215YmJwUXdYdlE?oc=5,"Mon, 29 Jun 2026 10:04:03 GMT",Chinese Automakers Ramp Up Celebrity Push to Win Over the West eletric-vehicles.com,2026-06-29 18:16:22
BYD News,Chinese EV battery makers pledge to pay suppliers more quickly - The Standard (HK),https://news.google.com/rss/articles/CBMitwFBVV95cUxOamZMc1RNSHI5Q0NZd1JkRnY4b3BtbnlEeTlzRGNDN1VkVUtrRk5WZ1R1c1JIOFpud1pNaC1DN3FQeFk0ZS1XcE1FaU5PZ3N2VHBjejRjZnZud2hQZ2NHdEEyN0plRjl1S3d0eGtBdGZ4cUZnNXZ1SUY4elB1d0ZUSUlUTExGNkJFQ09veDdKVUJydU1uc1JiZWhJR25pTHo5UkJXUE5jWHgxalByR3EwZjF4blBEd3c?oc=5,"Mon, 29 Jun 2026 09:14:44 GMT",Chinese EV battery makers pledge to pay suppliers more quickly The Standard (HK),2026-06-29 18:16:22
BYD News,"Tesla's arch rival has already won at charging tech. Now, it's testing a self-driving breakthrough - Digital Trends",https://news.google.com/rss/articles/CBMingFBVV95cUxQeWthcTdCQU1zOEJGSVhRWExvQ3c2a3Y0MGdhZm9pV19MZVNGOVdfdXVTY2tCcW5QY1pYS2RzTHIzM1gxX3RWcXo3eTlnV0o4aHNoVlVSVWNmMjIzSDlsOEVURG5LRnVfcFh0UXZTdlNyazlIVGRlOUV2MWkxckpOdEdzRTNXU3Q5V0JDVXVENnZkb0dQN0p3U25vTmVHUQ?oc=5,"Mon, 29 Jun 2026 09:58:30 GMT","Tesla's arch rival has already won at charging tech. Now, it's testing a self-driving breakthrough Digital Trends",2026-06-29 18:16:22
BYD News,BYD outsells Tesla and Kia as the best-selling EV brand in several key overseas markets - Electrek,https://news.google.com/rss/articles/CBMikAFBVV95cUxObVlxdENUT1g1UlEyRkk3SFZ2dXNRZzN2TGhIUUFQQ3dnY05jWXpXdy1CZUxndUJxY0E2UzJXV1lDWkFEUVBVOTdjdzBDckl4NFJ6TzlESF8xcExyc3dfRE1JQ0hnZEpiOVR6X0xLQUJPTlc3SDF6ZzV3cHc2b21rT2VVVEVlZnlSNVhXTnNTZ0g?oc=5,"Tue, 05 May 2026 07:00:00 GMT",BYD outsells Tesla and Kia as the best-selling EV brand in several key overseas markets Electrek,2026-06-29 18:16:22
BYD News,Chinese carmakers ‘knocking at US gate’ from Mexico and Canada - Financial Times,https://news.google.com/rss/articles/CBMihAFBVV95cUxNdkpsNkVLcFhVV2oyTUtOa3VBRnNFOEg0cFZ4a18wUzlDNWE0ME1COFNWQWNRUGk1RkZTT3JreGpzdUpHUVVVaXlGR3R2UEo3dzUybElrQ2ZHLVMwS0hINVFnaDZCNFRNSGVtTFZESHNmS0plS0w2ZDZRQ3RKZktaRTRic3E?oc=5,"Fri, 26 Jun 2026 04:00:46 GMT",Chinese carmakers ‘knocking at US gate’ from Mexico and Canada Financial Times,2026-06-29 18:16:22
BYD News,"BYD Song Ultra EV conquers an over 2,700-mile trip with its new battery and 5-min charging - Electrek",https://news.google.com/rss/articles/CBMimgFBVV95cUxPdGI5c1FUdHJJRVhkaGVLaGhkalJtSUVPdTM4LTAtaS1kUjE5aWh6YkVrYks2c3JtMFBhckRzckpULVdnS0xpN3Uwd0I1M2ZRbERpVzROS19SMHV4ZTJhNHpjUnNXMWJWd3NMd1JPUmRTdVc0N3dRbzJYMF93dVJPaHp1YlF6emFkaFZFWUJqTTZYZ0J6VTZnSzd3?oc=5,"Wed, 20 May 2026 07:00:00 GMT","BYD Song Ultra EV conquers an over 2,700-mile trip with its new battery and 5-min charging Electrek",2026-06-29 18:16:22
BYD News,"2027 BYD Atto 2 small electric SUV gets upgraded in China, switching from front- to rear-wheel drive as it gears up to rival Jaecoo J5 EV and Chery E5 - CarsGuide",https://news.google.com/rss/articles/CBMiwgFBVV95cUxQMm5JaWFzMkJnUTV2anI1N0FnR2NUU2pPMWs5UllieTcyaVpFTjFzUmVPRE9mLVNLZmFvTTNyLXFYN3FUWGY0UURtT1lpMkRyUlVtMF9PWllPTk1qWWhILVNDNGx6ZWFSdmZHR05BWHkzWFZmWC1JdmtmeG9NdFFxQ1JWd3lndWtBc2ZkWGFfeFlKNS05VzB0WjA4Mk9TV2RBXzV6ZklISEtKX0RYUFN2cGt6SElyQy1Ld0R5X00xUmNoQQ?oc=5,"Mon, 29 Jun 2026 01:27:21 GMT","2027 BYD Atto 2 small electric SUV gets upgraded in China, switching from front- to rear-wheel drive as it gears up to rival Jaecoo J5 EV and Chery E5 CarsGuide",2026-06-29 18:16:22
BYD News,"China exports record 448,000 passenger EVs, worth US$9.2 billion, in May 2026 - EV Infrastructure News",https://news.google.com/rss/articles/CBMivgFBVV95cUxNaENlNnY0Q0Z0eWlCc2NicmY4RnZMMmFtMTY4VFQyODFNVWdzOFV3RDZsNnNteXFGVTk2ZlpxLVduUHF6OE13WTZtSnowZTBWbl9xWjB5ZDIyNFhMdDNZQWVDaTh6YUZpbHQySlBOYTlSSldTaEU2Sy1KbUp5ZmdTQndnMlhOXzJVb1lSXzJ0UzR5VElwVXF4TXR1Xy1QSXFxWVRJaFRUVlN2a1Vaa0VIQ19DTTRqQ0ZXVGlweW9B?oc=5,"Fri, 26 Jun 2026 10:33:42 GMT","China exports record 448,000 passenger EVs, worth US$9.2 billion, in May 2026 EV Infrastructure News",2026-06-29 18:16:22
BYD News,BYD sales plunge in first two months of 2026 as EV giant loses more ground to competitors - CNBC,https://news.google.com/rss/articles/CBMimAFBVV95cUxPZGUydlFnOWJneHhuMGx4WWxHR3ZyTU9oVlFGRWtwZVFWVUFUUVd2Y2pmZ0JZMGRkcEwzZF9HbDhsckJsdTZPNi1DUFBFODVKNlFER01jUWZuMUtsOS1CUERqWDQ4UndxTlN2WEZDbGFMd0FXQmFFUmY2amdVeDl6aldnNlFZaWtBbWhUMEdaMk9yRGFXOXZuNtIBngFBVV95cUxQSS05Y0JSblFhZElSWWZhSnJkLXZ3MmJZMGhFOU5WTGwzWXBSRDdsY1U3NmZHTTlFM3B4ejFURV9xWXAydmRXTklzYVVobV9GUGlLelJhUGxNMXU0eC1GYmdvTmI2dFVoQVNEQWE4bUpOMDJKVTV2dHNpNlVmTzZoMGpVZEhCRjllV1RyU1phakNmVGlMbklWbFVROTdvQQ?oc=5,"Thu, 05 Mar 2026 08:00:00 GMT",BYD sales plunge in first two months of 2026 as EV giant loses more ground to competitors CNBC,2026-06-29 18:16:22
BYD News,BYD gains traction in Canada even before 1st sale - Automotive News,https://news.google.com/rss/articles/CBMif0FVX3lxTE85MjNHZGJCTUI1ZWFxemZoS3BOQmIwcVpzYVFXc3RVUjJhTVlZYWVJQU9GbkRwc290dkVIVjBZRl82dUFBR2tvQUJvZ09IaEVac3F5aVBUbnRTenotT1RDZHFPMW16Q252MlpLT0xQRkVLdzAwaTZtTUhlejdQb0U?oc=5,"Wed, 15 Apr 2026 07:00:00 GMT",BYD gains traction in Canada even before 1st sale Automotive News,2026-06-29 18:16:22
BYD News,"EV sales hit record 20 pct share in May, as Tesla, BYD, Jaecoo and Geely surge and diesel utes slump - The Driven",https://news.google.com/rss/articles/CBMiygFBVV95cUxQUVFINU5EdnlxRzI1SWtETm5xSmF1QUtpQ25UQUNZRFJqTV9Tc1dsU2JBSUl5U0pDQThLRTF5YzdvZ1dPMFRoWTJYVVZXNm9lYjgzbDRGWHpIbDZqdERXT0VRN29ORS1kZ1Jtd2haZkx6SkFiT0hjSzNVVFR3NXkyaEUwclVuY0FOeTVDRzBnR0hVZ1F2bHVRSnFCT3NEWGpYd1pfR2JUWlY1bUkzZ2RpMHdpT0IyNHdkZi14cC1zWWFzRG1HdEhtMTl3?oc=5,"Wed, 03 Jun 2026 07:00:00 GMT","EV sales hit record 20 pct share in May, as Tesla, BYD, Jaecoo and Geely surge and diesel utes slump The Driven",2026-06-29 18:16:22
BYD News,BYD to spend €2bn to build out 5-minute flash chargers in Europe - Financial Times,https://news.google.com/rss/articles/CBMihAFBVV95cUxQZkxnOG5URFo0ZUh3Z1JVYXo1cUNNRjNLaDRLTGU4cGpleEI5enB3UUQyX2NJTk9CTzE3V3BTV19zbTgwaW1hb0NmWHlodFB0VzNUSXBGbkZKdVgwVkNjU3drQ21pUXZXRHRsWF9MTVV4b09qNjdqb2VVc2JjTXctdXowc0w?oc=5,"Tue, 09 Jun 2026 07:00:00 GMT",BYD to spend €2bn to build out 5-minute flash chargers in Europe Financial Times,2026-06-29 18:16:22
BYD News,"BYD reveals the ‘world’s longest-range EV’ that can drive 1,036 km on a single charge - Electrek",https://news.google.com/rss/articles/CBMilAFBVV95cUxNUWNTaVA0Qlk5cDZBZk8tZ0hlbnJIU1dHSm5aRW1Zd29OcUFtSnJ3X1UwMUVVU0l6Zk1tS2ZzVldaSkk0TGIwblZtV3BTN2tISVowUUdESExZQmYzb3RqanZ1M3hISEpEVGtSMXh1WC1rdUVhbW1WZUw2R2JxME5Mb1Q3a3BXUmZHQ19SQVRieFpWdk4w?oc=5,"Mon, 02 Mar 2026 08:00:00 GMT","BYD reveals the ‘world’s longest-range EV’ that can drive 1,036 km on a single charge Electrek",2026-06-29 18:16:22
BYD News,BYD sales slide in China’s new EV market - Autovista24,https://news.google.com/rss/articles/CBMijAFBVV95cUxPRFhxanNlUnJOUl9NOTl1b05oVjNnT0FkZ3JnN3JURlJ1SkdsNTRydzRzSnROS2J1NkhnMnZmWlQ2ejR0MTlxR1hGZ2ZfQVV4TjlROVhITXBFSHFPbGFfYktpdEllWk1qMFlxNHNiOXEwN3VxRXljaWZHRXRuMHhUSHRKbDBja29xNjJIZA?oc=5,"Tue, 19 May 2026 07:00:00 GMT",BYD sales slide in China’s new EV market Autovista24,2026-06-29 18:16:22
BYD News,BYD looking to build 5-minute EV charging network in Canada - driving.ca,https://news.google.com/rss/articles/CBMikgFBVV95cUxPbnBSeWEzNmI4X3RKTUJnODFzVjk5OE9QS0pfTE1QSlM1SmxOMFl0SEltY0RuaHpjS0VadzZVbkRLTUNnLUl1YlBEcm80MWcyODNhRGJrWVhtMHlWbzlHZEVwN2hRSGZjQ3NUSmpiTk1aOUxXaGdVcGdRaEc4V0Q5WmNLN3lIQjgtWnNSNW1fN1BSUQ?oc=5,"Fri, 12 Jun 2026 07:00:00 GMT",BYD looking to build 5-minute EV charging network in Canada driving.ca,2026-06-29 18:16:22
BYD News,BYD drivers in Vietnam gain access to FUTA EV Power charging network - Tuoi Tre News | The News Gateway to Vietnam,https://news.google.com/rss/articles/CBMitgFBVV95cUxNX2dIOU5IWDVGSXZBUW5nNDlVbk9XZlhZWkdhV19rN0ZBTTJRUy1YczVaQUhyQzlzYWJBX29jMW4xSTBXZndRUS1ObFF3MXlCS25iWXpNd1NKN2toMHVQc0Q4SU1zVG5RR0NRaDZkeGFyZ1hwR0FobWpqUGE0Wm9udklOZHFTUVVEMkM1aDAzSTZyTE1hV3NsWElWTjNNTENOS1NlZ1kzZjF6MkxwMDRkaUZaRllTdw?oc=5,"Mon, 29 Jun 2026 09:40:00 GMT",BYD drivers in Vietnam gain access to FUTA EV Power charging network Tuoi Tre News | The News Gateway to Vietnam,2026-06-29 18:16:22
BYD News,Chinese EVs take the world by storm — except in the United States - NBC News,https://news.google.com/rss/articles/CBMikgFBVV95cUxNRUxIczI0b2QwZEF3WmZBUXlSNVlqSDBPaDBGeVViNE5FUVJsS2RYd3BGRV9FWVRHUGtSVG1VelF0V0FxZllRSFZjYmtMV2s4TWI3LU1YeTZGRkRjV2xBeWpTaUV2OFhGYVN0NHVjMWpZV1V6bGRzblg4bmdRNkZWRl9sY0lCQ1JXbF8tOVh4V1JMUQ?oc=5,"Tue, 12 May 2026 07:00:00 GMT",Chinese EVs take the world by storm — except in the United States NBC News,2026-06-29 18:16:22
BYD News,Chinese electric vehicles pull into the lead - CBS News,https://news.google.com/rss/articles/CBMigAFBVV95cUxPeXo1amlmZ2ZPbTF3YjdVQ0pIaW5LQjZRWlZJRXdHT0tpQ3V1bUc5aWRnUUVCRE4zajFYc2hGb1pmZU93Y0Jjb2RrSDRDTlFvSm13UUpLREhDbHctc0phTFhqMkl2OGIzdkc3RWZhVUQzeTV3RXBEQk1SVDNMWFNMMA?oc=5,"Sun, 12 Apr 2026 07:00:00 GMT",Chinese electric vehicles pull into the lead CBS News,2026-06-29 18:16:22
BYD News,BYD Claims Five-Minute EV Charging with New Battery Tech - Autoweek,https://news.google.com/rss/articles/CBMid0FVX3lxTFBJM2tFR1kzcFJUZXZhMGQ4Qlg3ZzhvbTY1QXdNd2RyTHNTSmxQcGt5eXFHTXBUd2tTNzVITnVCZ3pMQjFycDBSMDU5ZDJDaS1obzhxN2ZoOGI5WVhlTDltVjJ3b2R5WDdOWENDNUFiNVhLUnlwOThv?oc=5,"Fri, 06 Mar 2026 08:00:00 GMT",BYD Claims Five-Minute EV Charging with New Battery Tech Autoweek,2026-06-29 18:16:22
BYD News,"BYD legal sweep extracts 80,800 USD from defamatory automotive influencers in China - CarNewsChina.com",https://news.google.com/rss/articles/CBMiuwFBVV95cUxQMkFBdVRVNjVFYy1tX0ljTlZNSDh1aEYxamFnNEQ0NEMySnJYd21SV0ZqZXBLVTJjUjVDTHV0RkdURV9BWm5palF1bldfTG5qSzBVSWUyU2hHUWJsamlDZjY2Q1R5NERxS3hrSGlQMUkyb29ab3FhdDE3YWJEejJQYXItcC1IcGhuaEsweFZMZTJoSEVpUWVOcDVmcV9qM2VTM2hRVm1vOEJIQm9lQV9QY25IUDBOdFJGdlhn?oc=5,"Fri, 26 Jun 2026 14:30:00 GMT","BYD legal sweep extracts 80,800 USD from defamatory automotive influencers in China CarNewsChina.com",2026-06-29 18:16:22
BYD News,Busan Mobility Show 2026: Hyundai Reveals 2027 Elantra as BYD Enters Korea - Tech Times,https://news.google.com/rss/articles/CBMiwwFBVV95cUxQN3A4N2pzaUdUYV9UbXhCME1mb2lmOG1kY0g5ci14QjBtYTNEQ2I1MDY5ODZvSFRaVldzeGt2MDZjcE5ZSDd3WENpQmNqeFlWTXMtNGxjcGNpRDF5ZE5iZzB1UUdKMG9qaHRmc1R5VFEzLWEtWjFhODVMeTlCRldyY01FUlB6RlRtRFlEbjFKQ2JvSE8zUllWRGdwSUNGTzZPSmtpa0EzN2dzbWVjbXdXcDVVUWx5Z21uc0ZGVTZSQUhSWjA?oc=5,"Fri, 26 Jun 2026 10:20:48 GMT",Busan Mobility Show 2026: Hyundai Reveals 2027 Elantra as BYD Enters Korea Tech Times,2026-06-29 18:16:22
BYD News,"BYD plans 2027 debut of in-house smart driving chip on Denza cars, report says - CnEVPost",https://news.google.com/rss/articles/CBMif0FVX3lxTE1TN25WX1lwMXg4dGlrdHY3ZDZOUXZiSUkyTFJfMVN3N3RTcThyZmVLekxQV2ZVUVBwVHlTYUxnNUxWNmg1VFNSeXFZek5hT245TmpJVUF1cjRnZUJ1RnlxM0l2R0RDTTBreWZXb2tKbVZCWWJiUmp2VmV4eEhxam8?oc=5,"Sun, 28 Jun 2026 14:08:40 GMT","BYD plans 2027 debut of in-house smart driving chip on Denza cars, report says CnEVPost",2026-06-29 18:16:22
BYD News,"BYD Gains Ground Globally as EV Sales Surge, Just Not it the US - Autoweek",https://news.google.com/rss/articles/CBMidEFVX3lxTFBxVlc4N0o5SjA3VjZCTURNWHgtSmJEMFFlcnd2TEIwdm1CN0dJYjR1OGJOX2Q2dnBVc1JFYVE3NXk0WVpncXFuSmZ0aEl6a1RMdFQ0TWgyQ2F4N3lheGJRSDlwMU1xeXlPVDJvczUxS0FwQ0Mx?oc=5,"Wed, 06 May 2026 07:00:00 GMT","BYD Gains Ground Globally as EV Sales Surge, Just Not it the US Autoweek",2026-06-29 18:16:22
BYD News,BYD Dolphin Surf Driven: The Cheap Chinese EV Makes a Splash in Europe - Car and Driver,https://news.google.com/rss/articles/CBMigAFBVV95cUxQeFgzeDZ3QWZwcnJqZ3RWQ3RTa3pPUGh0T05YamVCOWhqNWpiYWhZMWg0UG1SQU9yS0tXWTRFZDNLRk40U1NRWTdyamhBVVRSX19rX0d1ei1Sd2FnX01xZkRDSERNNzRCNnpnTmpicVE3WEtuOEYtUGU2OHJoQjRZMQ?oc=5,"Fri, 24 Apr 2026 07:00:00 GMT",BYD Dolphin Surf Driven: The Cheap Chinese EV Makes a Splash in Europe Car and Driver,2026-06-29 18:16:22
BYD News,BYD Signals Plans to Bring Ultra-Luxury Yangwang Brand to South Korea - Koreabizwire,https://news.google.com/rss/articles/CBMiogFBVV95cUxPN1lSVEFXOWxHUGJFYnFrZGZtZVJIaVlQbjBOaWRscmc0NkN4OGUyLVNqbDlDZjR6aWpLNEthNFdWMDR4MkViMHFYdW9fc3Y5LW53VEt4LTc5cjZJUUVJU3JsM0dKUkt0T0d3MHBoQnNnb1FYUldQOFQwX2F4VW45YTdaNUJIa2xZRU84WmluaUVadnc0WW5vRzdOM0xreEZPMlE?oc=5,"Mon, 29 Jun 2026 00:01:28 GMT",BYD Signals Plans to Bring Ultra-Luxury Yangwang Brand to South Korea Koreabizwire,2026-06-29 18:16:22
BYD News,China’s EV Boom Shows Strain as BYD Slips - Autoweek,https://news.google.com/rss/articles/CBMie0FVX3lxTFBiZzVwTDNLeWlqRzVlSWlxcF8yV0VzZjJFUjBJYVMwUTlDZ3dwQW9ydFBNMHBMOUkzV05zRjM2MWVObVpFdGJpZ1R0LUFGNkRnTDUtci14RkFKSHRZc1NPV2JXVk9nRmQzT09zTU01dF9XbDhmNTUzRzI2OA?oc=5,"Wed, 15 Apr 2026 07:00:00 GMT",China’s EV Boom Shows Strain as BYD Slips Autoweek,2026-06-29 18:16:22
BYD News,São Paulo introduces 265 BYD e-buses within a 500-units delivery - Sustainable Bus,https://news.google.com/rss/articles/CBMigwFBVV95cUxNRVZHajJuRzVZZ01TcTl1THd1QTV4WEJiRnM0aVBRRlNXZXVhMktub2lMa0N4TmtuY2tYbnVSdVk4TjY1Uk83YXdOVEtudHhmVFNaV1pTMHhycl9TNjduTjJDdnZiRmMydWlRLW16QW5CcWNUTF9sN0RoZ3RYNEY0eUd5TQ?oc=5,"Fri, 26 Jun 2026 12:56:58 GMT",São Paulo introduces 265 BYD e-buses within a 500-units delivery Sustainable Bus,2026-06-29 18:16:22
BYD News,"BYD Becomes UK’s Best-Selling EV Brand With 12,754 Sales Year-to-Date - The EV Report",https://news.google.com/rss/articles/CBMilgFBVV95cUxNdV9pRVBVZ3BmbngtMnkwYUdmc2tldkVnOEh2eFZGN05RVUdFX01DY05GSFFwWndKc1pTS1ZLNUNBV2hNSXhrbFoxd2syTllXYVdHNlUtZmxGSHdCeHRLay1rbVlaUG1KSlI0c3RDXzl0a1pIUEhlRGVHWk9ERnBWNTRBdUhtOElJSUIwWU1zcjY5ek5CZmc?oc=5,"Tue, 05 May 2026 07:00:00 GMT","BYD Becomes UK’s Best-Selling EV Brand With 12,754 Sales Year-to-Date The EV Report",2026-06-29 18:16:22
BYD News,BYD Might Have Just Solved the Biggest Problem With Electric Vehicles - inc.com,https://news.google.com/rss/articles/CBMiswFBVV95cUxNd29FNm5nS3NfQ1JBRm5qQTQ4cHkxNnZ0b19mS3BQYThLdFoxdnFiQjhOM3RoM0dHTmJHZ1BtbW9ZdS1ieXpaNGMtbTJYZ1k2LTFYdjRtZzk2V1J5NmhNQXgxWkJlX1l3akdpVDgzZU5CLXFVTkx1aFZ2UjBWdVNKSEtVVE5EWDRxd1YxX3d4Tmt4OXVQLUxfMUxyODhHM2RZRkY1ZFdLeElEX00teG1QRzRpVQ?oc=5,"Fri, 13 Mar 2026 07:00:00 GMT",BYD Might Have Just Solved the Biggest Problem With Electric Vehicles inc.com,2026-06-29 18:16:22
BYD News,Pentagon labels tech giant Alibaba and electric car maker BYD as aiding Chinese military - Washington Times,https://news.google.com/rss/articles/CBMiswFBVV95cUxNZ2MyZmZKdWJ4X3dqeDBsd0cybk9uM3AyTlExcGV6VzNyME1uem5qR3pRWDc2MFJpWjhscWVsSzU4OGdkWmdTeVNsbVVORWZNek8tNS03UWIxZEc3Q1FaSjQ4aFlub044MV9PZUJPelJfd1AtdjZtbkhWalNTZ0hDRTZ2QTI4MnE4bDhGMG9SZ0tvQjBnYUVJTk5xT3dDZllxSlBTcTRyZW92LW45UmxpdXFGMA?oc=5,"Mon, 08 Jun 2026 07:00:00 GMT",Pentagon labels tech giant Alibaba and electric car maker BYD as aiding Chinese military Washington Times,2026-06-29 18:16:22
BYD News,"BYD’s biggest EV to date attracts 30,000 pre-orders in 24 hours, starting at $A51,000 - The Driven",https://news.google.com/rss/articles/CBMiswFBVV95cUxOWGlTQWs3d29nMU05RkFfeWxpTERTSjA5V0RMQW9LZFFoVzBzS25RTktncGdIU3dkMVpMU1hQRU1CMlFLTG1VNkZlMHpaeVd1cXlmQWVrTmlMdWVmV1hDU2pnWnZQbC0tRGZzRThLOFlKOWFBeG4xemtvbXBmdFZYVk54SjdNUVJET01Kb2JiM0JEa2toVF9GR1p3b1hvd1c1eTFLNFlTS3VqbkszamJCTlVCVQ?oc=5,"Mon, 27 Apr 2026 07:00:00 GMT","BYD’s biggest EV to date attracts 30,000 pre-orders in 24 hours, starting at $A51,000 The Driven",2026-06-29 18:16:22
BYD News,"Brazil blacklists BYD, some foreign brands may exit China: 7 EV reads - South China Morning Post",https://news.google.com/rss/articles/CBMi0AFBVV95cUxOWW0yaHZXOTRYX0VzN29BNHpvSHRId0x2TVI0bU1RWHA4ZHQ0UF9OVlo1dXVEeXJSYkM0dEgxOTBjcHVCUDZua3VVbWxyZnQ2ZmNzN3pBV1N4T2tkeUpDTEdVcENHTEtwbFoyMy1wc2c3Q2NXTDNlMkMzYjlaUzZ6TWdHdXg5V3JRXzVRR1RXTFAzVzFrWTlYQUhBNmFnN2E2ZWF6OHZZOTBwVWV5aWcwMWU5cjlCT2RRUFFPTFZsdkVERkxULTFnUFNvU3lWV3Bq0gHQAUFVX3lxTE9iamFINEpUM1g0VDBManY3RjEwTzVNaTJnYWU0cjcyeVNIY0FGMUQ2SGxBV1JhZnotMGhSb0ZLdHlKWV9FenpVWUIxblVLSlFNVElBVjhZVDU0NEViTmExb292SDE2UTk4aGktXy16NXU4dGhobGFsUXp0eVJCZkp2dHpnNFJtdFNTWlZnU09Yc2x0cWNfV01ZQXNoSUVpLVdsdXpIODlFdGE0ck50MExEaVEzZV9HOGhJN21zaVNJZXBqYk5WNWE5ekRwa2lraWo?oc=5,"Wed, 15 Apr 2026 07:00:00 GMT","Brazil blacklists BYD, some foreign brands may exit China: 7 EV reads South China Morning Post",2026-06-29 18:16:22
BYD News,"Over 100,000 orders in two weeks: BYD's new flagship EV stuns with low price tag - Yahoo Autos",https://news.google.com/rss/articles/CBMilAFBVV95cUxNa2hGSEo0VHZ1Mm4wR2dEUGZ3WjhGLUNEbHpYVzhCb0JRdUdjcG9waGw5bUtObTdSVlhaUWtySXJMVEZOTjZwOVFpaHBoME02Wi1Ga1Q1dng4WVcyamI2ZG9FZ2swTWJxaTBnZDcxQ2xTcGpZOF9ZVk5CZDRoTkdld1ZYRm9XQmNlZ0FseVlTSnVMNWRM?oc=5,"Sun, 10 May 2026 07:00:00 GMT","Over 100,000 orders in two weeks: BYD's new flagship EV stuns with low price tag Yahoo Autos",2026-06-29 18:16:22
BYD News,China’s BYD Surpasses Tesla as World Leader in Electric Car Sales - The New York Times,https://news.google.com/rss/articles/CBMimAFBVV95cUxQTVlXVUdoRFVRS1dPTTV3Y0R4VHJoYktJWllyZ3VtOWNsTTNjcjIwVzFOM05YRTlOd3NhTlZYWFQxN1pycnpwd251M3QwUmg2aGI4TlFHV1lVOGZhd3FfZmw0OUxfWEtUMFZ5cWx1UFNXN2xpUDBSdnJseW5IZGoyQk1STzNIdGE3SjZjbTlTWmg4aS1lNVJzOA?oc=5,"Fri, 02 Jan 2026 08:00:00 GMT",China’s BYD Surpasses Tesla as World Leader in Electric Car Sales The New York Times,2026-06-29 18:16:22
BYD News,"Will It Crush Korean Cars? ... At 37.5 Million Won, It’s Not Cheap — It’s a Bargain: BYD’s Price War [Carshalling] - 매일경제",https://news.google.com/rss/articles/CBMiU0FVX3lxTE1Lc180Ti1GOUtnMzM0Y0ZucFdrbW9EY29yT3hNRFVJZ3hlUV9tbVJnOFNSaWdRVk1TQlpZSXBvb1BXSnNTVEJ6TEcySUVyUmZpS25Z?oc=5,"Fri, 26 Jun 2026 05:02:51 GMT","Will It Crush Korean Cars? ... At 37.5 Million Won, It’s Not Cheap — It’s a Bargain: BYD’s Price War [Carshalling] 매일경제",2026-06-29 18:16:22
BYD News,BYD shuns price war in South Africa to build EV brand - Reuters,https://news.google.com/rss/articles/CBMiswFBVV95cUxOempTVkZ6NWNuVlRGaTJUZmlWNzhFUU9USU81ZWZGWFRWOEFEdER5cl85bzF3QVpNZjl3ZnYwa0NBVm5DYnhWbEFMdnFOSE1nOTVSU1JJSW1kNllKQ0xlSEZmVkhINERNbGRSNVRNZFlEc0J3c1ExbE5JUDIyczltMUxYYmFERHRoOUpqN3VqNzhlQ3JDSm5UTWVPNFEtYk01YkJNQ0xCWm01WmNwRHktc1gxZw?oc=5,"Wed, 15 Apr 2026 07:00:00 GMT",BYD shuns price war in South Africa to build EV brand Reuters,2026-06-29 18:16:22
BYD News,"China's BYD EV secures over 30,000 orders in first 24 hours - Yahoo Autos",https://news.google.com/rss/articles/CBMimAFBVV95cUxPRjdqcXRTU0hPVjJmN1lWQUJ3TnJ5YUFoTWVOVnctOFlaeTY5REFaanR1MERCWHVyaXdPd3ktMlBXYjVkZGtGT19aZWFLQ3pxSkxBZzVFV2NCS2xuYzBEejdvM0NaczhKcy1xR285c2tfYUZEZG5YWHNYeFVuX283N19naTV1NzV2OEE3S3c3TUlGcGFIYUgyTQ?oc=5,"Wed, 29 Apr 2026 07:00:00 GMT","China's BYD EV secures over 30,000 orders in first 24 hours Yahoo Autos",2026-06-29 18:16:22
BYD News,BYD Drops Its Cheapest EV Sedan in Australia - zecar,https://news.google.com/rss/articles/CBMiekFVX3lxTE5yUjlhZGVKRS1qdFh4bEN1ZTBiM1cwSVo0bWFVR3l0YWlvQU9ESDlSS0hjWFNwOXpUX0w1QXgzT0VRak9xRUpxM0Vvclp5TldLMWJvZ2ZMRVc1a0N4ZU8xbDlVUlpDWGJUc3AtdVctazdGWTUzMjVMeEh3?oc=5,"Thu, 25 Jun 2026 11:34:03 GMT",BYD Drops Its Cheapest EV Sedan in Australia zecar,2026-06-29 18:16:22
BYD News,BYD’s smallest and cheapest electric car gets LiDAR self-driving tech - The Driven,https://news.google.com/rss/articles/CBMiowFBVV95cUxPdUJGck1NMTF0bDFUU3g4emNTVW8xRGxuVkd5c0lVdmxhbzctRk5JZllhRWRiemZhTXhKSm9sV0VKekE1TnlHSXBJRlJGRUdfVDd1MDM3X0s2THFfSVRkbXBnaTYyYy1qdkdncC1WbURCck1wMkVmYmVZUVJSdWF5c0E5NE9NRFd4d3JKVndfck9EdHYwY3NGbjNZRVZKSnpZWWpV?oc=5,"Tue, 12 May 2026 07:00:00 GMT",BYD’s smallest and cheapest electric car gets LiDAR self-driving tech The Driven,2026-06-29 18:16:22
BYD News,Driving BYD’s EV story with Stella Li - Fastmarkets,https://news.google.com/rss/articles/CBMieEFVX3lxTE5WdEZ0eS12a2gwaUY0N1FaN19EZ3E3T1dJRVRPQ0RQMG5RMnJ2YzRROWJtNHlNaU9OWnBRWE1aSi1tUkNEY3FUSll6aFFMYng0bmdJTXVsMTJqamJaa2ZDOFlfc0VFU3RxeF8zTDY0VENDb0U0d0w4aw?oc=5,"Tue, 28 Apr 2026 07:00:00 GMT",Driving BYD’s EV story with Stella Li Fastmarkets,2026-06-29 18:16:22
BYD News,"BYD Sells 4.6 Million Vehicles in 2025, Meets Revised Sales Goal - Bloomberg.com",https://news.google.com/rss/articles/CBMitAFBVV95cUxPcmtrY095ZnVtcU9Wam4xZHdkUERuV0hDRzYweGtnRWNDM0FKZDBzUGlXLTUxM1NsbVFtXzVhMUN2U0c1ZlFTTXhUUnVxMWFPUDlEbmJheDRGNUw2NFlJOGNONG54QngwNlBuM3ktV1JHV2xlS0w1YlZsbjFPTkQ4TXBNekpZVzdPdGpQQkZvcnRSNUVTSFNCOGVDMHJ5SDE0R002R2R3QjM0M2ZrVDdHVXUtd3A?oc=5,"Thu, 01 Jan 2026 08:00:00 GMT","BYD Sells 4.6 Million Vehicles in 2025, Meets Revised Sales Goal Bloomberg.com",2026-06-29 18:16:22
BYD News,BYD chairman warns China’s EV industry entering ‘knockout stage’ for weaker players as profit falls 19% - Automotive News,https://news.google.com/rss/articles/CBMiogFBVV95cUxPanNOdEV5Z05DUEtuZDdWN0VHUUpjTjNSd1RnODRCTlhQVGwtN0E4ckkxZFRXRU9OTl9hVTI3M0FYMjJkSHJuZGU4S2RVT21HSkk1TGpGbFpWRkxmdHFNbkEyQXdNNUhOblU1cGp6SFAzcWhLT0hzaWp2T1hmNy1WZE54bkFwQUVsZVNLY3A4amhDME9ONHlYcjJCM2ZOSlAwclE?oc=5,"Wed, 01 Apr 2026 07:00:00 GMT",BYD chairman warns China’s EV industry entering ‘knockout stage’ for weaker players as profit falls 19% Automotive News,2026-06-29 18:16:22
BYD News,This Is Quickly Becoming The Most Popular EV Brand Worldwide In 2026 - bgr.com,https://news.google.com/rss/articles/CBMiigFBVV95cUxPcUZZWkhLUFc0Q0RjWS1KMUJGZU04dzBRUGdhcHFhUzZKRktQMWVjUHNiNTZ2ZjBiNm5BN3JnUFJ3aU9JdjNUcEhUVDVFRE1TRDhaaFcyYWJvbTVLVVFYN3N4enRhTjdxMG1ybUxpQXJub2FfaVIxY0VpZlZzamxPMzFwelMzV2xrOUE?oc=5,"Tue, 12 May 2026 07:00:00 GMT",This Is Quickly Becoming The Most Popular EV Brand Worldwide In 2026 bgr.com,2026-06-29 18:16:22
BYD News,Tesla outraces China’s BYD in pure electric car sales to regain world’s top spot - South China Morning Post,https://news.google.com/rss/articles/CBMizgFBVV95cUxPVUYwNFJYeXVyLWlxY3VaTXJENTVzcmJDRHZVMGx5UGJkaGpEY2dmLVVLMmhuS1BCb1d3OWJ2QXAtb1ZOYWFRNkRrSTBQdWV6UkF1OHIzLWtsUGxMbE9ZWkRERzh2X0dqRDJjR0t4dEswemRiN0ZkMjNyclhzODI3NjZCeWp1bGJRb2FvWkZvMndJa2QxNmhhcFdoRE5aLVk1aXNaZ3UzSHZuclBXcDl3ODNYUVg3N3c2VnNual9HMTNVcnF2NWVQcFJaMU1oUdIBzgFBVV95cUxNVWVTbi1VOGJwd1MwNmN5QUpWcW8zbWtiTjBib0djOG1QakE4cGdPS0V2bzVzQWs0d0NWY0ktZmtxcnBBS01xdFBHMUxDcDNmaFJxREpKbmJmczBFcXd0QW9uOXpud3FCUjV1Y2F5TzNQeHpFNFNjV3BuR2NHTVFib3Z6M0NNRVNvV1BLTGZEZTNRVEh5NmtKdDcwMDY3M3FPTnMtZllYVnpidUluTjhuOW1scWJqM0R0NlA2NUlBWEYzZkRQb3VTWUlWVkpIQQ?oc=5,"Fri, 03 Apr 2026 07:00:00 GMT",Tesla outraces China’s BYD in pure electric car sales to regain world’s top spot South China Morning Post,2026-06-29 18:16:22
BYD News,BYD Led China’s EV Boom. Now It Has Some Bad News - InsideEVs,https://news.google.com/rss/articles/CBMicEFVX3lxTFBBYU1rT3BNUlBLWkx1akZPV1Z4LVhCNW1ycjFUbmJ2U2daVDJfb2hNU3dTOGQwLTFBUFl0YllMNkV3em5zUGpiY0pIamE3TGxhR1lEcmFsUWdOMTd3YWJVUElnOTRXLUFvZnMxWUV1MlY?oc=5,"Fri, 06 Feb 2026 08:00:00 GMT",BYD Led China’s EV Boom. Now It Has Some Bad News InsideEVs,2026-06-29 18:16:22
BYD News,‘The only thing that terrifies me is BYD’: Politicians quake at Chinese EVs - Politico,https://news.google.com/rss/articles/CBMilgFBVV95cUxOVzE0dUpHb3NWMWJiMzVrTkpjVXlKTkZzQjdLcEx3SGxhSXl0Z3FwV2w1RldRTS1LSTR2LWtUSFRSV18waHQ5YkNtOV8wbXE3VVpZTVNvb2U0ekxDdjBrUjVheTh5a1B3aXcwSE1XTnhpamhSZS10ZHl1Q0c1cDlPNGlQTEtacnJPdGl5Vi1EVHBXMk1KWlE?oc=5,"Wed, 13 May 2026 07:00:00 GMT",‘The only thing that terrifies me is BYD’: Politicians quake at Chinese EVs Politico,2026-06-29 18:16:22
BYD News,BYD warning as electric vehicles in the firing line of tax changes slated for federal budget: 'Full tilt' - Yahoo Finance Australia,https://news.google.com/rss/articles/CBMi5gFBVV95cUxPSl9hSlZlY0tXVGZiNVpjaVBzSjNwQlhIZnRLb2tyOXQyazEweTFTSUhyMnlvWktGTVJUQmxFVF9Ec1pHQXNULUxmOS1lMldsQVZXRElRODZUamdrbTEyWlpXeDc2Z0xidkNxOGdGTXM2QTh6aTkyU2V5Ukt0V1dvaEdaREliazFsQjktSjd4NGNKUk9WYXBERno2Yi1LRXJFbFo1dHBYdHlFX1RsajZmN1NzcWNCcHNhNENxZHprcVplTUFFY2xMTUNvRnJkZzdnLXducHNTN3lYY3RmQ1NEMDVCSzZiZw?oc=5,"Tue, 24 Mar 2026 07:00:00 GMT",BYD warning as electric vehicles in the firing line of tax changes slated for federal budget: 'Full tilt' Yahoo Finance Australia,2026-06-29 18:16:22
BYD News,China's Tesla-Crushing EV Company Creeps Into U.S. Market - Investor's Business Daily,https://news.google.com/rss/articles/CBMilwFBVV95cUxNbGpDXzJJWEFneG1MZkRiT0VTR2FHSHlsWXk0bjVBcVBZRzNvYkhncWVUOVZYX1VIOHVNbHBJRnhfc2phZzdRRWl2VldtOWlsY0lqRG40cUNYX3diSDNEZ3FrVnpvQUlzbzRYaHRZbTIwZ0RJREZfTlJxd3FCa1BQVHNldlBiVVZUbXZ2X1hra3NQTzd5bW5r?oc=5,"Thu, 15 Jan 2026 08:00:00 GMT",China's Tesla-Crushing EV Company Creeps Into U.S. Market Investor's Business Daily,2026-06-29 18:16:22
BYD News,"Bangladesh rolls out EV incentives, boosting BYD - Nikkei Asia",https://news.google.com/rss/articles/CBMirwFBVV95cUxQQjhnWUY2YkRkeVBSN1FWdjFVaFEtcnkyTDc0RWluQUZpMU5rNWRJSDF5YWZTcGZXWjI3QUZXUG94NlpVdV81aFVfMmJEaWJlOGpmbk52X01wTmExem42dWVMM0FMZG56QlloMTJBVDdZQmloQlVERVRXSnUtdVNsYUtrQmQyeXFBcXBWQXpHWldTbTBQQmswQVlvdkc5cFZBY1JyYTVfdUIwaWt2Uzcw?oc=5,"Thu, 18 Jun 2026 07:00:00 GMT","Bangladesh rolls out EV incentives, boosting BYD Nikkei Asia",2026-06-29 18:16:22
BYD News,BYD on top in evolving Australian EV market as competition heats up - Autovista24,https://news.google.com/rss/articles/CBMisgFBVV95cUxQS3YxVGtGWXI4SkdzT0IzNjRsSzRKTU9BOW5ZZWdUbElqVWJRNGxIZlY1aU03bXQwZERtMzhCbVp5d3MzRS1jMk5vUElhU0xkcWVLMWU0TlZCNWVaQmN0Nm1oaU9fZHJGWlFOd3N3Yy04cDR6M3hxam9SYkIyZnBUN3VTNTFzaFBSLVQ1Y0FpVDZjX3hJQVpLcmNFUWh2QXRMaUt2RjA4bk9PNTEtejBLNHlR?oc=5,"Fri, 20 Mar 2026 07:00:00 GMT",BYD on top in evolving Australian EV market as competition heats up Autovista24,2026-06-29 18:16:22
BYD News,"BYD and Tesla still dominate as EV sales surge, but new brands make their mark - The Driven",https://news.google.com/rss/articles/CBMirwFBVV95cUxNUGJDYnpVWFhsWkM2Y1AtU2JrMFR2TG1RU3l2UGpfLXcyQ3V6eGxrcDdJeWlhMThzaUxyZHI1YkFfeEhLYjJlQ1dpNUpPYXliU0tIZ3RpeTZGNkFOTUlFYWlYU2ZfUzUxS0J5ME1MM1NZSm44TnZmQ3hWbC1lSXBaZVRpSE1fR01ZaUxROGdGUEMxSWVGLVNwTGJGbW9hX3hoNTRHOFJLdzItdDVzMlJR?oc=5,"Thu, 09 Apr 2026 07:00:00 GMT","BYD and Tesla still dominate as EV sales surge, but new brands make their mark The Driven",2026-06-29 18:16:22
BYD News,Tesla Model Y RWD vs BYD Sealion 7 Premium: Specs Comparison - zecar,https://news.google.com/rss/articles/CBMilgFBVV95cUxPOG9MWUdGeGdLTlpZeG9oV1JVY0pTSDJXaHp3ajVvb1ZBc0pidlZIV0tzNkJRSXdmS0ZjSkc0cWlmXzVjU25uOEl5YnVJZDhmS1UzWGtSNlhfZDVqRlVvV1ZrbDg4U25MSnQxWjJhelRUcGo5OFl0WW5IRGZfZmFtTi1lV05RVUZuY25tbVVrQmlsTXBRcFE?oc=5,"Thu, 25 Jun 2026 17:49:03 GMT",Tesla Model Y RWD vs BYD Sealion 7 Premium: Specs Comparison zecar,2026-06-29 18:16:22
BYD News,BYD just killed your EV argument with a battery that competes with gas engines - Fast Company,https://news.google.com/rss/articles/CBMigwFBVV95cUxPS05LRmw0NkFGZ0JvTDFSSkQ2WFEwZ0pwYnRHUHhvbndZalNOUFlSUTVFY0Vld0tUUzM5MkpjX0d1dG1sMVdBR1RGN2lpMHR2MDhQczdoSmxuaTBpUWMtR1I2QXl3aEpzVkRvazQwcWxnRjdtbjcwSzQ4aWVyYVY2aEowYw?oc=5,"Thu, 05 Mar 2026 08:00:00 GMT",BYD just killed your EV argument with a battery that competes with gas engines Fast Company,2026-06-29 18:16:22
BYD News,"Top 10 Countries for BYD Passenger Car Exports in Jan-Feb 2026: Brazil Leads with 52,000 Units, Three Middle Eastern Countries Enter Top 10 | Gasgoo Automotive Research Institute - Gasgoo",https://news.google.com/rss/articles/CBMi1gJBVV95cUxPdGRfajRCOW16UkI4MktfMEFpekI3N0NrcGQ5dFJkMDdPcDJVV1M2LUl3QURzTGZiaXg3Q1BaZmE1YTFFTXg3WEFMNDRlWS1lZ0UtcmZHYS1raTdJVV9SajJBSGR5aHQwWmxlQ2ZheDE5OTQySE1qR0lIWDY5UlBJbEJJNnpmTldSQndkbDZ1SGlUQUt6LVlRZWp4eUJNdUxLdG1TeHVmRVBFTzdhRDlqdU8tSE42Z2M5cjE3THNaT0l3YjB2dmlGMUtPbm5XT1hCRkRDSHNqam1TN3pVR2wydnBNRlJtRUtQakRVOExCbkVtM3NxOFB2RGpNaTQ1enZ0NTBvdDlubFJaNjZ5Wk1pbC0xdVhDMFN2MW56UHE1cHRsLVhxODkyN1l1UkNmdmpDNmliTUh3ZkRic2k2OTVPa2V0U2lSdmN0aU45V3R5S2ZvWmRKLXc?oc=5,"Tue, 07 Apr 2026 07:00:00 GMT","Top 10 Countries for BYD Passenger Car Exports in Jan-Feb 2026: Brazil Leads with 52,000 Units, Three Middle Eastern Countries Enter Top 10 | Gasgoo Automotive Research Institute Gasgoo",2026-06-29 18:16:22
BYD News,BYD Overtakes Tesla and BMW to Become the UK’s Best-Selling EV Brand - Electric Cars Report,https://news.google.com/rss/articles/CBMiqwFBVV95cUxNazZqbW54ZjNCWDdQeEZONXhoOHZvT0hXM2MtWXUwWmxLV3o1NXJEM3NLWVdwSHZBVEt5eG56VVB5c3ZHMWpCRDFCU2NXb2NENnpWRUE5cnF4d0NtM0pya0cwNzVhT0pvYUl5Q3c1bDl2LUpSVF9USGxyRE1KTWM5U1FDMmc0amJYUFJOSWlZOW0tdDVkVlZ4MjloRURJUHJxLUZtQnVDOHFmV28?oc=5,"Wed, 06 May 2026 07:00:00 GMT",BYD Overtakes Tesla and BMW to Become the UK’s Best-Selling EV Brand Electric Cars Report,2026-06-29 18:16:22
BYD News,China’s BYD overtakes Tesla as world’s top EV seller for the first time - CNBC,https://news.google.com/rss/articles/CBMipwFBVV95cUxOZDgxQ2ZLT3RKT1JmVEEyUm4tRDZjWTNnb2gwN0YyaFphMmF4TWV3cWFnY1hUaVpYcUhUWGFHRHgzTGl6YTBfbF9NZEFTZDRfandLRFpYWUdMcm5RRlNraGhhenBNTGRNMERIb1FYaFdWcWRHMGRuUHctSDRwcVNlX0xlNjBKbDMzVndKVEZRQmFQellfQ1hJVlBQam5nWmN6ZkVaSHhOSdIBrAFBVV95cUxOMXUwWnJSMnBwSzJTX0xrX2kxODhBUURudW13SnpfWG1ZaWNnb1JFOG1hYXhDTVhRZjRjZzQwTGxadWdDVFhVdlJNWEdoazE4OWNqVjJteGlKcml6N2RBdERuLWlOdVZrNDQ4TzZkWE9fTWltbVlnSmVZTW1MeGp1YUdFVVo0LWpZeUJDUVk5Um1zZ19fNG15WXFfMVZzY3hkQk93QUR4OHNIVjRv?oc=5,"Fri, 02 Jan 2026 08:00:00 GMT",China’s BYD overtakes Tesla as world’s top EV seller for the first time CNBC,2026-06-29 18:16:22
BYD News,"BYD’s EV megawatt leap is a 1,000-hp supercar with flash charging - R&D World",https://news.google.com/rss/articles/CBMimgFBVV95cUxPRGNzRFpWQ19SckRVeHRmNWdvemRZdXVfMzBTRkVHZWh6N0V3b0kyZ0YwYVU4TGNwUXF4b3JVYXNnbUNNLUIyMGxObTdmVHUzSjdWOVVUanU2LVZDQTJnYkc5cWxjdDVYazZSRk9FVDF6SkF3ZUxwU2Jsc2NxajBOa0FCVFdWRDVONzhCbXd0OWxuQ1FBSUQ4OXZB?oc=5,"Tue, 28 Apr 2026 07:00:00 GMT","BYD’s EV megawatt leap is a 1,000-hp supercar with flash charging R&D World",2026-06-29 18:16:22
BYD News,Tesla is no longer No. 1: This is how a Chinese competitor surged past the EV pioneer - Los Angeles Times,https://news.google.com/rss/articles/CBMiuAFBVV95cUxQNHVaTEVGMTNrZFZRdzlpY18tWkRGYXBrbkYxQnhkVllmQUd3ZEdzZjZJd05CcmFzSVNMV1d0Vk5VcFJGWGJweDF3SzJrOFhxZEJXMUN0R2RneDFMUlRfSkg2Q0dvcGZJS0FxUUxEQW91SXVfWExUYVRSczRWODQ1dmxkWTdaUjRrNW92dnNTaVdQSUg0Q1JGN1dwMWk4WlVoSWZIN2xVUnREWTBvcnFnZEpacVhMVUNl?oc=5,"Fri, 06 Feb 2026 08:00:00 GMT",Tesla is no longer No. 1: This is how a Chinese competitor surged past the EV pioneer Los Angeles Times,2026-06-29 18:16:22
BYD News,These four provinces are slated to get BYD electric vehicles first in Canada - GlobalChinaEV,https://news.google.com/rss/articles/CBMiqwFBVV95cUxNcURjWlY2S3Q1RGRBVXNRbWNjWHJPQ2o2MHl5YzRjaEdJazNQVFZLN0NHWGlrdnRzSEU2dTVoRzNFMnVDd1hkakdwektCX0F1b2VXVlV2QllSYXNEUDhuSzJpSjFJZ3BmSE1mWkFDT0l0U0dZRjN4ak1NU2Z0WDJMNEJYTjlTaGQ4QnRsd3N3ci1XVGJfS3VBTFpLTjVEVDBVeGp2VFh4VHd6cDQ?oc=5,"Sun, 19 Apr 2026 16:10:12 GMT",These four provinces are slated to get BYD electric vehicles first in Canada GlobalChinaEV,2026-06-29 18:16:22
BYD News,BYD Showcases Next-Gen EV Technology and Flagship Models at Beijing Auto Show - Electric Cars Report,https://news.google.com/rss/articles/CBMiuAFBVV95cUxQeVVYWWRCczZBS2N5Y3hEb3lqNnZRSDcxel91R25SQ0Z1bkctMmhPa3MtNHRabVNPQjFXbk54RUY4eTdCQXA2R1Rqa1ZhYzUzczAtNlc5c0Q4LWNneVp3U2lWUXkxWThFOVAyaFF2WmlmLTJWNW9CdlBxUF9mN0duV09ULW4wLUM2S3hNSHFHTFJyVjRtNUtYYXh6Y0d4WmhDRUo0aEVmeWNuUUZOVkYtRVRoVWNfWTNI?oc=5,"Sat, 25 Apr 2026 07:00:00 GMT",BYD Showcases Next-Gen EV Technology and Flagship Models at Beijing Auto Show Electric Cars Report,2026-06-29 18:16:22
BYD News,"Watch Inside the Rise of BYD, China’s Top EV Maker - Bloomberg.com",https://news.google.com/rss/articles/CBMiqwFBVV95cUxOUVpGaHppXzZkTVBwNUhEdUJzdHBjeVd3Y0RKVnlob3diTWxaRDJva21zSFk3eExDWDRJR0VZNEJSNFZJNHZmVTE0VkVoTmdMSmt1R2dROWV4bWtrT05JV0F5QU4zNVhwdURtbEhHdC15c0p0WEJfQUMxYXRJaUVfUnlFNjZ5Wlk0T3B1di1HeFFQeGdGX2JiUnhYRWlJbk9xUzVMT1lOdlFLSlk?oc=5,"Sat, 25 Apr 2026 07:00:00 GMT","Watch Inside the Rise of BYD, China’s Top EV Maker Bloomberg.com",2026-06-29 18:16:22
BYD News,Large fire breaks out at Chinese electric vehicle company BYD’s parking garage in Shenzhen - South China Morning Post,https://news.google.com/rss/articles/CBMiwgFBVV95cUxOc05TemRkMThOMFc3Vk9aZTRPUmZUdFk1RFBQa1hZYVl0aHlhSVFrLVdnQUtWZlV5WWxoUU45VWtoa2Y0cnBfeVJFeGJCRGI0VkNtVDJTWVRtandHSHllVDJwRzhEVk51UkIwb2I1Q1RzYXUtRGI5S0g5MzNfSmhkaHlYZk5xQlExb3JQNTJCS2lPMUNrV0hyOGJBLW9iT3pDNzNEeWdoMGlnbW9lS1ZqMW9nU0NZbHl6bzlZenhTMlB4QQ?oc=5,"Tue, 14 Apr 2026 07:00:00 GMT",Large fire breaks out at Chinese electric vehicle company BYD’s parking garage in Shenzhen South China Morning Post,2026-06-29 18:16:22
BYD News,BYD Runs Into Big Problems At Home - Nanalyze,https://news.google.com/rss/articles/CBMid0FVX3lxTE14WWhtdzRQXzFWZzJiZVhwT0ItYW9ibTFVdTVlRnRmWEM4anZKVldCZmx4Z2dsYzgzYTktbEtfVU1qdTdqNkhZWVhMdzhxREVITWxGTXAwNnZOSzc2WjlQaGpSWFh5TTRNaFU1Ul8zalMwaU5wNXV3?oc=5,"Fri, 17 Apr 2026 07:00:00 GMT",BYD Runs Into Big Problems At Home Nanalyze,2026-06-29 18:16:22
BYD News,Chinese EVs Continue Reaching US Roads Through Mexico Loophole - eletric-vehicles.com,https://news.google.com/rss/articles/CBMinAFBVV95cUxQOXVJT1NSOXljMFpqbEZiYzAyLVUwZFFHT0hhTUFHeU9obk5CSXE3X3ZPTUo4TDNmakN3Uk1pbi1jcnRtR09yWUpWMUZ2RVFEYTJsOVFDaG9kNWktNnRmbGRwUzJDOTR0TFBpM1hXWm9ZQ002U1Z6amlQNXZ2QWFkOU1VU0lMVF91dWU1YlpTVGJkU1V2MG11eHRFTFc?oc=5,"Thu, 30 Apr 2026 07:00:00 GMT",Chinese EVs Continue Reaching US Roads Through Mexico Loophole eletric-vehicles.com,2026-06-29 18:16:22
BYD News,New BYD Great Han flagship leaks to challenge luxury sedans - Latest news from Azerbaijan,https://news.google.com/rss/articles/CBMihwFBVV95cUxOV0sxN0haTk04OUxTb1d3eHRJV3VuWExpUFhSNmxLb0Y0aE8wdnFnZ2pnVjRKandUX3BSQVZoX19WQXJFYmo1aGlxTUVybUxzYmpIZFZhS1FBWVpaTnBDWHYzRzB5MDRDNFBwSFpXWmVrREt1YlBZTUV1cHBLNDdSV0ZOVV9LamM?oc=5,"Sun, 28 Jun 2026 13:42:21 GMT",New BYD Great Han flagship leaks to challenge luxury sedans Latest news from Azerbaijan,2026-06-29 18:16:22
Geely News,I Drove China's Best-Selling Car. It's On Top For A Reason - InsideEVs,https://news.google.com/rss/articles/CBMic0FVX3lxTE1zZFZNeWxJU1A4UFJ1ZmE4ZVlZamJ0amtMQXFrZElDV2M0dXZSZ2NKYmxaQjE4eElxWUhIZDliZzNsdUR3MHBobnItVzJQY2pGRDBSYXdTQzktR2lrQnJJeVlXNE1NMzVQb3h5NGxVdGhSb00?oc=5,"Sun, 28 Jun 2026 20:06:56 GMT",I Drove China's Best-Selling Car. It's On Top For A Reason InsideEVs,2026-06-29 18:16:22
Geely News,"EXCLUSIVE China's Geely to ship first Lotus EVs to Canada in July under Carney-Xi deal, ambassador says - Reuters",https://news.google.com/rss/articles/CBMizAFBVV95cUxOWkJJa1dMZjVNT19zU2dkNW1OdExqRmlUVlp5VnFSTVJiMXU2dGU1aTA2QzNRb3VFWFF5bnB4cXpzTjhWRjJ2Z3pGRzdzQTdGc0U4WXRYd1lWVmtfbDhfVngtamhJc2pSMXMtSVNvWG9kQkl4Ml9tbFBsR19pQnlNSERSd2NmVEg4b1F4akV5N3U1ZTREbGZfakZsR0o1czhUMHlja003SVlZaW4ySUhOekFhSzJycHFZTjFHZ3BHN1ZrVDRPa2RZYkd0dlc?oc=5,"Fri, 26 Jun 2026 22:18:00 GMT","EXCLUSIVE China's Geely to ship first Lotus EVs to Canada in July under Carney-Xi deal, ambassador says Reuters",2026-06-29 18:16:22
Geely News,Geely Aims to Double Zeekr’s and Lynk & Co’s Sales Outside of China - CleanTechnica,https://news.google.com/rss/articles/CBMiowFBVV95cUxPb1ZmaXBSOGxEcDJiclZMYnNsVVlyLTlQWUZnR3JUeGZwRkRud1ZGSlRCRTNvYy1McHhocTFKc1lHbGFmVUJOckNuSjYzc0lJX1BoREZwd1dmdFJ5QW8wMlA1Z1FzcEx1dHJEWlVmWTVvbWMtcEVQdVBGMi1zSHZTbWRDZkNpYmdZRUo2dzFxczMxMXNzbWptamRWNnBSOWVOR2pr?oc=5,"Fri, 26 Jun 2026 03:58:52 GMT",Geely Aims to Double Zeekr’s and Lynk & Co’s Sales Outside of China CleanTechnica,2026-06-29 18:16:22
Geely News,"Geely brings China’s bestselling model, the EX2 small EV, to Europe as BYD Dolphin Surf, Renault 5 rival - Automotive News",https://news.google.com/rss/articles/CBMiaEFVX3lxTE5xaTRHZFdyZTNPaE9jRTBfVHMyU0EzUEVtT2QtX01wMjhvNHViMUpJcHpoWlJvT2tmZ1VHb0R4aGFLMmJRcU4zV29hUGV5OXU0YjJUM2pYelRGUjhfOUx1RGotZFJyZ1pt?oc=5,"Wed, 24 Jun 2026 06:55:00 GMT","Geely brings China’s bestselling model, the EX2 small EV, to Europe as BYD Dolphin Surf, Renault 5 rival Automotive News",2026-06-29 18:16:22
Geely News,Geopolitics: Geely subsidiary Polestar withdraws from the US - Table.Briefings,https://news.google.com/rss/articles/CBMimAFBVV95cUxOQWtIcll2TFF6bnA0WDFBZllwRDY3a3VvQnBwTXZ4a3F1Y3JITDhSdVV1TlNUVGw4NjJsLV9WU2ZDMlhKLTl0d1Nrc0ZsOEpOeGtKRnczbjZKcG41c0RicnVSNU93c3l6V0FqUFhPc1NFR0tySGpXWGd0bXpkZEI0VVRoUWNCc2cyLVFtOTVJTDROQnZHYW9ySw?oc=5,"Sun, 28 Jun 2026 21:44:39 GMT",Geopolitics: Geely subsidiary Polestar withdraws from the US Table.Briefings,2026-06-29 18:16:22
Geely News,"Polestar Barred From US Sales in 2027, Reaffirms Canada Bet - eletric-vehicles.com",https://news.google.com/rss/articles/CBMipgFBVV95cUxQZVcxUDV1UHctNzNQTnFaendVcnBoelc0YkVfejJxT0VKSEJMZk03LVJ6Vm5fOFh5MGRwSUljSGNFQlFyZjZFR01nZnlGaDRZQzF2SlV3VVVmV3JKV2hNYmlNMGlmeHB2ZXpxbEJnZjl3WmdvQVZtcGxXeGthRG8tQXd5cjdHRXRRUGJXRkpVQXM5QVAxM0ZydUZlaWdxaTBrdHJ1NnJ3?oc=5,"Thu, 25 Jun 2026 13:52:14 GMT","Polestar Barred From US Sales in 2027, Reaffirms Canada Bet eletric-vehicles.com",2026-06-29 18:16:22
Geely News,Geely ships Lotus EVs to Canada under tariff deal - mezha.net,https://news.google.com/rss/articles/CBMiZkFVX3lxTE1uNjJYOEFXZ1JKYUVBeTVPV0JNMTZuMEhiQ3BJRFNaVFZFdUMwOFEtbzREa0tHWVYxZVVNTHlZeW1naWtheWJ2V0dHdllvd3lkeUlPZktHbnA2VXIyTDg2dlVybzIxZw?oc=5,"Sun, 28 Jun 2026 15:08:14 GMT",Geely ships Lotus EVs to Canada under tariff deal mezha.net,2026-06-29 18:16:22
Geely News,"I Just Drove a $10,000 Chinese EV and It Didn’t Suck - MotorTrend",https://news.google.com/rss/articles/CBMidkFVX3lxTE9nSWEtQU9FenJKMk1tUHZYY2dzMkViVlJMVXp2YkNhU1RCQ2pGZzlGVVBfQ0poSUZwN1c1c1FCZkJrVFUtbHdxUVEtZnVMdjVLX0EwaTlCRjBZc0VfVHBsLUp0Ul9kczVxanNVUkVvWGRUTmVyQ3c?oc=5,"Tue, 28 Apr 2026 07:00:00 GMT","I Just Drove a $10,000 Chinese EV and It Didn’t Suck MotorTrend",2026-06-29 18:16:22
Geely News,Canada Is Getting Chinese-Built Lotus EVs That America May Never See - Autoblog,https://news.google.com/rss/articles/CBMinwFBVV95cUxPRmZxZUZtcEp5NENPUmJtclBUakhqZUxsRnliWGxSVDRWWEhzZThsOXhBMHdJQUFsQ05IWmZ0NXBVSGtzU01YZ3dkeUFQWEttcWpRcGNXamx3bG8xbng0UTRPTlczZFI5OGpTaXBtM0tZM2pVM1NWbmgzcnFkLXRNUU9RekhydWctRTNIS25RN3pzWmxtTmhEUzFhSERvZXc?oc=5,"Sat, 27 Jun 2026 21:30:00 GMT",Canada Is Getting Chinese-Built Lotus EVs That America May Never See Autoblog,2026-06-29 18:16:22
Geely News,"Geely's Starship 7 EV hits market at under $15,000 in latest push into budget electric SUV segment - CnEVPost",https://news.google.com/rss/articles/CBMickFVX3lxTE0yZm9hcU9wall2MWV1aXRmbjVBa2NTakdOblpqdVBWM1BWYllNZGZjZDF0ZTVwV1NaWndfRS1lcjE0VjNycm1tRnFsR3kzYUJQSURQQS0yV1dOUl9EQ05rdW1DbHRyTDFxVFI1WmRJYjljQQ?oc=5,"Wed, 10 Jun 2026 07:00:00 GMT","Geely's Starship 7 EV hits market at under $15,000 in latest push into budget electric SUV segment CnEVPost",2026-06-29 18:16:22
Geely News,Geely-Backed Polestar Forced Out of U.S. by Chinese Auto Tech Ban - Caixin Global,https://news.google.com/rss/articles/CBMiugFBVV95cUxPaUtDTkszQl9Db0ljblVxS0JjU1NGaVY0VEFSeFBYQmJjQmRjc3JROTdpa3BKN0VMWmM2SngyV0llQTFpbnAydW43R2RZaU5wM19WM3hEd0psbWJoZnRoOUlvS3UzOERBdDlnWjVrWmEwbThUTlJEeldQRjZKZEx5b2JEckJ1cTRUNTZIWFhkalh3Q2J4SU9Rem10UnVJOFJZTFhIcjdMeENPOTRENHhJcWR2R2dYTmtTdXc?oc=5,"Fri, 26 Jun 2026 20:34:00 GMT",Geely-Backed Polestar Forced Out of U.S. by Chinese Auto Tech Ban Caixin Global,2026-06-29 18:16:22
Geely News,Volkswagen Shake Up Puts Renault Stellantis And Geely Stocks In Focus - simplywall.st,https://news.google.com/rss/articles/CBMizAFBVV95cUxNNmh2cHdCbVpqaF9uRE1YaE94THdFNHdaU1YzSUVLX3BucG5ENXJRTDFBQzVXcHBMQ3kwM2E4TlVqWGF0cUVPN3doUDV0Zm5Uam94WGhkTmxKTFZxbzhYU0JTcUJpZ2wyQkxMWm92ZEVkTTJ0bUVkYnRWNGI4R3I5SG9FMnoxZHJqYXR2T3d6QW8wemhDNVl4eTFDRUhQVkNmRFVkU0s0eEtCd0F5R0JtRjlMME14dGhEYnFQUzBQWkdhT3lTUVE5cTlXSWrSAdIBQVVfeXFMTS04bXIweUVWMDZ5R2RObWlmdlVqS3NEdVJQSDJjU3BzZGRtMmhHd19TNUVRTDBNNE40WHdscUhTdXRXU3ZfSkpQUFh4R2Y3bjBIMFNBOGRMOTFOUUVwSGlocVJRMjZrQm5vQXJIQ3VIdnlmSl8xVWE3aWYxdnR1em82Y1MyeVMzcGpTLTNuUnZTV29Ha3JmZTJuMWxYUHF6cUFKbDNWcTdFTDBtanRoSUtIbXducjZsZ210WHlaM3M1RjgxVlFxbGw3Znh0YktKTmxn?oc=5,"Fri, 26 Jun 2026 14:38:15 GMT",Volkswagen Shake Up Puts Renault Stellantis And Geely Stocks In Focus simplywall.st,2026-06-29 18:16:22
Geely News,Geely Galaxy unveils electric vehicle models - The Guardian Nigeria News,https://news.google.com/rss/articles/CBMiogFBVV95cUxNNEV4cldaNW9tcm9HTGJIN0h4a01xZ1A4WDdRUzNDYnItOTAwVm9GdC1NWEpDcTFuOVl3Z0tzb2RCTXFfZkJxN0xSRE1uZXJaZEdoQ2lzQzgxRG5seEtxTlNBTWV2RGp6RngtVGg4OTFHU3ZORkZ5SUxUSUg4MVJKUktCNlp0UVZMa1VGazB6Y1ZDVnNkOTM2NkpJb2hURFo1THc?oc=5,"Fri, 26 Jun 2026 04:00:00 GMT",Geely Galaxy unveils electric vehicle models The Guardian Nigeria News,2026-06-29 18:16:22
Geely News,Polestar shut out of US market from 2027 as China tech ban claims Geely-linked brand - investingLive,https://news.google.com/rss/articles/CBMiwwFBVV95cUxPSUo2YjRtaW5Na3NVSnV1aU81dTMwbDR1dmd5NURZaGg1S05hWTFzV2tDMmFXLVBMM2FWTWRqM24tanJWMi1JT2lLdW15UWRUeFFXTU5IWG1YNE02OURGT0lPTDEtaXhlYlcxVkNIUEFseUJHdlR6UG1yVmJDOGZmLU9nMDBlTHY1NHpkMUR0N2pPVTVuWXNxZHV1S2JibUlxaXdoNVM0dHhHUUJHVW9jSDF1RHU0cWpTRUZGLUNsNldMTWc?oc=5,"Fri, 26 Jun 2026 14:58:04 GMT",Polestar shut out of US market from 2027 as China tech ban claims Geely-linked brand investingLive,2026-06-29 18:16:22
Geely News,Geely's Lotus to ship first EVs to Canada in July under bilateral deal - CnEVPost,https://news.google.com/rss/articles/CBMijwFBVV95cUxNRXBUNTdJS2E2Vk95aDVaMlVuREtSMEwta2N1a3l3ZGpONGpzV0I1RkdrSF94X0RQejVNbENKQTRCNFd0NHlFLVBWRVVQVlo4enFpbDdOZmRFckVnOGdKZlNDQTFWSFowUTRyMnF2S25hSERuTFlSSzB6d1JJOXROUm11UlhBSFNqeXVzRW1SUQ?oc=5,"Sat, 27 Jun 2026 13:00:59 GMT",Geely's Lotus to ship first EVs to Canada in July under bilateral deal CnEVPost,2026-06-29 18:16:22
Geely News,"BYD, Chery, Geely ‘willing’ to create joint ventures to build cars in Canada, industry minister says - Automotive News",https://news.google.com/rss/articles/CBMihwFBVV95cUxOQ0w5dGdmU3lHcHg5YmdfOU15WTFGNWxPTFVMTnhHcGR4ZGpNTkJRSU9uLVNtNjJwNjBETk5FTWVKSkNwYU5wd19yVXJaRlJVbnRhM2FDVmlFT3BBNjdyS2VYckl0ZEZpOW9UVURoUFpmSmRGY0phZkM4VFZ6NzRUT2NGWEF3aTQ?oc=5,"Mon, 22 Jun 2026 14:54:00 GMT","BYD, Chery, Geely ‘willing’ to create joint ventures to build cars in Canada, industry minister says Automotive News",2026-06-29 18:16:22
Geely News,"Geely EV Sales Down In April, But Zeekr Poppin’ - CleanTechnica",https://news.google.com/rss/articles/CBMiiwFBVV95cUxPeDhkSUpWZ2RmM2N0cWktMFdNLUJaeXotbGNRS2VxMG9yQUxmNUZRV1dYc2pmcFcybUR3TDJMMzEwX2lYcDZRdWIxN0FMZEpVcTVKZ295NDdLa2tCTFpXbzRxMTd3eTB6STVQdFNwal9jMUhaUG1aSU41SDgxMFdYOFpjZTFEWjEyaUFR0gGTAUFVX3lxTE1Cdnp4VmloSWdScUJXbEdmbkJIRnFKQl9XVThidWhNSWgwcVBRRzRMcTVNZUZRUzRJOHFhVW5hTUctZXZWX3JuNnc0Y1JCSHowXzdzNnc5aVUxcF8wLTg0QVk5bGE3c2phdFdxZmxrZlQ1VFNuNUhoRXdhbjMtX1FSd1EzWmlBbXNBU0VGQkZOZGFqRQ?oc=5,"Fri, 22 May 2026 07:00:00 GMT","Geely EV Sales Down In April, But Zeekr Poppin’ CleanTechnica",2026-06-29 18:16:22
Geely News,The U.S. Strongarms Polestar Out Of The American EV Market - InsideEVs,https://news.google.com/rss/articles/CBMihwFBVV95cUxQaHo0S0ZZaEtnYnFWYVZhUlJiNW5WUFpwbm4xbkd5TlF6SnVfYnYzTUVMZEhNN3MzcE05cFBLb2pHUXZGU3FtSFZzRmQ4ekdJZkxDQjl2dTFTNFphUG1KM0Qzc19zYng1d0ViWmh1VExwc1EyTmIzOUxMQUxhRGNHZkVOeHlETzg?oc=5,"Thu, 25 Jun 2026 13:40:00 GMT",The U.S. Strongarms Polestar Out Of The American EV Market InsideEVs,2026-06-29 18:16:22
Geely News,"China’s EV leaders slash earnings as domestic sales plunge, cutthroat market speeds tech race - Automotive News",https://news.google.com/rss/articles/CBMiqwFBVV95cUxOdWk4bndLc1RERDFQeEJkc3FQY3pwWm1lbGdpZHNFcGkwSTUxc0l3OHpqdko4ajZSTTVFVlZKQ2Z6YUN3X1hmTm9Ma2dqWUtqb1hsYUpRVlFzcUtGRjIwZXl6cXl4RnVuV0FiY0tEWmJBUi02RmRZZjVia1pPbXJ5VUt0aXRXMmJITUdUejVGYkxDZ2txQVFoaHpZalNDOXlOZU1lQTFRM010SjQ?oc=5,"Thu, 28 May 2026 07:00:00 GMT","China’s EV leaders slash earnings as domestic sales plunge, cutthroat market speeds tech race Automotive News",2026-06-29 18:16:22
Geely News,"Geely Galaxy Starship 7 EV hits market, prioritizing range and safety over tiered configurations - Gasgoo",https://news.google.com/rss/articles/CBMi7gFBVV95cUxNVDN1MWVNNktiQ055djFnUDJJZzIyTDc3ODh5aHdVVHQ2WUY0UWt0UEZVeGtnQWNORVdldTlMN3NkVlZqTHNSbENvaGtIWWlkbFRZN1MtTF9iZks0ZDJObkU3T0x4QklyVHo0VXU4cERsSTkyQTAyYTBHSXdjSURocnM5aDRvVlpsNGEwYUVQWkxjQUJRYVVrb2haQnNya1RhQXVFSklZWVM0SVhxTHZpMFV0T0VVN1ltUW9CSmVQSHdSUi1iSkhLTzhBOWg3QkpmVFU2OVJmLVJkUFFOblRiY29YSFUyMUxnYlRmbjJ3?oc=5,"Fri, 12 Jun 2026 02:48:29 GMT","Geely Galaxy Starship 7 EV hits market, prioritizing range and safety over tiered configurations Gasgoo",2026-06-29 18:16:22
Geely News,"This Chinese Land Rover Defender lookalike packs 1,128hp, three electric motors and AI-powered off-roading - and it’s coming to the UK - Carwow",https://news.google.com/rss/articles/CBMihwFBVV95cUxNU3Y0RFVOZnBhdmlHeWFjYlA1OGlvalBwRUFUOTBYOTNTZ0gtV2RJa3BxNEdEbGdFVjZPU1FsSDB6SWNnVFJXTGJDNllULUZNQVVqbk9rcGRScUVCTzYwSEQyT0NDUlFmaDVZMnExTXNxekZfaHZ0aGVuM3lOUldBelpkN3dSNkk?oc=5,"Fri, 26 Jun 2026 07:00:00 GMT","This Chinese Land Rover Defender lookalike packs 1,128hp, three electric motors and AI-powered off-roading - and it’s coming to the UK Carwow",2026-06-29 18:16:22
Geely News,Vodafone Business and Geely Technology Europe Extend Partnership to Drive Vehicle Innovation - Vodafone,https://news.google.com/rss/articles/CBMiqwFBVV95cUxOVEVvMFlPVUcyTlI5UG4xSDlManRGbUd2angzeTRXcm5RcVI3RXhSTEdZNUNmSGlKWDhQM0tma21jcXoySm5MdWM4XzF1NDc0bVVGbU9VTWpyNEhsZ0NmeEt3anVvbWZRc0QzNkZ6U0NWQkhha0JRUThBZlI3TjZiYkwyaVFzd1NCcFpvSzRoTXZqNnZZTkFOOEs4VHZET0lBZGFLdFBWTlJBNlU?oc=5,"Tue, 02 Jun 2026 07:00:00 GMT",Vodafone Business and Geely Technology Europe Extend Partnership to Drive Vehicle Innovation Vodafone,2026-06-29 18:16:22
Geely News,"Geely EX2 — There Is Only One In Australia, For Now! - CleanTechnica",https://news.google.com/rss/articles/CBMifEFVX3lxTE92bkhpXzFlRTMwOGFUSE45WUxBem1veFh4MzNEV2pQcVRqMG5QNS1IMFlzVHN3ak9XT3htMVc1VmFJbWN0N3pRSDBlOGdjX1ZoY0VjRU5DX0xJUVpRNm1tWE5DOFd4UlBEcmgxR1g1enp1alVRcS11UzJZZTM?oc=5,"Thu, 11 Jun 2026 07:00:00 GMT","Geely EX2 — There Is Only One In Australia, For Now! CleanTechnica",2026-06-29 18:16:22
Geely News,"Geely Group CEO Confirms Canadian Market Entry, Points to Local Production - eletric-vehicles.com",https://news.google.com/rss/articles/CBMirgFBVV95cUxPb09KYURWM3dyYTZWSVBvbGY3ZmM4Ql9GTVNwT1RkMy1ZWk5JSTZMN0NITWtiQTdIVTc2eFhLblE3R2poNzYwRzVOX1MtRUxWSWdVcllHMHN2SmRZMjE4RzliOGlINUlKMndObk12QWpFdzVOaVI3STRLWmRzcGhaWmhqMEpUXzlkV1gwVW5hbHY4eFpmQW5Rc0ViSlo2a21OOWZqYWlGV0V2LTVDOGc?oc=5,"Wed, 18 Mar 2026 07:00:00 GMT","Geely Group CEO Confirms Canadian Market Entry, Points to Local Production eletric-vehicles.com",2026-06-29 18:16:22
Geely News,Geely Q1 2026 Sales Hit Record as EV and Export Growth Surge - Electric Cars Report,https://news.google.com/rss/articles/CBMipwFBVV95cUxOdk5peUVtUVVqaEdWbElkaDJWRVl4RklwWU81ZFpUMXBQZjJkNUtFdlVrVkRFX1lfOTZnYTZQZmxfNUtuWTdGSTVraEVzQS1nSnkwQ2RoYzdieEtMS1NjZFhqVEt6dC0yUlFneklNal8wS1VUTnJXOXVyXzMzTU5ISmhzWWN5dkdMbm5vVzNSZHVWMjk0YmFnM0JYYS1LUk5Yb3huTllrMA?oc=5,"Tue, 07 Apr 2026 07:00:00 GMT",Geely Q1 2026 Sales Hit Record as EV and Export Growth Surge Electric Cars Report,2026-06-29 18:16:22
Geely News,How Chinese carmaker Geely put roots in the U.S. - CNBC,https://news.google.com/rss/articles/CBMia0FVX3lxTFBCUnBXSjFfY3NjajQ1S1FvTEtqRzBDWGtnQ3F0RGdOVHRWWlJTOXFTbFV6SDgyVGpicXgyYlZMMTRXX283WjNsNGIxcHdOZmRJaEYybjBZUndPTWptUmQxbzhzdzVrM3M2OXow0gFwQVVfeXFMT0FUdTQ0UjVndVBuQjBIVVhLNlVaOWhPU0VFd2Vib2VtZEE3YnVaSGxQTE1YcHBMYTdRd1p4Q21FalhqcjV2anNEQjkwalIzd3hZVjBkYzlSTTlzalZCcmVqUUpDVlNhN21tN3otUmJiWg?oc=5,"Mon, 04 May 2026 07:00:00 GMT",How Chinese carmaker Geely put roots in the U.S. CNBC,2026-06-29 18:16:22
Geely News,Geely EX2 Becomes 2025 World No. 1 Selling A/B Segment Electric Car - The EV Report,https://news.google.com/rss/articles/CBMilAFBVV95cUxOS2E1Tm9tVFRVWWZPR2txTGxnUDFBT2NOLVBzeDltMDYzeDdidEFSNGFwcEhpRDN1anNuTEt6RDJTLTdrbmdyLUJvU01oQm9KSVFPNm1fRkdxNjZXZnJvdzVSakN5TV9FV2tRcnltNWhsTDhmNDE2azRBOXNxTG1VTjV5Y3RoY3dKeGVpU2NCeTFXSkNK?oc=5,"Mon, 02 Mar 2026 08:00:00 GMT",Geely EX2 Becomes 2025 World No. 1 Selling A/B Segment Electric Car The EV Report,2026-06-29 18:16:22
Geely News,Geely’s World-Beating Stock Rally Heightens Rivalry With BYD - Bloomberg.com,https://news.google.com/rss/articles/CBMiswFBVV95cUxNMm1GTHA0dGs4d3VkSEFCeFlaYWxfaXgtQndsV1VHM1pBNWxUMDhlZWplMmlROTRxbE4xei0yLXdUak9FQ2pCM09XcVA1MWxwdXZVblMya20weFY5SWk5ZlIzWnQ1U1lGWHV6WVU5WkNzVHp2SFlPdUN1bjZGeDRTVURtenFLbzdscHVVeFM3X3l5RlZjWkdHX1NZMGlFZzlISG1zS09zVHJlVEg2ZDMteVUxdw?oc=5,"Thu, 09 Apr 2026 07:00:00 GMT",Geely’s World-Beating Stock Rally Heightens Rivalry With BYD Bloomberg.com,2026-06-29 18:16:22
Geely News,"Geely, VW and BYD retain lead in EV innovation ranking - electrive.com",https://news.google.com/rss/articles/CBMilgFBVV95cUxPaHRaYUxhZWx6dzl3dXg5MXJjWFZGTTUxMGxvVm94NVZQeWQ3NmFGZXNlbkNyaDVZVVFjaUFsazAzSHJNREY3QThDZUwtUHA1RjlRU0t2V2xHU3JKM3FVb3BkRUQ0Y2EwZU9fYjA3aVUzWmN4emhhT1NxZXlWRWlyNUExSDNGaDRuZThxeXUtdGRIY0RhQ3c?oc=5,"Tue, 12 May 2026 07:00:00 GMT","Geely, VW and BYD retain lead in EV innovation ranking electrive.com",2026-06-29 18:16:22
Geely News,"Geely’s best selling EX2 electric hatchback approved in Australia, ahead of local launch - The Driven",https://news.google.com/rss/articles/CBMiuwFBVV95cUxNOHdpYlhCWFFsRjlfLS1mZEY2RFh6ZTI4UFpiTkhzMWRSMXpvMTdCUWFjRU51LXB4eGdaS2lNRlV4cjZpRjBjeFRiY2ZRTDU0ampOVTVOY1A1ai1pTWNEUVFDaHhMSVp2M2Q4Wi1BSXZObl9OdUR5bG1uYWRMWF8yLWZsSEI3MXRwRGU2cHNFU3J1VnE5MnJIYlBLX216WTl0TkVJVldSS3FPN0k0dTRBSDdXc25kaUJ2T0FV?oc=5,"Sun, 21 Jun 2026 08:10:48 GMT","Geely’s best selling EX2 electric hatchback approved in Australia, ahead of local launch The Driven",2026-06-29 18:16:22
Geely News,"Tesla Rivals BYD, Geely, Xiaomi See Sales Bump. These China EV Makers Decline. - Investor's Business Daily",https://news.google.com/rss/articles/CBMikAFBVV95cUxOXzByTzMxS2Q3dTBCczlhY3hza3hwaVBGa200QTc4a3hhcnExUVhBWEIteFA3NTlRcVVYdzB1ellfcndkVmxEcW9LT1FJZ3JYQkFWRXN4VjZ5cUNrUDUtRldlLUZZOGNtbC1lbzhRM2dvNWhyWU93d1d2MkQyRi01UUJ0bjBhLUV1RUlxOTF2Q1A?oc=5,"Fri, 01 May 2026 07:00:00 GMT","Tesla Rivals BYD, Geely, Xiaomi See Sales Bump. These China EV Makers Decline. Investor's Business Daily",2026-06-29 18:16:22
Geely News,Test Driving The Geely EX5: Can Chinese EV SUV Make An Impression? - Forbes,https://news.google.com/rss/articles/CBMiuAFBVV95cUxPVXdNZW5Vd1diTW1wT1VPVFU5eTEtczdIRVNSRG1oejhxbmdGMkN5b0hKaG9lN3UyZndhRUhUOUgtbzlJQ3czNmxGQWVORWtPOUhDRzljLU9ISldYVktKRXpDWlZkR25YbjFjV2JfOWY2R3hNT1YxTWNDTmJEanNyM2l4WlRCWHRVYzd0RXhELVlJTE02YTN6NTRTQVAxQVhPREFmZWNDSUFwNlJIQUdnRDBmQnFfb0Yz?oc=5,"Sun, 15 Mar 2026 07:00:00 GMT",Test Driving The Geely EX5: Can Chinese EV SUV Make An Impression? Forbes,2026-06-29 18:16:22
Geely News,China's May auto sales: ICE models excluded from top 10 and top 5 best-sellers are pure-electric - CarNewsChina.com,https://news.google.com/rss/articles/CBMiywFBVV95cUxNLUotZUFtY1pxVmJwd3k2WVFleHIzU2lfSWtYVTBkU3RFZDJfemNMTl9QcU9UN294dUtjaDlwMjM2VEFibzA4TGxXVnNJTE1OT1A3cVZfd1VXOGw3cmszZ0ZyYl95Q3hsLURFT2FjOUpYMlJOd3ZUZE9FYnpyVGVMYS0tVktxTGwtbHk4XzNuNFZ5WllJdFlsNUI0UnAwMnZmTkpQZlNTUXFJa1dPMWFmR2pyQmVRMkxWdGxJUTFBdTMxMVBKVjdKSUJaOA?oc=5,"Tue, 09 Jun 2026 07:00:00 GMT",China's May auto sales: ICE models excluded from top 10 and top 5 best-sellers are pure-electric CarNewsChina.com,2026-06-29 18:16:22
Geely News,China’s Geely Starts Hiring in Canada Ahead of Expansion - eletric-vehicles.com,https://news.google.com/rss/articles/CBMilgFBVV95cUxPYXRRUTZGN1hFV2ZFc2VNXzhUd09QME1iU0hITkVYeHRLakJCRFpZYjJYU085RndtZnlVNGtFZzRBNVNTZmZIemQxMnRLUkNmNzNMRW55b2pmbC1kTHAyZEhaNzlvNUJPUXhpckJ2WE9YSWNLQzdld3djbDNrQWtsUUNzUUhmY3Q3Ql8yZDc2OFY2SDdlcFE?oc=5,"Thu, 30 Apr 2026 07:00:00 GMT",China’s Geely Starts Hiring in Canada Ahead of Expansion eletric-vehicles.com,2026-06-29 18:16:22
Geely News,NordEast expands dealer network as Geely EV sales surge - EVs & Beyond,https://news.google.com/rss/articles/CBMiiwFBVV95cUxPcV9uS2NKWjg2dXktWWlZR1ZCa0xrODNTNmQxRy1TY0Q4MDdoX3RiTW1MOTExeVJlN3FESnVDdWRsUDRnczhuRTAyanR0c0VmOXcxTEZLNjhnalF6NnF3UVVSZ210eHYweFNxNUhFdGxxYVAxaGJHNjlYd1NVUDRxZDNVTEhleUNSUmRZ?oc=5,"Fri, 12 Jun 2026 07:00:00 GMT",NordEast expands dealer network as Geely EV sales surge EVs & Beyond,2026-06-29 18:16:22
Geely News,"China’s Geely bets on longer-range, faster-charging tech over fresh EV price war - South China Morning Post",https://news.google.com/rss/articles/CBMi3gFBVV95cUxQbU42R0tpaTRCUXV2cUJVOHJQRTNxYXl5ZncwQnFtcmc2bVAxc1YxblpuRUY3NEQtcVBybDIyQ2VLQWRJS0ZWN3Q4YjhpUERMNlhhMVJZekF1SWFfSy1IZVI4Q3NEb0VvcGF0S3FINFVNTzdYR0hOZWM3Q3ZyaTlVbGNqdlVQSktrNFJPcnRuVmNsY1FrcU9zcTJkcDk4cTVCTDdoWExJTEphZW9JQURmYXJFcFYxOC0tYWM5eEFqS1EyZzVqUmFXMEpkd2VDNWhQb09SdmltcDZBMTRzdFHSAd4BQVVfeXFMTlh1ejEtNmpGVFk0LTMyeDNlOTNFaGs0bWRiZlNLYmMyeVZ0TUFmV3VXRzRJMWdGNmpxdUx4YXlpQ3RVanZOUTVmcmJSUnAxRk1zQ09YZzFTZW1iR2VScEVCdjdyek5LcV8tMHdPal9icVItSGhxVFBJb1lxVlVHRkg3ZkRrdXhiOTN1dUFib2dUYmdoX29aNnJHcUNXVUcwRUpYOWppT1M4WjlaanM4TlpqZnlYczVQN2tlemVpVHFkZXhmWEJQMHJuUVdDY2hOYmxkQW5oLWc4bHJtSC13?oc=5,"Tue, 24 Feb 2026 08:00:00 GMT","China’s Geely bets on longer-range, faster-charging tech over fresh EV price war South China Morning Post",2026-06-29 18:16:22
Geely News,Geely launches new AI-enabled hybrid petrol-electric vehicle platform - Just Auto,https://news.google.com/rss/articles/CBMieEFVX3lxTFBBby1KU1RoSkwtYlYyNi14aFRLZEdzcEVPbUNwSG5DVzlvRUZrdUdRbVFtZEdWR29aSEItYjFyR1gtZF9JZnVOUzVCU3Ftcy1hM1lFUEg0OXliTjFtbXVqUTVxQkU3UW1najVpdkZTNEtHSDVjcnV0ZA?oc=5,"Wed, 15 Apr 2026 07:00:00 GMT",Geely launches new AI-enabled hybrid petrol-electric vehicle platform Just Auto,2026-06-29 18:16:22
Geely News,"Geely lays out electric vision with 1,000 horsepower off-road platform, AI and Galaxy concept - The Driven",https://news.google.com/rss/articles/CBMiwAFBVV95cUxOVmhOdEVuak5BSTRwd3lmSzNhMTM5VDdORzI2aW5lUWVJNy1JQ20wUFZ1eTh2dkxaSEhpc3BPb205eVpnLWNWMHVoZGZnOThGeldFdkIwa1dZMkRtYWRHR2IwanYyM3JUeEpXcVJtMUlqVGlyVENUdjZiOUM1eXZIbFBjVGQ5TXFCaTBLRS1QcXZMMjZnLWQtNDNLSFd5NmRaVXJ2b3JfRFZoQjRhYU9KdnNjZ3U1WlFvQnY2ZGlhclY?oc=5,"Tue, 05 May 2026 07:00:00 GMT","Geely lays out electric vision with 1,000 horsepower off-road platform, AI and Galaxy concept The Driven",2026-06-29 18:16:22
Geely News,900-V battery smashes through 5-minute EV charging benchmark - New Atlas,https://news.google.com/rss/articles/CBMigAFBVV95cUxQZXB4WFluOXloMG5NZFRiMlROZEhxUzk1VmhhX1k1VHFTZ1RtajVEQ1NkUXFLZ3hDWWxadmh3bjlkb3Q1NVFrSDBPWGl6MzM1aGpPSEJEVGNVdVhrRWNKTkJVWjlmRjZJc2FfYU5Cb0RRcVZyNU1jbEFhQ3R2VkVVWA?oc=5,"Thu, 09 Apr 2026 07:00:00 GMT",900-V battery smashes through 5-minute EV charging benchmark New Atlas,2026-06-29 18:16:22
Geely News,We Test 5 Geely Cars from China—But Are Any Coming to the US Market? - Autoweek,https://news.google.com/rss/articles/CBMib0FVX3lxTFBTZWZJNFR0LVRMQVNiUmVGV2hlM3RTbVZjVERxRFIweERiMHJ5UkdiRUFXejd3LXJJMVVVbnZJTDQtZF9aTzVYUGc3WVpQUDZtaTI1QjdQWnRqQzd4c0t1TEs2Yi1SYmpvVTl2UWU1NA?oc=5,"Mon, 12 Jan 2026 08:00:00 GMT",We Test 5 Geely Cars from China—But Are Any Coming to the US Market? Autoweek,2026-06-29 18:16:22
Geely News,Geely and onsemi expand EV tech collaboration - Just Auto,https://news.google.com/rss/articles/CBMidEFVX3lxTFB0cEdUZXhVTjZwMXFPbEc2M1pMQ1VnbkFBR1M2WFUtQXhaQUM5dmpuR2YtR3llSXFXa3k4blNVWWlGR244aXBFQTZTY2FSWXVqZXdnTExEZmpVenZNaE1ZQTlwM05DUWlpX1JfemFuVkxoQW1M?oc=5,"Wed, 29 Apr 2026 07:00:00 GMT",Geely and onsemi expand EV tech collaboration Just Auto,2026-06-29 18:16:22
Geely News,Geely Ups The Vehicle Safety Game In Europe - CleanTechnica,https://news.google.com/rss/articles/CBMiiAFBVV95cUxPek14M2pzeWx5NmkxR0gtT3ZJSHljakJpU0dISnVQN25CNUNCZXVlMmp1TUhMb0sxSzZ6RG5yZ3N5aHFnZmtoOFVRS1dhdlB2YUJhNlB3VTBzWGdScllobHVES1JMWDNSRUdlRWM0MFRUeldnNDVzeTU0U2NfRWl3eWRNOWZrcXd30gGQAUFVX3lxTE1nSXVLdE5YZDB3U2d0ZXNHV0N3NmhodmdQTGc5VWRTZWdyY2VFTGRza3pzWU9JYThuUmI3ZUF4LTEzOTM2eVVtSXh6aG45alRWRUtyLVJaemRQQWViT0pCNkVIMFMwVDdfNThQV3hvd2xaWjRBVmlDTFoyWTZVakhYYUtKOE5NNzV5Y2l6SDVMeQ?oc=5,"Tue, 26 May 2026 07:00:00 GMT",Geely Ups The Vehicle Safety Game In Europe CleanTechnica,2026-06-29 18:16:22
Geely News,Geely Auto Europe to double vehicle projects by next year - Reuters,https://news.google.com/rss/articles/CBMirgFBVV95cUxPR0VZNDctcjNjVzQwV3YzUTM4MzFoZ0gtdWZiTS05MWpkbjVSc2FMVnNBZENtWDlDU05aa215Wm14b2NOOU1lOGprRE14QVFJZjZOem1oRXo5bWEyUDVWYlNIYU1wYVprcExXY2tGQ3N4RnNHeE5qTEhuZlpjTC1fdlZrYUN2R24xUEtNMHQyNDR0WklLODVGTXUtV3dQaExNcnVWOEg2aGM2ODZqa0E?oc=5,"Thu, 26 Mar 2026 07:00:00 GMT",Geely Auto Europe to double vehicle projects by next year Reuters,2026-06-29 18:16:22
Geely News,"Geely launches updated Xingyuan EV with prices starting under $10,000 - CnEVPost",https://news.google.com/rss/articles/CBMidkFVX3lxTE1zSWdwa19rSXVzM21yd1VnY3BHbW1mNURTR1RzazNxUU1qQlpLQm5TMzZJdF9na3hBX1pYVmFMazl5VG14endqMVhVTG9DMGZjZFJtLVFzQ014Z3VIeUhBT2hwNllQT1dDc0dhS0UtY0tJM0oxX0E?oc=5,"Fri, 29 May 2026 07:00:00 GMT","Geely launches updated Xingyuan EV with prices starting under $10,000 CnEVPost",2026-06-29 18:16:22
Geely News,"Exclusive | Ford, Geely Held Talks About Bringing Chinese Tech to America - WSJ",https://news.google.com/rss/articles/CBMigwFBVV95cUxQSXdjZVROVnpWWGZ5aV9QT3g0N3VFU0o0b2lqN3FMRDdid3FocXkxTzZjMTF4RkNkRjBuMEhubjNnOGRIU2lNNkstdl9lNExxRDJnaXJSRnk5TTJTWnRZNGVsRnNfVjRqM3RNME41TzF5OVNiaG5Oem5TVXZ3cFlzNG15WQ?oc=5,"Sat, 25 Apr 2026 07:00:00 GMT","Exclusive | Ford, Geely Held Talks About Bringing Chinese Tech to America WSJ",2026-06-29 18:16:22
Geely News,Geely EX5 Ultra Debuts in UK with 280-Mile Range - Electric Cars Report,https://news.google.com/rss/articles/CBMingFBVV95cUxQUFZDckZySnhZTTdJRldaeVFpQ0hMb1UwajExZEpHWUxCRTFwMXFEZTMzVXFoc2ZUSndreEstcmU5dF91VmRWWUNyV2NvNVMwa3VGN1ZpSXJTak5GRVB2c2NQTTVOajM2bXJxNzU1THBEYkZrczR4UHBzTGwwRjl2eEtjOVdQck9DbjFhOGd1VEVILUdGd3l3TTJpX0w3UQ?oc=5,"Tue, 28 Apr 2026 07:00:00 GMT",Geely EX5 Ultra Debuts in UK with 280-Mile Range Electric Cars Report,2026-06-29 18:16:22
Geely News,Geely Riddara RD6 Pro review: plug and play (and work) - Driven Car Guide,https://news.google.com/rss/articles/CBMimAFBVV95cUxOR0xnYm45Ty03NGlZcEF5ZlBrcThubmRuQUN1TVBEcTR2bkZabHlyS0F5QnB4SE40Rzl2OXg0V0Fsby1BUlE5a0I4aWlJUFJSLTBmRExiN0MwUjR0b2FlZ0xLcV9aUUJtcDREblJUX0t0WkZFQ2hnalR4SUV4VTdEWngtZHhCS3gtTUdMcXlkQWQtSE5ucUZhWg?oc=5,"Thu, 25 Jun 2026 18:39:11 GMT",Geely Riddara RD6 Pro review: plug and play (and work) Driven Car Guide,2026-06-29 18:16:22
Geely News,Geely combines European engineering operations to speed global vehicle launches - Automotive News,https://news.google.com/rss/articles/CBMikAFBVV95cUxOUTBvN2QtUTE3ZUd6SEx2am1uNzNjMlRVWmVGOTlfSU5tQUlIZmZBaDNpVUpDVVdid1ZGT0RGeXhraFh1RlRhZGNaY2J4dTZSX3JDZ2tBVDhLTkZqVUhXZ1UtbzQyYUxnVEFwYWx0ZnZFTGR2SWNOX25PNUlXYlVGVjN0Y0FhVDgzV2trMmJZMDE?oc=5,"Sun, 29 Mar 2026 07:00:00 GMT",Geely combines European engineering operations to speed global vehicle launches Automotive News,2026-06-29 18:16:22
Geely News,Global gambit drives Geely’s growth - The Star,https://news.google.com/rss/articles/CBMiiwFBVV95cUxOcUZfcnRUa05jNm9oSjczVGs4dFA5bjZDTjBGYkM1eVA0VXlIWWFnTDcyVmtGMHdLSTJtSzNEeTQtNTVOMUd2UXQ1YVBCbzFkNC1Zdm04clcyRmhWVzg4cjc4Vm1NNi1PM1hnMmVsU3MwWkZNMS1NbGZ3bl8weVhpMjVwcHFEX05GcXh3?oc=5,"Thu, 25 Jun 2026 23:54:46 GMT",Global gambit drives Geely’s growth The Star,2026-06-29 18:16:22
Geely News,Geely’s Lotus EVs Set to Enter Canada as Carney’s Trade Diversification Strategy with China Kicks Off: But It’ll Pile Pressure on Tesla’s North American Operations - Tekedia,https://news.google.com/rss/articles/CBMikAJBVV95cUxQVkVTbl9tZVg1MUhtano4SDgtREtCVHdxMUN5VUlvSFN3d0tLdXIyRnZ4NWV3bnhhMjZ5SVZRTVdVR2lfcTZDV0NWdW5pOTllVWFzT2wtN045OVdKVWEySDZJd3FVWkFHZWpMTDVRMzdkbmdEYTBLUlhkZzRheUhTeDUyRUpUT1pKWEZRX20xdWd3NDRLVVlKQmtGWnY0d1hhZ2dZTER0UWpZSHR5VTl6MW5DMFcySWpmYl80LTNSOHY3dExsMmx1Vl8tSHlRcVdGTDNqcS14aWt2bTBKNE5FVC00ejFiTjlGTGpJZGhES0lrRmcwWkdHLTI5Ry1feElvQU55dFk3VmxXd0xhdVNYWA?oc=5,"Sun, 28 Jun 2026 08:21:46 GMT",Geely’s Lotus EVs Set to Enter Canada as Carney’s Trade Diversification Strategy with China Kicks Off: But It’ll Pile Pressure on Tesla’s North American Operations Tekedia,2026-06-29 18:16:22
Geely News,Low-cost models rule China sales; Geely’s bets amid price wars: 7 EV reads - South China Morning Post,https://news.google.com/rss/articles/CBMi0AFBVV95cUxNODRCNHdLQ3M5cmtMOVpadGhmaEtabnBGNkhLUlpmR3ZZQmVua2pGMnRKWm9xaHNUNENCY0lBZW9SazQ5bE1CUERELVY1UVNrRXVzdTNPcWRweTJSdUlPM0VXeE1lTFF2Wm5VTk9rdGQ3SHhWQzI4MTM0dG5OU3dnckhPdHBYcmNIXzRLanVNWUdHZHAzdmluSzhuMWdyMkxKczQ1aUZkWVF6cmpldU9pNlVmLV9aRnhDMUxULUprX18tNDNUOG96TkpYbTNnWXFs0gHQAUFVX3lxTE4zOXJGYWRva3dZckVyZ3Rud3A3amhFVDgtNDczenhqNUg4OG9oRk0xSUhFc3VraUc3QllrNmdhWEJSVUpoQXlEamxYUlZHOUlVc2JUMDZ3elpUaUFYYm5STU1nSDlaSVZIR29MYl9OcWVRejhWSjdqQTF4MlZEQjNkYThWb0xLUGgyQ094dF8tOUdaN1lRZ0hFRmZqbG5KQWh5RjQ5M0hGbEdSamt3QWwxZDlYTUNlMDUtNXprOHJCczNjeWRQRWxyVV9RRUExNi0?oc=5,"Wed, 04 Mar 2026 08:00:00 GMT",Low-cost models rule China sales; Geely’s bets amid price wars: 7 EV reads South China Morning Post,2026-06-29 18:16:22
Geely News,2027 Geely Starray EM-i Inspire first drive review: Affordable plug-in SUV gets bigger battery for longer range - WhichCar,https://news.google.com/rss/articles/CBMirgFBVV95cUxQcmF2UklneVZlZURvR0E4TWlTVE9rTUp6b1ZNQ21LYW9CNC1xTkQweHFLSUhwNm90c1ptWTdMcEhKY0lUN2lrWDR3RWdIYW1WYWF5dk5Sdy1OQUZJbmNfaFJYMEdhYUdSTXpieTlOOF9BLVhoOW4wa0txZlNjcVNvXzg0amY0ajJPZlRtd0Z1YjVtVHIyUVZ0QjFFY0V1YXhXZVlzVGt1azRFSTFfR0E?oc=5,"Thu, 25 Jun 2026 22:28:01 GMT",2027 Geely Starray EM-i Inspire first drive review: Affordable plug-in SUV gets bigger battery for longer range WhichCar,2026-06-29 18:16:22
Geely News,Vodafone Business and Geely Technology Europe extend partnership to drive vehicle innovation - IoT Now,https://news.google.com/rss/articles/CBMiywFBVV95cUxQNDd3VkVReFE0UDQ2c2R0YW16WGJjLVZIaXVuMjBXYV9td0p3dXROUTRFMkxKRGhfa2JidmZXNlpabm5JLXlmQjJWbWpJOG03MGxaREpGUE5fekwzdVZVRFV4VkIteHg1UTFNZFZvVy0xbVlKWDl5aXV1VXNYUGg1ci1GNjRLWngtWmFNZGFNWnd6clVLX3pWNUE3UUNKYXYxYS1pR2t2Sl9fSW43SWRCMlRQbEh2ZmU2ZmZ4SHRLYl9uY29pc2tDUXBPRQ?oc=5,"Wed, 03 Jun 2026 07:00:00 GMT",Vodafone Business and Geely Technology Europe extend partnership to drive vehicle innovation IoT Now,2026-06-29 18:16:22
Geely News,Think Chinese Cars Aren’t Safe? Geely Would Like a Word. - MotorTrend,https://news.google.com/rss/articles/CBMib0FVX3lxTE1sOElIZF8xV3RiLWNFUFFOa0NlQVFaYWxzVU15Mm94THp3QV9kNTgxMmFpV2wzeFpaSWgyTUFEUjkxWlpXZ1hqYWo0Vm5YZEYzY2FDMTJiVERFbDA3Z3l4ZWZFeXlHenY3LTliRXBnYw?oc=5,"Tue, 05 May 2026 07:00:00 GMT",Think Chinese Cars Aren’t Safe? Geely Would Like a Word. MotorTrend,2026-06-29 18:16:22
Geely News,Geely picks onsemi EliteSiC for next-gen 900V EVs - Automotive World,https://news.google.com/rss/articles/CBMikAFBVV95cUxQNENoMzZlRVNwRzQ1RVIwMDZBU3k5V3IwZnpVc1VwWDJZYnAyWER4Nm9PQ0pnVDAxU1RQVHhVY1JNbXdpWWZ1UmpNT21ZQWF5bWdjY3lydk8xazdPem9FT0hrTFlGYWZMQzhCNkZGRkVvd0FnMF9Lc1I2T0J0WVhMMVJ4VGtoY0dJXzlrTkt1NWU?oc=5,"Tue, 28 Apr 2026 07:00:00 GMT",Geely picks onsemi EliteSiC for next-gen 900V EVs Automotive World,2026-06-29 18:16:22
Geely News,"Geely introduces the sub-$15,000 Starship 7 EV in China - ArenaEV - ArenaEV",https://news.google.com/rss/articles/CBMilAFBVV95cUxPR3RfdUo3MlNuVmkxSG8wbjhGMEZDZGFzd3RQeVBNUkZ3WE9qak12SmlQZjVlVGowM1d4a0dMRHNIZk9YV09rbHo3MHlsWmdUaTJDMGdsOG5OSHU0eTdkTXFQVVloLUhubjlvLWRyTjAtQ2VDV1dhQVc1QV9TZmY1d3ZnVW9EcFJhZlF4R0lkblNMMEZs0gGQAUFVX3lxTE9RUDRlVVdhSlBZcGtkTUpUQlByVnp2S0FkTDgwWHdjWkszOWFuZWFnSFd2b1R5MWtEcWozaWZFVTg3c3luZVItOE1lQ0k3RmQ2MFZ2dXVjaEtiMHhFcmNsWWpUTUIwYWRjX0RSRGlzcDhjNjFWWC1lVHl6QW1jSVJtSXpuRmdWNzcxcEdxbEVIYQ?oc=5,"Thu, 11 Jun 2026 07:00:00 GMT","Geely introduces the sub-$15,000 Starship 7 EV in China - ArenaEV ArenaEV",2026-06-29 18:16:22
Geely News,Geely Auto’s Revenue Rises but Profit Falls on Currency Effects - WSJ,https://news.google.com/rss/articles/CBMiqgFBVV95cUxPN2Y3TDNXd212RXdzaE5nanZxQmRRbkNOSjNneW9NZzIzeUZNU2JiYmZRbnVEQ3RKY3hCenp3MHNqWWdpWGFhbzFiOTFRZTZMbWhlSEpCaXh0aEh3NFkyQlg5YVc5WVo3MlNXU19jUHZoWUk1dFN3T3p1M3JHQlc0RDhjRlpMVi1OT212ZXhRSU41bHZjckE4dWhVVGZtdW5pNDlGa2w0bDQtZw?oc=5,"Wed, 29 Apr 2026 07:00:00 GMT",Geely Auto’s Revenue Rises but Profit Falls on Currency Effects WSJ,2026-06-29 18:16:22
Geely News,"The U.S. Wants to Ban China’s High-Tech Cars, but They’re Already Here in El Paso - WSJ",https://news.google.com/rss/articles/CBMigwFBVV95cUxOSDF1OFpGWmkyT2pjamhYOUlHeUVlNnFUbjk4TDBjZ3ZVN0JnWkQtMS0zVkFpWkdsWHBwS2xxQ0F4VWwzcnpPVHY3X01WUFd5dzQxcHBzU3FnTWFQVXZFRkZ5N0owZUZpdTE5ZmxMQWNKNWN0UjI2RzU5SmVIc1pDbzB6RQ?oc=5,"Tue, 28 Apr 2026 07:00:00 GMT","The U.S. Wants to Ban China’s High-Tech Cars, but They’re Already Here in El Paso WSJ",2026-06-29 18:16:22
Geely News,Geely Just Entered Canada Without Using Its Own Name - Autoblog,https://news.google.com/rss/articles/CBMiigFBVV95cUxNWTQyNlgwelRSNTNCOHl5ZWRfb0t3VktKMWphQjVjVXJfdGQyWk00ZkpQSUI1dTRCZWhzNDM5Vkt2QmtaamZnUWlhUFFyc21vbWNmblV6MUcxcE1LeV9ZelBqRW1oWnZybVpYRmFMbHlES3JxZ2pGUzFIeVRPSlpEb3dzb3E5Rm4zb1E?oc=5,"Sun, 10 May 2026 07:00:00 GMT",Geely Just Entered Canada Without Using Its Own Name Autoblog,2026-06-29 18:16:22
Geely News,"Geely’s best selling EX2 to get a battery upgrade in China, ahead of local launch - The Driven",https://news.google.com/rss/articles/CBMisgFBVV95cUxQeElITC00Mjk2cURqWFU3aXZBSlRMSGg5UUxRME0xNVczWURNazlsTmQxNmhVQXk0R3ZtVVloU0JiVGdjUlZZOFZIX2ZubGExQmhPWGxQaVctSlJDRmIwdHJlTzFGN05Lcml0emRkVnNsS05oNHFSb0NOa2ZVOHUxbVNBODBsN3RHZXQtYWQ0dmJ6enQxS2JtRnFVNk5hd2hSdTZoMTFPY0xPc1FjckVUOWNB?oc=5,"Tue, 26 May 2026 07:00:00 GMT","Geely’s best selling EX2 to get a battery upgrade in China, ahead of local launch The Driven",2026-06-29 18:16:22
Geely News,Geely May Have Built a Hybrid Better Than Toyota - Autoblog,https://news.google.com/rss/articles/CBMihAFBVV95cUxNTVhpbk1YRGJseVBwZ0l1RzRtSGxHLW45S2wtVHo1cWw5VzlCUF9GRTBhbk93RjkzTVRxUTk4ZlhldG9WOTI0LVhIRjZhWmlzY2w2Rml3OXlHUkZrUGRMRGZXWVdSZUwxb0QyY3ltZndzYnZNZ2lwWC1qejBaMjBHOTFSMDg?oc=5,"Sat, 09 May 2026 07:00:00 GMT",Geely May Have Built a Hybrid Better Than Toyota Autoblog,2026-06-29 18:16:22
Geely News,Geely Unveils AI-Powered Tech to Take on Toyota - Transport Topics,https://news.google.com/rss/articles/CBMiY0FVX3lxTE9IS0g3Q0lpTXUzdkQtZVBDaXBDbnB2eDNGcThfbnJPOENOM1QyVXlPOUM0Yk5ERDdObXR5OHJuYVJWSlNzOWotOWE1QjRwMkVkNl8xaFdsVkJUNHU5dUhRRkZrcw?oc=5,"Mon, 13 Apr 2026 07:00:00 GMT",Geely Unveils AI-Powered Tech to Take on Toyota Transport Topics,2026-06-29 18:16:22
Geely News,"Chinese automakers race to enter Canada, here are the EVs likely coming - Electrek",https://news.google.com/rss/articles/CBMilgFBVV95cUxNT2pvM1R0N3NmdEtOX1pJWElrQ0RVT2pNSy1fVDJXVWlvYTdyOVpieEJjb1RyWmJsWDhVX3FKWHdzdkJzdkdPaC1jU3A4NHI2cWx6cVgyS3ZVYURUa1BuMXdqRXFhNnJhVmJHOWp1cmlxZDlZWmtfdkFxZHk5LWxTYWhTOTNGblI1MGhmQ1pDbEtFTWQ1ZXc?oc=5,"Wed, 06 May 2026 07:00:00 GMT","Chinese automakers race to enter Canada, here are the EVs likely coming Electrek",2026-06-29 18:16:22
Geely News,"Low-cost models dominate China EV sales, surpassing Tesla and BYD - South China Morning Post",https://news.google.com/rss/articles/CBMivgFBVV95cUxOYS12VlVrQXNITFRMQTZDcUZCdWV2R2p2aEYwNVVXS0hlakJxTFF2UHd6bVB3R3dQRlRSM1l2RmhwY0NfMzZFY2t4Ylk5OHJZWE5QUzhwTGRKTElZQ2JRblhPV21ZTHRESjc3UHNtZEZkdE5fLV9hYnZPZF92X2s5NVRhSHRiVXBjMXdnZTRGVHA1QUhJLTJCemVRMHhBUDlUNVJ5a0dkQXduWHhkclVfZ0FMbE0tb0NsNmJ5MnZn0gG-AUFVX3lxTFA0ZE9kX3lTdVhfUmJ6andmSm9ucWlLVXNCd3lROUZpUlFnemVoNnlZakVCX3lWUUt2V0U2UlZ0WVRDZWJRLUlGSktyVjhhSUFzbTZIUWVuTG9Qemhyd0loaHZHdGU4UERmRnhZVTJrSkx1VTZPR0VjNF8xckFxeThXZmZkLVl4UC1LNGpZVXpCc3hqN05UbGlsdFFWT0dMekFUeEN0ZW9GMlhjN2tmVjVxYWxhLVY4TkJnSFkzNkE?oc=5,"Mon, 23 Feb 2026 08:00:00 GMT","Low-cost models dominate China EV sales, surpassing Tesla and BYD South China Morning Post",2026-06-29 18:16:22
Geely News,Geely teases pure electric version of Starship 7 SUV with 605-km range - CnEVPost,https://news.google.com/rss/articles/CBMif0FVX3lxTE5pbmtXc0tQRzc0ZlRGSEtFU2Y4bFI3dE1NU0pXZ19wdC1nODdTeThFeVM4aG95TjV5eDlCdUluc1pNMlNVQkNZYmZaaXpRVXZxOW1DSGtNVGRWdUUtUkZydFJkSjlZbnNZd3VNbGRaOFdzN3hKbkIzejYwd20xb1E?oc=5,"Wed, 29 Apr 2026 07:00:00 GMT",Geely teases pure electric version of Starship 7 SUV with 605-km range CnEVPost,2026-06-29 18:16:22
Geely News,Geely Galazy: Chinese firm moves to build vehicles in Nigeria - The Sun Nigeria,https://news.google.com/rss/articles/CBMihgFBVV95cUxOWDBtWHlxSEQwRHlnT1FzbTlrSUNIVHNVZFdCbm9BMnlfY21GNG5EZVFFTkVlZUxfOF9XSnQ4T0ZEOEdCT1lNazl0UzBZQ09aTGhiQTY2T2g1eXBNNkNpb0h4TmZnM1Y5Vk40Rmp5bHAxbzBqVENtOVhoZV9aQXJoT0pVQy16QdIBiwFBVV95cUxOV01ISWlWR1hVV1RiNnZsM0xfdTE5eU9rWXZYaEJmMUtDMERkTkI0T0FRbGZtM3FkbElDVnB1Q3dyd29HcmE2SzFmemNCNTEtMnJPTzR3VUNrbGZwOUQ2RTIyNElBb191aTJoQ1dhNk83MlV0MlNnS1ZPb0F0SU1KdmZDMEh4Z2ZhYm44?oc=5,"Sun, 28 Jun 2026 07:30:53 GMT",Geely Galazy: Chinese firm moves to build vehicles in Nigeria The Sun Nigeria,2026-06-29 18:16:22
Geely News,"For the average price of a car in the US, you could buy 5 new Chinese EVs - Reuters",https://news.google.com/rss/articles/CBMiugFBVV95cUxNX1ZhWWJhT0lqSkFDY2RNUGNqTjJ6SU03OVlDUmwyRmF0d3M3OEwycE1Vb1JVdHl0bjdBR25kN21MWjB3OW1QejlxQTk5MlJCTHNCeVo1WlFDTGNwYlc4NVZ3RzFOYmY0WnpabjA3MHdwOXNlN2tYMzcwaUFQT25mQ3RoSjEwei14NkpaM0hKVTYzMk9SVC1rS2U4c01ZVF9nRUMyaUhvNWN3Rmh2cy1BZHQtMFJsTHQ2cHc?oc=5,"Mon, 27 Apr 2026 07:00:00 GMT","For the average price of a car in the US, you could buy 5 new Chinese EVs Reuters",2026-06-29 18:16:22
Geely News,Vodafone and Geely extend deal for in-car digital services - Automotive World,https://news.google.com/rss/articles/CBMinAFBVV95cUxPQTkwSWYyak1uR3RVY0RyX0hOdlRldW9wakxUMHVFUW9Md2Fqd3R0MXl3Y1dzZUxWZzZPVkwxZTAzS2RRQ3owd0F0bXFwYlR2dkR5RFZSSkxVLWVaSFh0RUYwZFdUYTVCUWJBN082SHdhcmRxNTI0SGhMVlhvMUlpcUpwLVVrZUhMQ24zclNRZDFSMWd0dnEwQnU0UEk?oc=5,"Thu, 04 Jun 2026 07:00:00 GMT",Vodafone and Geely extend deal for in-car digital services Automotive World,2026-06-29 18:16:22
Geely News,Geely Accelerates European Expansion with Rapid Multi-Country Rollout - Electric Cars Report,https://news.google.com/rss/articles/CBMirgFBVV95cUxPNXJrT2dOVG9qN2pZVWZ2ckl0aDRLdVRjUl9QanhRTTFlWDRJRUtERDBmQmh1djlIbXhWN25MeEJyNEM2dEZPcWI0Uzd2cUk2ME9nb01aeUQyRnUzLWtZcDFZSUYzMkVZel81S0plT05CNDRraGFQeHMtSzdqLXkxS3ROenhHSW9rTVdGaWR3b1ZNblVBX3QycTdzOVdPTWRjM0JtaFZ4NmlPR1FWMFE?oc=5,"Fri, 27 Mar 2026 07:00:00 GMT",Geely Accelerates European Expansion with Rapid Multi-Country Rollout Electric Cars Report,2026-06-29 18:16:22
Geely News,"Geely Wants to Come to the U.S., Says Market 'Should Be Open and Equal' - Edmunds",https://news.google.com/rss/articles/CBMic0FVX3lxTE5kX1VYenhxMHNkbkplUnYzWlRWaE5QSFRTalRZRmpKc3REdmE2cmE3THJvaXk2djNMbHpuWVRVVUZWMkNkbjAtTUFFUFotVTBlUzVja1F1Q0NwSjlMY0hESFROUG9yMWpWTWV2UE96V0FjaVk?oc=5,"Mon, 27 Apr 2026 07:00:00 GMT","Geely Wants to Come to the U.S., Says Market 'Should Be Open and Equal' Edmunds",2026-06-29 18:16:22
Geely News,"Chinese carmakers are preparing to sell you an EV for $10,000. Here's why America isn't ready - Los Angeles Times",https://news.google.com/rss/articles/CBMi0gFBVV95cUxQQmk0TjI0WnBfX0dVa1RkMndlSy1QQTN4QjhBZ1dzTXZPRE9vaXJQaXBlX0J1ZkJwZE5KRlY0WGl6WDZQMWE4b3RqVHRiT3F0Q1NYWWtUNUNwTVhXQkRqRFhsRzFsNWR2eEtDWTNNQi04ZVlxUFFpT3B3YXhlUjVWSDI0aHE5VmtnYlgxc0lPMVpQVjdTWHFja0pqNk50Nk01UUZKVko4akhfeVZwWlBUMGNSWFhud1ZOVWdlc1JvNk5RT3NUSmhsN2NmYnVsY2ZNTnc?oc=5,"Thu, 02 Apr 2026 07:00:00 GMT","Chinese carmakers are preparing to sell you an EV for $10,000. Here's why America isn't ready Los Angeles Times",2026-06-29 18:16:22
Geely News,Ford Rejects Claim of US-Focused Talks With Geely - Transport Topics,https://news.google.com/rss/articles/CBMia0FVX3lxTE1lMkxTLWY1OEYzWnlJVlFJTmlQQUlVSlhzYkx5bFl3bFgyRFNXNDlNQ1J6NnpLeXF6UjhZdUdERFRrSDMxaDdaMWdtZEF0NmNFU3pOX1gwTDRBNFBleHJjdFgyUk02LXhNczVF?oc=5,"Fri, 24 Apr 2026 07:00:00 GMT",Ford Rejects Claim of US-Focused Talks With Geely Transport Topics,2026-06-29 18:16:22
Geely News,"Geely posts record Q1 sales as NEV shift, exports drive growth - Gasgoo",https://news.google.com/rss/articles/CBMizwFBVV95cUxOa1U2MjlFVEJ1am1aV01CYVFLbW1uRTl1UlJFTmphZFpwM1hOMWVpcjdzUFdfLUhLYUZJNS1DbWNLZkp1U0pxLVl4S0d1dGJ4WlRiYkVmYWZjX1ZXckRkZDMwWEEzWnpQamNYWnEtd0l6N0ttN3BSOU1RczNnR2gzTkVLSWxJbnJlYkJ0d091TG56ckNDODQ2TnBmQTk3UHNERDRnaHgwVkhlbV9FSUhiSjd4b0xxWmFGeGxIaUh2WVk2bWJ1dlZtM3BfZTlkaHc?oc=5,"Thu, 02 Apr 2026 07:00:00 GMT","Geely posts record Q1 sales as NEV shift, exports drive growth Gasgoo",2026-06-29 18:16:22
Geely News,Geely beats BYD sales in first 2 months of 2026 to become China’s top carmaker - South China Morning Post,https://news.google.com/rss/articles/CBMiyAFBVV95cUxPX2pscDRpblBrVE1DT3ROVUZtVk5VaHp0clB3ZkstUEdQUWdlX0ZXWk9Yajk0UjJyczZiOE5fLUxOdlRsMmEtTWlweW51b21LbWRBLVR0WlkwbzUtRGhjamN6M1BSbEtfVlAyTkpwbFNuakxsQVAwUy0zUGJia2lYLTkzSFdfMWpiYnNYRXFiYndVZ0p1ZE5ScWlCMWREbnFrQUJLZWpDSXI1QTEwQ1FJTE9GcHV5SW9QNTdzQllWbW5CR3BuMV9ocNIByAFBVV95cUxOZDJxSUItbkFfbFZPMVRTR3JTOG1odVdGa2U2cmc0aWt6Z1lWekhuZkVVbzFQbUpiQlV3aTZ4RzZ1NkVhUDVLOTZTb200a1d0UXJMeTRaYk1OMnN3UmJha0wycEJvLXRwYnJKVDFlQVdLWmllUlJ0emZnTktyRmI0WXVnMjc4WUY3djBiZGNVR1lwVE1sb3Zzb3RWMnZfVXVGLXkwbVE2R2NnTm13Z1RWeEwzSzZIQVM4QUFGRW4xcE1QTDl3SkM2bg?oc=5,"Wed, 11 Mar 2026 07:00:00 GMT",Geely beats BYD sales in first 2 months of 2026 to become China’s top carmaker South China Morning Post,2026-06-29 18:16:22
Geely News,onsemi and Geely Expand Strategic Collaboration to Elevate the Driving Experience - GlobeNewswire,https://news.google.com/rss/articles/CBMi6AFBVV95cUxPRHRhT2pkbWkxWVhjT1ltejI5UFJaOFd4TGFoVDhfQW9qN2VBTVU1Y0tOTDFHLThHVXpmeFBJTDR5N2xkblRLUldCblpjSi11b2tmV2JBd2VLZEQ1aG9nOWFOYW5DaFRCMG85aTl1MGtuOTNWUVE3THB5VFlIN18xalotUUJyMFdyS3lTM2lJa3VNMlBMZ1ZGbUg1NXlNNjhCdU85Y3N3ajZWb0p0Qkhlc1RZQUNFR2dJVUIybnR6QTlZcmowTjlZOXhsRlkyNERZUkFPdWJkek5xaGUwRTJZRG9OWU0xUXVi?oc=5,"Tue, 28 Apr 2026 07:00:00 GMT",onsemi and Geely Expand Strategic Collaboration to Elevate the Driving Experience GlobeNewswire,2026-06-29 18:16:22
Geely News,"Geely Galaxy EV models finally settle in Nigeria, partners TIM Motors - Vanguard News",https://news.google.com/rss/articles/CBMiqAFBVV95cUxQcHVkcmdMcUdHTHZSeVAtMm9qQnFRVkZYaUt6VkR6LUZMS0ZnODNkR3l4QUtDMDdvTVFTUjRGWUtvZm9GVl9JNWpZUVUzM2JoOFJ1TDhlLWtqczM0N1lhUjJESDhKSnByakJuS1pvRU04aDJqb0NPS1FYRFV5TkJlRFZQeE9YSXc3NHNsQ3RvbDNmaUhmZkszeUhlREdySmlra1RkUTVLMzjSAa4BQVVfeXFMUGI5Um84WHlMaFhVb2JRZU9aakdnZFRBMUNqU080Y0xPV2VzTDNGQ2tkWlI4TUtZQTdTRENMOEJXakVoalRfck90OWxEOHlqTTFHc29zSTdEbUI0MGtsSjI5VmE4TkVCdHdiVjVQRUpHMERCUzRKRnFvLWxRb3FmWDB0UUsyTXNZYl9UcTYzNE1ucjMwVXFrN3BnZW1reVRqMlBNS2ExajJveXFYM1hn?oc=5,"Fri, 26 Jun 2026 21:35:42 GMT","Geely Galaxy EV models finally settle in Nigeria, partners TIM Motors Vanguard News",2026-06-29 18:16:22
Geely News,"Volvo Cars should do more to leverage global partnerships, Geely's Li Shufu says - Reuters",https://news.google.com/rss/articles/CBMi1gFBVV95cUxOdjdjYXlobjI0VnhLdS1oZElJZmthSjRNczZmR1RRa05vdlZIaXhQRU9pb3d6azZSd3dhVzQ4U0hOZzV0TWpMcERXZnUwUEZreVYyMWNXYTdTcmY3S25oRDZvcDg0U1RMU202clMwMUM4YTQ0Mi1MSUV4Z1g0MnIzMFVMMEYyT0o5VVlNcjVDN2FfS2duVDU0RVFOWWJqM240bnUxNWQtdEkybkVWQUVzbmwxU19KRE42Vm9sQ1lmY2N1emdXTFQyeFlkOHh4ZFkydW51dFhB?oc=5,"Tue, 31 Mar 2026 07:00:00 GMT","Volvo Cars should do more to leverage global partnerships, Geely's Li Shufu says Reuters",2026-06-29 18:16:22
Geely News,Mercedes holds early talks with China’s Geely to deepen venture - Automotive News,https://news.google.com/rss/articles/CBMigAFBVV95cUxPak45UDVBSmJ3OGk2REprQjVBUEFXT19ieU9qN3lMOTNIOE5PektwZzFOS0RXNEI2ZmZsZjh3dGFnd2c4NnpwcnVqRW9ER0ZsRGZ0bHZnZHdfMlFlUWlCNEpOZS1LaDRKTHJaLTE5Zmp5T3oxaGZlT1R0MU42WEpNbA?oc=5,"Fri, 13 Mar 2026 07:00:00 GMT",Mercedes holds early talks with China’s Geely to deepen venture Automotive News,2026-06-29 18:16:22
Geely News,"Volvo is open to building Chinese EVs in America, CEO says - Business Insider",https://news.google.com/rss/articles/CBMihwFBVV95cUxPMURlclc4WU10Z3ZONVpoQ25QQ1RZMm1fTHBOdENGQ0RYNXY0MDV3RUp6d3l5alVEazNxTjlCdjRIVGk0dXVRWUNTQUdPU0dxTGt2aVJvX203ZXpGTlR2STZIbXlRd0RKbUdnWUhzaFV2TEc4ajI4UzQwRVlMdnQyYkdHN0lqVDQ?oc=5,"Wed, 29 Apr 2026 07:00:00 GMT","Volvo is open to building Chinese EVs in America, CEO says Business Insider",2026-06-29 18:16:22
Geely News,Geely EX2 Offers More Value for Those Who Want to Switch to Electric Cars - VOI.id,https://news.google.com/rss/articles/CBMiREFVX3lxTE04Q05LOHVqX1psZHh1NHhNczZfaFYzLXNkV2VYRWxtSG9tUk5tbUV2Sm9yb2RUZlBnMzFyQUFsM2YxRk5I?oc=5,"Sun, 21 Jun 2026 16:06:38 GMT",Geely EX2 Offers More Value for Those Who Want to Switch to Electric Cars VOI.id,2026-06-29 18:16:22
Geely News,Geely Galaxy debuts EVs with TIM Motors partnership - Daily Trust,https://news.google.com/rss/articles/CBMigAFBVV95cUxQSjlNYmcxSlZDNGFkMVRrdng3YlJIelRsZWNJaU1EY0FNY1BQMThBSlZUMWd3R0pWU3ZRZUthZVlpN2hLd0pBd3piR2habUtfWXYtUVBjanNCWHV3UGNyWFlGMnAzNldTRDJPTTEwaXFfUzd2RWVjRlhOVVByaWR6eA?oc=5,"Fri, 26 Jun 2026 01:16:45 GMT",Geely Galaxy debuts EVs with TIM Motors partnership Daily Trust,2026-06-29 18:16:22
Geely News,Chinese brands eye Europe; Geely joins Chery and BYD in profit slide: 7 EV reads - South China Morning Post,https://news.google.com/rss/articles/CBMiywFBVV95cUxQYXRGc3RrcDdwMHV3SWdNTFI4WXdLMzdRQWN1MlNLbmxSQjd0SjQ5cHlHcEVRVzllbTV5LUxrblpvTTlraWpBVDBPRGhMX0RoR2U4TC1NYjI3SVpVSlNaN1NDdWtQYWFIdjF1WS1TZVZyUjh5Rk9SaC1IZUt1MlJoWkdwQUtLTllDZlBNYy00VXFNSWNCZGZoODZhRFVwSmktd3NsV2pXOHZfdXZtSmtGblNybGdVT3oyQWpJbm9vcjhHMkV1R3I3NlJnaw?oc=5,"Wed, 13 May 2026 07:00:00 GMT",Chinese brands eye Europe; Geely joins Chery and BYD in profit slide: 7 EV reads South China Morning Post,2026-06-29 18:16:22
Geely News,Geely Ships First Chinese-Made EVs to Canada Under New Tariff Framework - driveteslacanada.ca,https://news.google.com/rss/articles/CBMiqAFBVV95cUxNbFFXam9SUTZLaVQzVW5BbnVNenVqSEhKdGFnRkNmY3hadDE3Nk1Nam1Cbm5lQ3I0QVpmclAxemROWlhsRy15S3BHbHY2cDBaY18wZU1vRmVONkhkSU9ZV0l1SENsQU1zdnZLcU96Wkw2cWh6N3BDbkc4T1paQTJDUGNYM2tmejFVbThWQXhzb0lrTGt6eVJvQUNLOVlkb3VoaDNnOTRLWEI?oc=5,"Sat, 09 May 2026 07:00:00 GMT",Geely Ships First Chinese-Made EVs to Canada Under New Tariff Framework driveteslacanada.ca,2026-06-29 18:16:22
Geely News,Geely Reveals Zhanjian 700 AI-Powered Electric SUV - The EV Report,https://news.google.com/rss/articles/CBMif0FVX3lxTE9FOWFIaC10MVpSeWlOZGRuTUZpdWRRLWUxVXB6a0h0NDNPUDBwd1BINkV0UnVrM1NQelcxdm9Kdm9CU2QxWjdYQ1ZVbm55Q1RrTkphenU1RmtJbWpEcXJYMC1pN1N1OEo4NzhsTlRCNEVKQ0dWU05LdXZReHVJV2s?oc=5,"Tue, 24 Mar 2026 07:00:00 GMT",Geely Reveals Zhanjian 700 AI-Powered Electric SUV The EV Report,2026-06-29 18:16:22
Geely News,Canada Set to Receive First China-Made EV Shipment as Lotus Loads First Batch - eletric-vehicles.com,https://news.google.com/rss/articles/CBMiswFBVV95cUxPVHU1WXItSko5Z3l2d0VFcGJXakY4VmMtdDAzMnBEUDVoZVp6VC1XWU81Tld3aVdoNEJmZUlFNG9NTTgxd2VtLWktUmtLbnczVlJUTjRHbTZQVkRIdzhsaDhGVGplZG4xZktiZzBmQmdWb3RmZm0xRDRtZ3pTVXMzemx5bzhNajFlR3R6U21tRzhMOEJDT0dHRVBZYnJ2UHhFbWZ5cF90ekdsSE10ZkxpSlZsRQ?oc=5,"Thu, 07 May 2026 07:00:00 GMT",Canada Set to Receive First China-Made EV Shipment as Lotus Loads First Batch eletric-vehicles.com,2026-06-29 18:16:22
Geely News,Geely Extends Lead Over BYD With Biggest Sales Gap Since 2022 - Bloomberg.com,https://news.google.com/rss/articles/CBMisgFBVV95cUxQcFVXeWVhS2lMakItaHZrN1pWc3B1TC1qRzZ6b2lhckdrX0w0RTN1UUVUT1ZCQkhUVmIwR2hxRWIwNnV0ZkFQODl6bENvVEtwS1R1NGZnN3hXSXptdGhWeV83aUtuR29jVzFiNkdjVldOeUlndG5EcV9VVzM3cTNfMkhhZzExb0xPamZxOHFaWEtta3Fqb3VXT3FTMzhQUVQ3QU5EQWR1bXViZHNzcUttVE9n?oc=5,"Sun, 01 Mar 2026 08:00:00 GMT",Geely Extends Lead Over BYD With Biggest Sales Gap Since 2022 Bloomberg.com,2026-06-29 18:16:22
Geely News,Geely first Chinese automaker to ship EVs to Canada - driving.ca,https://news.google.com/rss/articles/CBMijgFBVV95cUxQa2dLOVFkbTNJNHJQdXFUUVpqeFlRVE80ZVdTcDRoOTREcF9XN3M4aXc3TFBKbWhVZ3d4dFdPamp5VHoxYjI4d183NXVWYlJtNkExX1ZHak9oY0NmeEV6M1E3M1hoYWE3OEJyMHNENXJ5SVZnSFdhS2phYTY5SmlYNFNoc29Wdk1hSWdobXJB?oc=5,"Fri, 08 May 2026 07:00:00 GMT",Geely first Chinese automaker to ship EVs to Canada driving.ca,2026-06-29 18:16:22
Geely News,"Geely doubles down on methanol, says lithium EVs too heavy for future transport - CarNewsChina.com",https://news.google.com/rss/articles/CBMitgFBVV95cUxNVzdTbi1KOXZHZjBSQktDcXFVYWRERkVtNlE0Y0NGN1ZyYzFvb2pvdE5fVHNvT1BFLWE3VWxvRUh3UnlQeTU1RkZyYUlFWjl4YmlmOXNvZE05WURXSEUySUkzUHJ4X2o5SnZTRWV4ZE1TS1NYQkRpVmlfTzl1NllkMUxtQVl2c3pLdk0yR3lqd2JOLVpoeGFGZjE2MHlWYWtsR1JWeFQ5WWQxSkZncG8xaDc4QmVIZw?oc=5,"Sun, 12 Apr 2026 07:00:00 GMT","Geely doubles down on methanol, says lithium EVs too heavy for future transport CarNewsChina.com",2026-06-29 18:16:22
Geely News,"Geely throws in extra incentives, including free home charger, to help drive EX5 sales - The Driven",https://news.google.com/rss/articles/CBMiuAFBVV95cUxPRHo3SU16V3FYM1k5STlqUzM2ZFV6clhWOFVTaFRFN1htYmlxSkgwQ0I0VVY1RHFKY3pqMVJNTVppTXRGaEhoOWVUZ1hfMmlLTDJRN1g1Y2ZGOUtYNDZmbUI4TmExNXUzWUZ5SEoteFNLRWZkYk9HenI0d29haWNzUWRfRF9PMVRkT3JIajgzRmZNWnJvcXk3WlgxV2o1Y0JkSnd0c0psREplT3BSOHZtY3BxZm05WGFj?oc=5,"Sat, 04 Apr 2026 07:00:00 GMT","Geely throws in extra incentives, including free home charger, to help drive EX5 sales The Driven",2026-06-29 18:16:22
Geely News,Geely & Xiaomi Shine In China — January EV Sales Report - CleanTechnica,https://news.google.com/rss/articles/CBMilgFBVV95cUxON0E2cHBCYk51X0hUaWVLYzl6aUpPZFFuTlV3emVxX0tSYzBTRElyZjZXWlpKaEcyU3F3ZzdTbnZpS3JveV9aeTNZS1VwZkZyRnZLNGlUclRNR19iclNYMThWRTI4dGtsLTMtdVNVX2ViYzBVcjJqX1hPbVJKbjBXTjhXc3BlQ2VPd2ZYNDdLUkFQZVlNYkHSAZ4BQVVfeXFMT1RUQ0RhWnkyeThjMWgyR2FXRzhUYTZ5QVpGTzdseDgwcW1zUW1fTkM1M3lkeUVmSHE5TDR2cnNQRlN3LThncWcxSWlmRFB4SGJmMEU1U2hRdDBud1RtZFFFX3R2VmJBYTZHV05VODc0bjd2THJsY3dGbklCNl9leUJfWUxyQ0ROaFRibll2dUZHc2I3eHNKcFRwMFF4RXc?oc=5,"Thu, 26 Feb 2026 08:00:00 GMT",Geely & Xiaomi Shine In China — January EV Sales Report CleanTechnica,2026-06-29 18:16:22
Geely News,China’s best-selling electric car is the Geely Galaxy Xingyuan - electrive.com,https://news.google.com/rss/articles/CBMinwFBVV95cUxONlY4bDdOclgtRGdJelN0ck00WTd2dHZtdExrMDhudWhMNG1iUGlINndDM0dZd3NNM25YNGhKSm9zc1dabDhnQ2RKZ1dFM2w3LXJQNzVfdlpIMU43WmtPMy1KXzNhZVFrM3BGbThwek1WRkNNQnJQWmhyYmU1MUEzY3N5aDZEWXJkdEZHaHRKNXdwenN6U2EtVjZaeHJ1eFE?oc=5,"Mon, 19 Jan 2026 08:00:00 GMT",China’s best-selling electric car is the Geely Galaxy Xingyuan electrive.com,2026-06-29 18:16:22
Geely News,Is Mercedes-Benz planning a new EV platform based on Geely technology? - electrive.com,https://news.google.com/rss/articles/CBMiqwFBVV95cUxNVmU3dGNIWmx2T0lQX0ZXcDduODFfcVFiMFRlVTJIT3VIUzFMUHFpcG9tMk5IX3RTYTA3TVJWVERhWlBRMEdoV1ItVEttTEFzTWFTYW1tNGpmanJWQzdZRUF5VFBnZVNHbnh6T2dtdVZJampqLWNpVldwTGFuczVJYkE3cEtUWnduR2pZUnNabGdKV05vMFhDdlp6bGR2bm1aTWlKMDBGamhsS2M?oc=5,"Fri, 06 Mar 2026 08:00:00 GMT",Is Mercedes-Benz planning a new EV platform based on Geely technology? electrive.com,2026-06-29 18:16:22
Geely News,"Chery EVs land in Canada, Zeekr starts hiring in Toronto, as China EV makers prep launches - Automotive News",https://news.google.com/rss/articles/CBMiekFVX3lxTE51Yk5tQjZxVFpSRnVYaGxaam9OSVVBYlFMOHBWT2ZTdkRFZzZtdDRLQzZySHJjbXlaS0h6eFlhaTYzcW44X2psdl9ON3NpZGNzM3lhaURpTUMtcUFnOUJucTlrcDFDM2dqN3BaNFVvVm5uZm9NNGdwdU1B?oc=5,"Tue, 05 May 2026 07:00:00 GMT","Chery EVs land in Canada, Zeekr starts hiring in Toronto, as China EV makers prep launches Automotive News",2026-06-29 18:16:22
Geely News,Geely EX2 and EX5 spotted arriving in Canada for testing at Pearson Airport - driveteslacanada.ca,https://news.google.com/rss/articles/CBMib0FVX3lxTE04TU45Q3ZNVVJzQjJobjNuTXN1azZWa3g0c0hFdTgzOVI3RS1acE1lTGZRak44aHk3blMzc2xZLTdLUHJmXzlXaEstUlVTV1BuSWJDcGdyVHhudEs5TlhfSVZaMnJyTlZWU2I3ZDFNMA?oc=5,"Thu, 28 May 2026 07:00:00 GMT",Geely EX2 and EX5 spotted arriving in Canada for testing at Pearson Airport driveteslacanada.ca,2026-06-29 18:16:22
Geely News,"BYD, Zeekr and Geely take top spots in EV sales, as Tesla slump heralds changing of guard - The Driven",https://news.google.com/rss/articles/CBMivAFBVV95cUxQUG1sQnNCcVFsbllxWVFXUHZUTjFmRnd5SDdYWEM4U21LWTdoNXgtM1dMWTRrZVdUSHlaRkpOR3dmQ1laLU5Oa1Z3RDJZd1JBaGtrY1YxeTIwTGd4QlQ1S0VTT1FMa00zZmhrTHFzZjhaeGoxX0ItNjkyUDBHekJjc29JU2dwQXR3ZjRGVXVSZWdib3gxcVBHRXhJNkc0b2lSQ0V4NHJFMGZZTU9HZkVUanA3V0hQbE5SOXNlaA?oc=5,"Wed, 04 Feb 2026 08:00:00 GMT","BYD, Zeekr and Geely take top spots in EV sales, as Tesla slump heralds changing of guard The Driven",2026-06-29 18:16:22
Geely News,"Geely enters Spain with two electrified SUVs starting from 33,490 euros - Mobility Portal",https://news.google.com/rss/articles/CBMiqgFBVV95cUxNN3M3d3M2ZUF1cWozNGJfZ0hzV3BTS0NGbG5XSlhpNHBWQXF1b0EyRWNNSnlRb2dqT09FVlY0QUM4M2FtemduRlh1dEcwMFI0MnM2LWFTWm1ybEd5UlcxVExmWGpDMC1sWExLVlp0cHEySmJyRkl4U19uODhURFN0Y0ZTN000MmRzYUdiVWNpWF8ySHU0eDRrdXRCSy1tVWtIREVMeGM1dXBJUQ?oc=5,"Sun, 15 Mar 2026 07:00:00 GMT","Geely enters Spain with two electrified SUVs starting from 33,490 euros Mobility Portal",2026-06-29 18:16:22
Geely News,'Chinese Cars Are Ready For Prime Time In America': Geely SUV Crushes Every U.S. Competitor In New Test - InsideEVs,https://news.google.com/rss/articles/CBMicEFVX3lxTFBGSzltZHhCMGhxdWYzeFBvUkR0WTNsblY2ekM0SFc1anlyaDVCR0RxTmoxelBuc3pRbDMwTVUzTXZtUk00RnVrUXNZWTdmVmJuUVB0a2pyNzI0empMMV9jZDBJRW5GVDlWRUxtTkZRS2k?oc=5,"Fri, 03 Apr 2026 07:00:00 GMT",'Chinese Cars Are Ready For Prime Time In America': Geely SUV Crushes Every U.S. Competitor In New Test InsideEVs,2026-06-29 18:16:22
Geely News,Geely to Tap Volvo’s EU Plants Amid Industry’s ‘Very Serious’ Overcapacity - eletric-vehicles.com,https://news.google.com/rss/articles/CBMiqgFBVV95cUxQMFBWaVA0YXgxcGtLV1cyQ0NGX0pSQlktV1FxTVBVV3FpM3pHUGhORW9kNFd5VUZmMFQzNkxuYm9ac1lGV3N3Qm40VzBLdk02cjRxbUE0ck12NUVkMnFxa3VMLTdDRjRWd3BrdTUtMEZLTUhBMmhwUGdfWFJuLU03cW1tNzRNQTZzVmpHMFF1Nm9SSFNlZ0NGTjFvT0loVVVOU1pJb3hmSm1NUQ?oc=5,"Tue, 31 Mar 2026 07:00:00 GMT",Geely to Tap Volvo’s EU Plants Amid Industry’s ‘Very Serious’ Overcapacity eletric-vehicles.com,2026-06-29 18:16:22
Zeekr News,"Zeekr to Launch 3 New Models in Australia: 8X, 9X and 7GT - zecar",https://news.google.com/rss/articles/CBMid0FVX3lxTE9TdzJ2STRmZFJmMzRmMFAwcXFXeWhLeUpyelN4d0VTblh3dXpSTUFFOGFVZ3hROFZ4cnNSeUl6Q3hZdTZxS1JqRnotaWxxRDBacHFtYXJoTFMySlBCNU5PQUxKNllzd3hDTktsamVMZDQ1eV9RUWE4?oc=5,"Mon, 29 Jun 2026 08:14:13 GMT","Zeekr to Launch 3 New Models in Australia: 8X, 9X and 7GT zecar",2026-06-29 18:16:23
Zeekr News,China’s EV brands have Europe’s luxury marques in their sights: Zeekr executive - South China Morning Post,https://news.google.com/rss/articles/CBMiyAFBVV95cUxOUk9iVFQ5N29WcEtJYmk5SmRhRWtLX3N1RlE3X21ER0JfYkxoekh5QXh0TVUxaGRVcGRQdVlOaGRsdGZmd0J0VmVLazRTNWw3a1dTSXJvdmhsNGZWWUZCTlM0X01Wc2VmMkNZM2twWHozVjJhQmVOSHNVU2VNb216VGcydWRDeTdIbTBGQlRPMzJ3algycEctQklfM3dTTV9nUVBNaWpNT1ZmLW5adm1HUXdsLUFLYVBKZnpvRDg1UVRIdE96Yk1fNNIByAFBVV95cUxNNkZQU2tMaWw0MVNna2I3d0VyWklwVXAwTlJRSW43WmFCLW9raHZEOG8tTldFWGgzVVV0WThiaV9ESVNHQjV6RU8tOHZyQVNpRHFONG40TDNlaTNkczVRRmF0bnJEVm5mS0E4OHRmUTVyLXh6MWZXR3dsQUU1eUlaeG5ac2FBNWw0V1N5NjdXNUZHWk1yQklmTG9wZGVfVFBUNkg1V3hidUNDN01mV2xKQUt6NjJCQnNzaHdleEhNVFdfdGFielM5WQ?oc=5,"Tue, 23 Jun 2026 06:00:26 GMT",China’s EV brands have Europe’s luxury marques in their sights: Zeekr executive South China Morning Post,2026-06-29 18:16:23
Zeekr News,"Lynk & Co opens pre-sales for first wagon 07 GT, undercutting rivals - CnEVPost",https://news.google.com/rss/articles/CBMib0FVX3lxTE1WLUVZZ2ZxRXRBMkZhVVNmb2dsd0t6ck1rXzV2U1lzOWVDRWw2OFM3RkdjOVZlSm5zbHc3TnpzME9VN1Vrd3RBdy1EVUFxcmZvUUJKQnhkNGRJa3lPY0Z0OGFoSmVJZ0ZxdWdYblA5SQ?oc=5,"Mon, 29 Jun 2026 14:15:11 GMT","Lynk & Co opens pre-sales for first wagon 07 GT, undercutting rivals CnEVPost",2026-06-29 18:16:23
Zeekr News,Zeekr 7GT review: daring electric estate is a breath of fresh air - Select Car Leasing,https://news.google.com/rss/articles/CBMilgFBVV95cUxOQzA1WEF3Sl9WUExiLVd6UFpud004dEtRSU1seDF3UG5ad2haeWRaRnNRNTJoYWdZakZZcE1KWnUxaDlLbVhSNUx6TWlVSS1sUExfYTRuakdhV1dkYTU5Z2NhRjVzcm5menZMMXhFeVcyQzljMXNTUGlhWGo2RE1UTFZ4M2wtU0gxUmYxRlprYXMyQUZHQmc?oc=5,"Mon, 29 Jun 2026 10:21:00 GMT",Zeekr 7GT review: daring electric estate is a breath of fresh air Select Car Leasing,2026-06-29 18:16:23
Zeekr News,BMW Veteran Says Chinese EV Brand Can Match Mercedes And BMW - Autoblog,https://news.google.com/rss/articles/CBMilAFBVV95cUxPQi0tY1hZM3B5QUpzbFJaWFhIcWhHLUZiTlJyNDJTdnZ6THBlRmdOMGhlTXBXXzRTQWpiaGhHWXZkNExkRkxZcTRZZ0toSllTeVFoYUQ1U21NNnM2RHpwUnljMWd6UGZzVTd5UkNSSXNLOTcyai04NUpqVlN4Vk41VVV1V3BLY0xuT2c1MHRwa3RFZ3Uz?oc=5,"Sun, 28 Jun 2026 17:15:00 GMT",BMW Veteran Says Chinese EV Brand Can Match Mercedes And BMW Autoblog,2026-06-29 18:16:23
Zeekr News,"Small electric SUV from China's Zeekr outsells its entire 2025 result in six weeks after major price cut, spec boost - drive.com.au",https://news.google.com/rss/articles/CBMiowFBVV95cUxNOXNnQ2NRU2RacG5lWnlJYWtDQzRYOF9rUDdUVlVqbnJibENwUzV3UUktdllDVzdRb252ck5wWTllWmxBaWdxSFN2Q1RLRWE5X2dmYU44dXpacWFiUmk0NkhtZlZIU3g3WjdPVVNQX3lWVWV5OHJPRXotZm1lLTFSRTlVc2F1Yl9lcTEwcHUzaWgwQTZDS3RwXzJnR2pZajllb1Iw?oc=5,"Sun, 28 Jun 2026 20:52:32 GMT","Small electric SUV from China's Zeekr outsells its entire 2025 result in six weeks after major price cut, spec boost drive.com.au",2026-06-29 18:16:23
Zeekr News,Zeekr partners with DC Handal to expand EV charging in Malaysia - Yahoo Autos,https://news.google.com/rss/articles/CBMinwFBVV95cUxPOUxDcnBySzJzalNQbmFPdkFFcVc1cEMtbXVDSUlia2hWZENwbmU3N2gzUWx6UnBST2RlQnJKR2QwU1ZhdVZGb1NKUDVnRWMzMHlQVDNKZjFORmdlRkcwb0dZWms3MGxfeWlSSWlyYnFUZ1J6aEFfcS1Cbm9GSWZEVm8zVUhKVUY0aGw0Mm1CSVJUWGRDUGpGQUMxRGxUcW8?oc=5,"Thu, 11 Jun 2026 07:00:00 GMT",Zeekr partners with DC Handal to expand EV charging in Malaysia Yahoo Autos,2026-06-29 18:16:23
Zeekr News,Zeekr reaches major milestone in the premium EV market - The Driven,https://news.google.com/rss/articles/CBMikAFBVV95cUxPT3N4cUNreUJqS1FSS0tkYzh4c2h5TFU5SlBGZUxydnFxVjBBMUx0MUdFMFhZMTZPWXkyTlU5blZUXzdXUUlyTUY0M2xEZmhSdmFHbUlEc0d0UEZubXpXaUFDSVNrT21jMFZPa1J6OXlyQVNXR2FNZThQZHdzaDFxaDV6S1Jya2l0TXN4MHB4OHI?oc=5,"Thu, 11 Jun 2026 07:00:00 GMT",Zeekr reaches major milestone in the premium EV market The Driven,2026-06-29 18:16:23
Zeekr News,"Geely seeks to double Zeekr sales abroad, eyeing Malaysia output - Nikkei Asia",https://news.google.com/rss/articles/CBMivAFBVV95cUxOOTZzam5iTnFxZC1GM1RVWE4wUF9BR0RfSUNNT2ZManNPcGk3MmZjZnZIZ0tFZ003ZE5kVXBWV1pCN01FVVJZOF9pRHBacXRHN2Q1Wmo2YWRPMHBaVF8zVm1HdTVURGR5U2ZLbUZ2eXJqWW9oY3YwdlFoa1BPbVFJT1p4N2hhaW1UUThyQXpZUGJ2dUdvb2pMWnhnelZiZW5EcjdxNUstaHYxdUNsamppaHU3MTl6d2FuaS0xYw?oc=5,"Fri, 19 Jun 2026 07:00:00 GMT","Geely seeks to double Zeekr sales abroad, eyeing Malaysia output Nikkei Asia",2026-06-29 18:16:23
Zeekr News,"Geely’s Zeekr 8X claims segment crown with 6,103 units sold in May 2026 - CarNewsChina.com",https://news.google.com/rss/articles/CBMiqgFBVV95cUxPT1JJRC04dk0wQmFkNVFiVFExYzRRRlM1X1I0V3BlVjlRSWlrVE9CRkFoQTh3dWtiam1sTTcxQUd3ckJsTHN3NHpIeEtqTkwyTXJ4dktudFlpZFZmZGh6OGV5U0lIeV8wRVlhMW05b25LaWNWUU5XLUhmNzczcHo3ajdTczdJRkdrRmJURUcxVm5zMGpsQkxzV0FJMV9Tc2RhSWZOUEJka0Zqdw?oc=5,"Wed, 10 Jun 2026 07:00:00 GMT","Geely’s Zeekr 8X claims segment crown with 6,103 units sold in May 2026 CarNewsChina.com",2026-06-29 18:16:23
Zeekr News,"He Spent 23 Years At BMW, Now He Says His Chinese Brand Is Just As Good - Carscoops",https://news.google.com/rss/articles/CBMiaEFVX3lxTE5HZEhtT2xGN1o4LXZnMEstcDE1OWJZQ0liTFJ5SDNidVVQZ2ZPNnI5d2xGNHVnZzcxX19oTmdKZ2NpU2ZxRmQySDZ6OWFfYnAxd0FvVUdrdE9uazhOcXEzZnUyaGtCbmpm?oc=5,"Wed, 24 Jun 2026 17:53:09 GMT","He Spent 23 Years At BMW, Now He Says His Chinese Brand Is Just As Good Carscoops",2026-06-29 18:16:23
Zeekr News,How safe is an electric car in a crash? - Electrifying.com,https://news.google.com/rss/articles/CBMiggFBVV95cUxPNDhjbF95dkpTczJaRHVsN1E4bnNSNkpVSzJha2ZUUERkUzRXWFZ5cmpSV0N3dnpzSkJDVm9tMVRJUDVLbnJ0UDZrTTR3QnplVGNlc1p6LTdscmdTNGRidDhTcGRKbjhUaEIzMkRGWFlzUkZWZWpGY2JCVEdJZVltQ2pn?oc=5,"Thu, 11 Jun 2026 07:00:00 GMT",How safe is an electric car in a crash? Electrifying.com,2026-06-29 18:16:23
Zeekr News,Zeekr 009 Grand & Zeekr 9X Now Open For Bookings - Chinese EV Carmaker Makes First Appearance In KLIMS 2026 - Pokde.Net,https://news.google.com/rss/articles/CBMigAFBVV95cUxOWGJKcUQ1a2NyZGlsU0t5UzZiUHpEV0ZNNjBwWEpId0ptdk9IWWhKLW9ZeDM4Q3NlX25rM1I2dGNyUkE2dlFKUmZVeGsxR2pGVDRTRnZoQ1dPLVg3OUNjVllHRHh6X3I3VVpKbjRJYWtmNFE4aXdBZXpsQ2s3MVBhNw?oc=5,"Mon, 15 Jun 2026 07:00:00 GMT",Zeekr 009 Grand & Zeekr 9X Now Open For Bookings - Chinese EV Carmaker Makes First Appearance In KLIMS 2026 Pokde.Net,2026-06-29 18:16:23
Zeekr News,Zeekr Korea Unveils 7X Electric SUV Starting at 52.99 Million Won - 조선일보,https://news.google.com/rss/articles/CBMiiAFBVV95cUxQdnB0YXlKeG5iWXNBdFNHYkJIdnFVcElSWER3RmM5c0hjRW9Gdl9wa1Rja1V4QTlhVC1TNnNTVlpQaERNSTUxRzNXX0xpQVQ1d0dFd0pyWXNjLVZzNmxXdzNHZnJnQllrMHVHTTV2aUJmRnBCcHVHSHRaRVF1LWtsUVU5Mkc2d21p?oc=5,"Fri, 05 Jun 2026 07:00:00 GMT",Zeekr Korea Unveils 7X Electric SUV Starting at 52.99 Million Won 조선일보,2026-06-29 18:16:23
Zeekr News,Tesla sets Australian EV sales record amid Zeekr challenge - MSN,https://news.google.com/rss/articles/CBMi8gFBVV95cUxOdmNaclF2RzEyYmx3bFBXUFlma1hNX2NYMmJETnFCZXpRZWJQQ2lJZHJXdElyc0dkVjVhQXM0bG45Z1ZzVkJvc3YzUElCdWtkd2NQTlNuY1BJT0tQWGhaTjJtdkFWaFhkdkFzeEQyd1UyVnBwNEN5Q0loMmdWYkItUHM2clcwNFJyMFIyRGM5Zk9Md3NfTGpGMFR0eHNHS2x5Z1VXc0JoRF9ZOEppSzRFb0Z1aUg0dmsxelN0ZTVPOFpmZXdZZWY0akhHWlRlbjhjb2NiOXdiWm0xQVdBWmxoSmVHd1pyNDdYWm8zRHpaR0h0QQ?oc=5,"Fri, 05 Jun 2026 07:00:00 GMT",Tesla sets Australian EV sales record amid Zeekr challenge MSN,2026-06-29 18:16:23
Zeekr News,"Tesla Model Y RWD vs Zeekr 7X RWD: Price, Specs and Range Compared - zecar",https://news.google.com/rss/articles/CBMijwFBVV95cUxONFNoTkYxWUdSd2RkSC1QdWpGRzZPb0VXSWg4enFNTm1lOXhxWnplNmVBY1hGMU5aZzhUNXJjLVloTjlVbXhSeVNfNkRTYWY1MEhFQnJOMmo3U2RLVU93NmxEVVJEdFZfVHZHZ243VUd4YVZIeVlOeW45SDduWndUM0VjdWpmZVJjSzFqQkIyaw?oc=5,"Tue, 23 Jun 2026 01:12:41 GMT","Tesla Model Y RWD vs Zeekr 7X RWD: Price, Specs and Range Compared zecar",2026-06-29 18:16:23
Zeekr News,Zeekr's May deliveries hit record high as premium models drive growth - CnEVPost,https://news.google.com/rss/articles/CBMia0FVX3lxTFBKcmEyS3gzd0ZhVHhZbDkzdjB4TXJubk5hdXNlSW9oWUJPcTBhTnByemlXWGtiQVhnVm1LY0RWZ2tuYjktSVhwYnMyYzdvSEZrWXQ3SDQwVFBzLXRuSUpCOEZ5X3VSWlZoeXdn?oc=5,"Mon, 01 Jun 2026 07:00:00 GMT",Zeekr's May deliveries hit record high as premium models drive growth CnEVPost,2026-06-29 18:16:23
Zeekr News,Chinese EV makers recover in May but competition fierce amid overcapacity woes - South China Morning Post,https://news.google.com/rss/articles/CBMi1wFBVV95cUxQdUl2eVNrMzd6N0dtenlYV2lBNHFMTmh0X09zUTM3N1dKNXhMdzRuNzBhUjlpSW5aLWRBaG9ZTFFkTUJGOHczcWNsVlk3YVFTZWdJN1A0em1DOUVoNlpvWGpGd0dhR2drOXZSY1M0T2pMdWUyc3RiSjJaMDd4VDJ0X0dwOFVOVjhvakk1NXpsSTJyVG1xUGJidlBGNGZPc2J0dVNoOC1qdE84R3FINzdoam5JT2l3bTNqQUxYX2U3MUYxaEtGT1owZjlvU25KNmhKS3ZfdV9WMNIB1wFBVV95cUxQbGR6SE01S09tYnY0VVNYdFo3UkZBMDZ3SXdubmdpY3RvZjZqcmwyMHlEWlZYbmY5WU94cngyV1RtTEdCbkhOV1dJeWROcGNpR3ZVamNlNVN4c3BFNURIMWx5OF9MMUpPblNEVFlDZHBYc25XT09ucF81MTI5SThtdzJITGtzeDFvSUJ1WmpNbV9vMFJ2ZVh3RUEwQklSeFZCZjlGZDNTUmRuSmE1b0pTWnNoZjlzZWZJLTdYa3I3UVVtdVcybG9Gdnh0Q3lEZVIwbDlmOWpEWQ?oc=5,"Mon, 01 Jun 2026 07:00:00 GMT",Chinese EV makers recover in May but competition fierce amid overcapacity woes South China Morning Post,2026-06-29 18:16:23
Zeekr News,Zeekr rolls out first OTA update for 7X electric SUV in Australia - The Driven,https://news.google.com/rss/articles/CBMinwFBVV95cUxNeEE4WDU4dm9UZnRmZlE0YWVmOFJKLVVxeUlkQTg4Y3dvRUNpRGFtR0pQa2s1UC1Ucm5rN0s5MEwwR1F2YzR4bzhBWGhOOVViMEhCaVpSWF83eElDRFV4Z0ZkeWlUVTBWclFybFFwNlZialNBS1ZUMjZuTXJRQ2F1TE5sbl80Nnh5VGwtOGZUVy1MTnBsMnpidW5LM05aak0?oc=5,"Tue, 02 Jun 2026 07:00:00 GMT",Zeekr rolls out first OTA update for 7X electric SUV in Australia The Driven,2026-06-29 18:16:23
Zeekr News,"Zeekr 7GT: how does it drive and how much does this Chinese electric car, designed for Europe, cost? - Il Sole 24 ORE",https://news.google.com/rss/articles/CBMi1AFBVV95cUxPVVczc2cxV0NkTUN1TmFUdzhuTmRmSDl0bDdCVVY2WFphOUxYOWVTcXhRbm1VYzhwOGVyeS03b25pUUZ3RzRDdTR0R0ltT0NOZ3prRUotU2RucmlfeUNUa0QwaEpGWnhFb3pYQk9YSloyM09Db1o3Skxtak1PWkpYMmhoVnY2QkhTaDQ5R2MtSXFnUFZNSDJxSktRT3o4UVF5LVA5YXJibmRSSkg0eHFhTzRUbHpkSmEwSFY0emxxcWNiMnNHN0dldndBNVJnOTZoZl9FbQ?oc=5,"Mon, 22 Jun 2026 07:16:21 GMT","Zeekr 7GT: how does it drive and how much does this Chinese electric car, designed for Europe, cost? Il Sole 24 ORE",2026-06-29 18:16:23
Zeekr News,2027 Zeekr X receives 1200 orders in just six weeks as the updated electric small SUV makes strong start on BMW iX1 and Volvo EX30 - CarsGuide,https://news.google.com/rss/articles/CBMiwAFBVV95cUxQdk54dmM4RGgyNVNqTFNmNFN1T2poM3B3aFJEWUd0ZFZOMXk3NHBjMWFjdGxNNnZrNmY1M0s3VEF1dkU5emYzQjRqLXlsNmRwU0xWWFNKektEdnVLVGpISXJpcWRFVlZZbTJQcEZwY2hvdGZiNmtOWXY3Mm9rd211elB6NmF3ZGtWSUhyZTlUYlc3Vlo5enpVSnhVTG40cGpEaFFTR21Wb2pUX1hkUWRpZkIxVEtHa1BCcWxsZEpjUHA?oc=5,"Fri, 26 Jun 2026 06:39:11 GMT",2027 Zeekr X receives 1200 orders in just six weeks as the updated electric small SUV makes strong start on BMW iX1 and Volvo EX30 CarsGuide,2026-06-29 18:16:23
Zeekr News,"Zeekr 8X Flagship Plug-In Hybrid SUV Launches in China From $52,343 - The EV Report",https://news.google.com/rss/articles/CBMikwFBVV95cUxNcWFRSV8zSWk4cFU5QUUxM29HREpQWlg5ZWZUUmFpajF2ZDBEYkNFZ2g2ZHFhS3lscEpxV3VGbEdHOHNUSXhfQzByQXNtRmx2Nkp4YzY3ckpJNV9TMmxLZFBza21XNUVWV3NvS29HaUc5Zm9wTFV1Mjd0b2gtWWYxVDNScVFkU2x4M2szX01tXzJnTWc?oc=5,"Mon, 20 Apr 2026 07:00:00 GMT","Zeekr 8X Flagship Plug-In Hybrid SUV Launches in China From $52,343 The EV Report",2026-06-29 18:16:23
Zeekr News,Zeekr 7GT (2026) review: wait for the slow one - Car Magazine,https://news.google.com/rss/articles/CBMiaEFVX3lxTE9wZ1pmdGRVZFB5eTY3UUdfekxKSjljTkFxMGpHdVFpa0Y3bzZtOGYxS013MFJGYzFJQVd0YWRlUlF2ZXpOX2N4NnczbktlUzNMa1VBNC1WSXYtcTBLZnAxNXQ3Sy16TmtP?oc=5,"Tue, 23 Jun 2026 07:00:00 GMT",Zeekr 7GT (2026) review: wait for the slow one Car Magazine,2026-06-29 18:16:23
Zeekr News,"For $54,000, Chinese Zeekr 001 EV offers 912 hp, 10-80% charge in 10 mins - The Supercar Blog",https://news.google.com/rss/articles/CBMid0FVX3lxTE13QXFwSTNVZEV1akRrSENqanZNU29wVFlQMktTOGZxUXMzaTk4SEJuMV94SnBDTVY5d2oxb0FaYzI4UEJJQlNYSTlObDFlMTZQNW9kZ3pDLUR5eDkyUlg2bkdxQ2tNVFFlYXBnS2FIczlLUE1GVC04?oc=5,"Sat, 30 May 2026 07:00:00 GMT","For $54,000, Chinese Zeekr 001 EV offers 912 hp, 10-80% charge in 10 mins The Supercar Blog",2026-06-29 18:16:23
Zeekr News,"Zeekr 7X becomes best-selling premium SUV, and claims thousands more orders - The Driven",https://news.google.com/rss/articles/CBMiqwFBVV95cUxOaUx6eDE4Tk93aDlhSUkyVGFEcy0teEpJVlFtR0ZQTFFEMzZiaWctQXlFczMtYzBYdUN6UlhOdzZnYjNKY2VhX2EyQ2hyclVsN2xuc2RKdzZ2RFpQcWJxTGFQME0zQURFSF9KNDRFU0FDQnMzQnZDWWk2VGtubTh5WUFnOWd4b0o0Si12cjVqRllkaUFhSDNiQkdnSFhaSXhxcm9NczFYQjM0RG8?oc=5,"Wed, 06 May 2026 07:00:00 GMT","Zeekr 7X becomes best-selling premium SUV, and claims thousands more orders The Driven",2026-06-29 18:16:23
Zeekr News,Russia’s Kyiv Strike Burns Chinese EV Brand Zeekr’s Dealer Showroom to the Ground - UNITED24 Media,https://news.google.com/rss/articles/CBMixAFBVV95cUxPd1hFdjh3WjE3cnlyTW1rY1dtemVSTGpzQkZIWGJmLVpMSTd1YkZiQW5fQ0Vzd09xcWMxYU9XaDZaeXBfN041eEZfd25qR05nb3lNUVppRUxjLXEwQkVQUjJfbnh2ZUZsc1B1WUs1Z1lJRWxLellGM3JnRUEwQVRjLXFWZDJSYzVKVVE4MmdJSmxpZ0NyMDNiTHpBWVBvZ3YwRDFvcnBxa1hmcjFibzd2dUthX0ZocjNPVzF0WlF1TWk0cjJ2?oc=5,"Tue, 02 Jun 2026 07:00:00 GMT",Russia’s Kyiv Strike Burns Chinese EV Brand Zeekr’s Dealer Showroom to the Ground UNITED24 Media,2026-06-29 18:16:23
Zeekr News,Zeekr clearing runout X small EV stock with finance discounts for EOFY - drive.com.au,https://news.google.com/rss/articles/CBMijAFBVV95cUxNd1M0ZGtDZ1J6dTlmbFphNktCUVREZWc1NVlBeGRoZWVwSnhWQ3Jzbk5RNEVSWUdUUDBJOXdLSXdReWZCNkNnZ3puSGY1U1Z3S0xLWThMbUx3V3ZCQWJ5VVViWmpsNFpIRkNzV2NsTVhMUWtaeU5MLVZaNlpnZ2h3M25rd0ZrUzJscXp4WQ?oc=5,"Sun, 07 Jun 2026 07:00:00 GMT",Zeekr clearing runout X small EV stock with finance discounts for EOFY drive.com.au,2026-06-29 18:16:23
Zeekr News,Zeekr: China’s new kid on the block could be exactly what South Africa’s EV market needs - News24,https://news.google.com/rss/articles/CBMi5AFBVV95cUxOU2E2T2dpdlB2UjBqVzBOa21pS2hzZlFYVU9fdmp1enlpbnhjQnc3TUhnc2FaRXBLenhUSDZ1Uk9pUklpYWtTeWNwazFsN0g4NTFqVDVuZVpFYVowV0xHWXI4MGEyeHBGajVQSEw5bDMyT196SHQ3QjFwWHZEYUlmaDdGa1dTTENWY2IwRnhtUk0xbHNNQTVnRXVtTV9ZbzZ5Q1RjWDM2SklUcjloWDZaWXVmQ2lMcXZGZHZ4ODJTekE1TGFnOTVoeHFqS1ZaRWt3Ql9uRVNsZUQ5S3FzYnVwYk82bjI?oc=5,"Fri, 19 Jun 2026 07:00:00 GMT",Zeekr: China’s new kid on the block could be exactly what South Africa’s EV market needs News24,2026-06-29 18:16:23
Zeekr News,"Leapmotor D99 detailed: Posh electric people-mover rivals the Zeekr 009 and Lexus LM with big range, high-tech cabin - EV Central",https://news.google.com/rss/articles/CBMi1wFBVV95cUxPRUpKV2h4eGV4ZXZJWjlvXzhHR0tJMlJBc1h3QVpUbjhwc1htUVlvY3R4LXVmbXZkXzVzeXpCMzR0Q2NxVUxreEd4TmV5TmJjRjR5RGNDZGlsZzkwbXRzbEgyS3FVNzNhSmE4c0w4Zzh2Vk9EVFFGcnk2N01YeTlZX3ZjeExjb09qaS1OczRsT09MZlJibkswMlNuNGFNcVhOXzZaU2FiNXhRLVVOWlExaEtJb1lzWEcwUTlWekRJdE1tLWRuV0ppcHJEU1AxOXJaSHBCcXJmVQ?oc=5,"Thu, 04 Jun 2026 06:03:45 GMT","Leapmotor D99 detailed: Posh electric people-mover rivals the Zeekr 009 and Lexus LM with big range, high-tech cabin EV Central",2026-06-29 18:16:23
Zeekr News,US car giant applauds Chinese EVs: 'Taking big swings' - drive.com.au,https://news.google.com/rss/articles/CBMikwFBVV95cUxNNVd0SlpDY2xISmtsUkFwV1k1Y3FBREt3TUFJYW1WYnA0THQyRHVOLXBKbUxVV3hXZWFUS1VSZ2xsQURNWF82REhHejdnRzBoZ1N3TGhsQmYzdGk5VkNtZmhhN1VoU1lMbnNZU1oxanpPU1B4LU9FT0JmTEhZQXEwUDMyOTNxVEdFN1lWWVM3dGVkMWc?oc=5,"Thu, 04 Jun 2026 07:00:00 GMT",US car giant applauds Chinese EVs: 'Taking big swings' drive.com.au,2026-06-29 18:16:23
Zeekr News,"Zeekr 7X Hits 5,000 Deliveries in Australia in Under 8 Months - zecar",https://news.google.com/rss/articles/CBMic0FVX3lxTFBuLXpLY0ZaQ0NBU2JMTmZoZm5qaDljYnpUUmc2Sm1Mekk5MXh5eGtaWW1MRWFiNDNJTUhmUWh0V2x4SWdfMzJ5cU4ybC1Wek5uWFNjT0VzVTVKMnM1Vld0TDZtVG56Mm1SRVR5OTZhVjJQYnc?oc=5,"Wed, 10 Jun 2026 07:00:00 GMT","Zeekr 7X Hits 5,000 Deliveries in Australia in Under 8 Months zecar",2026-06-29 18:16:23
Zeekr News,"BYD threatens legal action as Tesla, Zeekr and EV giants deny regulator talks: “battery lock” rumors rejected - CarNewsChina.com",https://news.google.com/rss/articles/CBMi2gFBVV95cUxQWFpsemN3eU5jSGdYMzE1TnRtRkk2STFHT0d3dWRNcWg0NnRjZEFkRWlHNVhwT0trOHM4V0JjVXhJVzE4U1VCX245LWI0UWNTR3ZDODFKdXFQWmZHRGpQc0R5N2xmd082UWZ0SUVQZzN0VUlJZmV2ZU5fMXVsRFU1dF9PNk1mcHhFU012Q2I1RW9BdWpQeTVCOENYYkZxdEoyVFI2NkpSN0tZRUhOVnVSaXpvMXJ6NEFJcUJ5UDFnLXB0RDUzNzg5NFRNZUFjODFHOElHU3FaZWJhZw?oc=5,"Sat, 09 May 2026 07:00:00 GMT","BYD threatens legal action as Tesla, Zeekr and EV giants deny regulator talks: “battery lock” rumors rejected CarNewsChina.com",2026-06-29 18:16:23
Zeekr News,A look into Zeekr's Philippine lineup - AutoDeal,https://news.google.com/rss/articles/CBMijAFBVV95cUxQaHNGU2FlVm8wOFNZWTdRbjBHaFVjeW5LbjBidm10WG56NGw5LVY4V1U4UWlQc1FMZkhfaDlyLXVONlhVSzNIdG5BbmxlUnJfUjlmOXFqb2tHRUdMUzlPNERqTlcxaU9mNjFkUjJ3UFk4WGl3bGx1SnVJLXR4Z0djYWxGdW9fbVpuVVNVUw?oc=5,"Thu, 25 Jun 2026 16:00:00 GMT",A look into Zeekr's Philippine lineup AutoDeal,2026-06-29 18:16:23
Zeekr News,My Zeekr 7X Decision - CleanTechnica,https://news.google.com/rss/articles/CBMiakFVX3lxTFBNb1VtVGRfVUhXNzdnQVhuaFlYQjVxdWhibWJwQlFsWEVvdjdEMkFjRUM1ZnVWaXdKMlBfVG5zdmpNN3E4Zmx1UEZjS2dCLWJrajY0dVhCSVN3aDVkdDJ6TmRGOVM5Qk1EeUE?oc=5,"Mon, 16 Mar 2026 07:00:00 GMT",My Zeekr 7X Decision CleanTechnica,2026-06-29 18:16:23
Zeekr News,China EV Sales Surge in May 2026: Zeekr and Leapmotor Hit Records | Subsidies Boost Demand - News and Statistics - IndexBox,https://news.google.com/rss/articles/CBMingFBVV95cUxQOUxfY09CYy1yWFlmcUVqNXFlNE5wV1RYZDY3NWRCdlZoSmpueFVKR29jR2xpLVY2dkQtUnRhYTdKdjRab2txN0VkbHhOVU5NT0Z0T21XVWtZY3R4Q2duX0R0VTR1dVdEZUNicjNYbWJIVVVibWlVT1FpU2dwMkZfSHpzaDlvNXY0S3Y4VkxqNTduZjZxTUgxUTRsaWtRdw?oc=5,"Mon, 01 Jun 2026 07:00:00 GMT",China EV Sales Surge in May 2026: Zeekr and Leapmotor Hit Records | Subsidies Boost Demand - News and Statistics IndexBox,2026-06-29 18:16:23
Zeekr News,"Zeekr X 2026 officially in Malaysia: Priced from RM159k, offers more features and performance - SoyaCincau",https://news.google.com/rss/articles/CBMigwFBVV95cUxPRXBqV1JLYzFNNWJBS0dJeS1JRURPMWRkOW00N1JhT2h5ODJaOHVlR01DY2VMSkdYbTFSeWV3bDZPckswdnlMeWtsSzRScHMtRWc1WUJiYnprekgxRExyZ2Z2RVNGOThLQ1lXTmlMLWpZV2luQkdRdzhoX21xenJEbGQ0SQ?oc=5,"Tue, 23 Jun 2026 11:53:00 GMT","Zeekr X 2026 officially in Malaysia: Priced from RM159k, offers more features and performance SoyaCincau",2026-06-29 18:16:23
Zeekr News,Zeekr offers limited additional sales of 001 anniversary edition to sustain growth - CnEVPost,https://news.google.com/rss/articles/CBMimgFBVV95cUxQTnh6VUVjNVhOWWdsNjF4ZEpYNzg1U1VNbTVPVE1PVEJkZVlLZWc2X2h5R2JiSHVrOHRRT3lFRmZRajVqeVFVakFZZzdlVEZLd251WHNiMWxjWW1PVjljQTlxRW1vYTJrdmFHc1gtT2t6SGxZNmZZVW9EOU53dzFlV3NwQlI3aXVNVTFKNDd6ZFpDN0ZZNWdCV0dn?oc=5,"Fri, 29 May 2026 07:00:00 GMT",Zeekr offers limited additional sales of 001 anniversary edition to sustain growth CnEVPost,2026-06-29 18:16:23
Zeekr News,"Zeekr 7X review: Late to the party, but still convincing - electrive.com",https://news.google.com/rss/articles/CBMilwFBVV95cUxQc0UtQWp0WVNsT3hpSWM2RU9YaW02YjYyd1dvRjBfOWJBdHpaMmlQYnJtcXplaFp1d0FoRjJfaThsQ1I0M3JhZnZOTC0yTDU1OC0zakJsZFYtc0p2NmNvLXNNWnF5dko3SGM0bDlWSFJ1NUFtZV9XaHJTMmtzQWZVQ3F0TE9nQW9qVUJhOWM4TjJyZmtybTRZ?oc=5,"Wed, 01 Apr 2026 07:00:00 GMT","Zeekr 7X review: Late to the party, but still convincing electrive.com",2026-06-29 18:16:23
Zeekr News,Chinese EV Manufacturer Wants To Challenge European Sports Cars - Yahoo Autos,https://news.google.com/rss/articles/CBMiqgFBVV95cUxNUElPN3dHazgyU3BlNE0tVDJaQng4aUFaV0dBeDNaWmEyeUdtNkRyVkRxQzZoUkpzUTdudGZsLWI4ZGJad0w3enpnSElZQW5rczdTa3N6bWRZYWI3UXRWZkJrQjdUb1RWSG5wWGhoc0ZReEZ6UE4tUTlNdFhVSnUwa1l2aEdhblJUMHVscGNKbElpdklpdGM3dDVzTkcxbU1vVmpodWI2UjNmdw?oc=5,"Fri, 08 May 2026 07:00:00 GMT",Chinese EV Manufacturer Wants To Challenge European Sports Cars Yahoo Autos,2026-06-29 18:16:23
Zeekr News,"Zeekr X pricing revealed: $48,900 driveaway for updated electric SUV - The Driven",https://news.google.com/rss/articles/CBMinwFBVV95cUxNQk9VT2dLQVRlQUI4OVpCYVBlY2hpOEpUazctX2VXVWtYakFoT00wRE9GZmZyODFqLUMwNXlsN0I1aUJVZlNLY1BmRm94dE9yR0FZUllTSWFlNG5wU3JBVFBnVGtyeTVMTy0wS01KeUdOQ2JhY2o5cXBlRHdNQU80QllzaE45eUlZcnJ2VS1lS3lrbGZHRWkzaHotTTFxTkU?oc=5,"Fri, 10 Apr 2026 07:00:00 GMT","Zeekr X pricing revealed: $48,900 driveaway for updated electric SUV The Driven",2026-06-29 18:16:23
Zeekr News,TikTok Makes Americans Want Chinese EVs They Can’t Have - Bloomberg.com,https://news.google.com/rss/articles/CBMitAFBVV95cUxNdzhfN0FWS21CaUlvbFdVSVkxa1lRTjJmV0ZvbnQzeVo5ajAwaTAwWTYyall6SDJ1WDlGSm5VZzlHT2RyOF8tU3JzTmFwVkM2cEcyYW1VSk9uUzdKaVRpYzkxTTFJUktfaUlhS2NKbngtLUNLeWw0OGM4THZEeDZmTlYyaXRQMVdyQW1ubWJia1Rfc3AzdDN4LW9VQks4ZEdCMG9rV1UxUHpQbVBkbkVUNl9Temw?oc=5,"Tue, 21 Apr 2026 07:00:00 GMT",TikTok Makes Americans Want Chinese EVs They Can’t Have Bloomberg.com,2026-06-29 18:16:23
Zeekr News,Zeekr April deliveries hit record high as 9X remains strong - CnEVPost,https://news.google.com/rss/articles/CBMiakFVX3lxTE9KT1F5eGFnVXdsNW9UckN4bEttSVYzUTZSRU9xUExIaXkyZl9yZU1JUF9qTjlPb0hfeHFUbVZUQjFZSjRkTzVtM1B3SUpIMThJRUhvU2Y1U0pXUnZyN2FxWVRfWTF6cnBCa0E?oc=5,"Fri, 01 May 2026 07:00:00 GMT",Zeekr April deliveries hit record high as 9X remains strong CnEVPost,2026-06-29 18:16:23
Zeekr News,Zeekr ramps up local marketing with GM promotion - Mumbrella,https://news.google.com/rss/articles/CBMihwFBVV95cUxOSGV2YThFckF2cExXMTlGWi1XM3dvaE1WaWw3R1NMU2d0SmNPdnBHaHZKVnJzc3kwNG41ZzhkbmZNRFpyZnFRSVdlbWRsMVZyWjYzREdnd1d6X3cwaDdpUEhkQ2tYOEJlRHR1M3FXd3YwNG1SY2hmU2p3bjRRTU0wOWtPUmhTTTQ?oc=5,"Tue, 23 Jun 2026 01:18:30 GMT",Zeekr ramps up local marketing with GM promotion Mumbrella,2026-06-29 18:16:23
Zeekr News,Zeekr’s premium EV push in Europe feels different - Automotive Manufacturing Solutions,https://news.google.com/rss/articles/CBMi7wFBVV95cUxNeFJubjExck5BYjVoY1YwQWs3eDZUSUl2elllT0MxWnowM3JiLVY2UmRUeHpJR0IwclRNZEkxcDFDOGtOczA5X3o3dWRUV0tzd3JGOHZFUVZMaG9TdV94dzIxWHpSNHYyOThEMGJLUW5zcWJXd3VMY3UyZ1JxejNZY2VuTVpicnZhSTRfYW9YalVNSFRXZHI2djdCZTlNNG1UMEUxZUlKZFM4Q29ja3hPemhwb3p5UmxCZ0p0YzZ4MjNzMVR1M2owYkg5ZEI0TF9qUVJnOXVVRVR3M1RCQ2x2MWhfZDhmQ0plSlplNE5Dbw?oc=5,"Tue, 28 Apr 2026 07:00:00 GMT",Zeekr’s premium EV push in Europe feels different Automotive Manufacturing Solutions,2026-06-29 18:16:23
Zeekr News,Zeekr’s 912hp EV Makes Supercar Performance Look Outrageously Overpriced - DMARGE,https://news.google.com/rss/articles/CBMimwFBVV95cUxNZVNKNEw2Z2JSc0pRV2pKbFlyakVYVUlUNUlyMlRRdTA0UEFuaktBNkRtUkxBcWs4cllxTjRrY0RzTFBjQ3JUb3A2R29VRHRsNFJWdHhUZmlFZXNKeFVMRlU5RDJmYkYtaDVIeEc4bFAyelk4dkpKSV9WdXBtV1Aza0hWSXBMbndndFVGUHcyQXFuaG5DNkIxVEIzcw?oc=5,"Tue, 02 Jun 2026 07:00:00 GMT",Zeekr’s 912hp EV Makes Supercar Performance Look Outrageously Overpriced DMARGE,2026-06-29 18:16:23
Zeekr News,Zeekr’s All-Electric Cars Take Over Milan Design Week With Alcova - Hypebeast,https://news.google.com/rss/articles/CBMigwFBVV95cUxNazRxZkRWQnUtaWl6NlJWLVpLLU1EeE9WNTJpdjhnV0hhUWh3Y21rd290VjlNaURXZ2VBcnl2MGdvbi12dEpWR0ZycEU3N2xHaXlNd1BMbl81TVI0LTFhdHhXMTBGUzdJc1pfQVNvMFZBVGlOWXlhRVJPbEcxbU9leGpEZw?oc=5,"Fri, 08 May 2026 07:00:00 GMT",Zeekr’s All-Electric Cars Take Over Milan Design Week With Alcova Hypebeast,2026-06-29 18:16:23
Zeekr News,Zeekr Targets Mexico EV Segment with 25 Dealerships by 2026 - Mexico Business News,https://news.google.com/rss/articles/CBMimwFBVV95cUxNZU84TDlZWWZHT0stWFFiZVJjN2haWEJjNjBwU0J1cTdpdWRwT2hka3VROWpWeGZHalFnVmJiRzFfeDZNN2RaUGM1b01jT0h2XzVzZWoyRS02TVFFQWtGRUhRd01vOHZpeGhWamFpZXB5V01DTTd0N3BUNG5tS1NNclhPd0l2eVhnRlpJZ2hReDFaLURpLXcyRF8xUQ?oc=5,"Tue, 28 Apr 2026 07:00:00 GMT",Zeekr Targets Mexico EV Segment with 25 Dealerships by 2026 Mexico Business News,2026-06-29 18:16:23
Zeekr News,2026 CarExpert Choice winner: Best EV – Mid-Size SUV - CarExpert,https://news.google.com/rss/articles/CBMikAFBVV95cUxPU2I0bURWcXVDRXpFNnFLdTBzM3l0Zlh3SEx3QW1CdEVfalZtNks1bFI5RWZseHpaZHBnVjZlVjR1OFlFMTQtZkF4UTcyNG1Od1ZubXhwQmtIZkllSFFpeFllcVhnblNtQ18zNGIzSlNYME04dTF6eGh6N0FJNU1rcnFrZkZBMFVyTlZsbE1DQlo?oc=5,"Tue, 02 Jun 2026 07:00:00 GMT",2026 CarExpert Choice winner: Best EV – Mid-Size SUV CarExpert,2026-06-29 18:16:23
Zeekr News,Geely’s Zeekr shifts into Italy as China’s European EV push gathers speed - South China Morning Post,https://news.google.com/rss/articles/CBMisgFBVV95cUxQekE5RHlOQ0JfakxyWTVMS0lyY1Bka29VT05GWC0yUnFrX2hzamt4VmxLZFNWYUpJTnBCenZhckw0TzV2WUNKcHhtaU12bDRWQWNvbUFSc2RySjN2ZEJOMF9BUnRyeElmSUQxMEdZN3NUSjl3UWwyb1dzaEtVLUhWVllBSEJ3bndLaW50YXlMY01sUnhyNnh1cmV0RE5hQ1FqVVVwZVpVWUNxSTl6dlZNSVl30gGyAUFVX3lxTFBtQVpRWkRWXzR1ZGQ3Q1RyLUV2aHBxMXZnZjQ1c1Q4ZHZGRHFoOTh4dHFmcjB0SlVBUTE4RXZGRkdYaUNSWnF1SVM0NjVvTHlVM1NsN1lhcGNncnNhV1lXTEhaR0V5ZEJsTUFReXNKTXlJRDhBdkowc1hCN0laRFRHYUJtWUZkZDY0OWNGUWJvYVJIa3Q1b0I4elV4QkcyNWpRSWQteF9YNVJuQkVzUVlDeEE?oc=5,"Fri, 20 Feb 2026 08:00:00 GMT",Geely’s Zeekr shifts into Italy as China’s European EV push gathers speed South China Morning Post,2026-06-29 18:16:23
Zeekr News,Russia destroys Chinese-brand car showroom in Kyiv – photos - Українська правда,https://news.google.com/rss/articles/CBMiZEFVX3lxTE5ObDFZVmo1MnotdUdSUUsxQ0JtS2x6NzRZcktwV0J0ekwzMGxIYXZyRjZWZ0ZXRVVtU0x3dzNOZHFRMkJ2SnotczJWQURKTkZ4bnptU3BOZXRaQUVIdU1fWVBXdWHSAXBBVV95cUxNM1lsc2ZwUGl3WVN3ajExNFp1V1JFd2Nac1p1TmhZSGtYTUg5NTJXOXJVVWFUaEdZNVBpbkxHOXkwdktnbmdlbFFFZktkUFJvMGRGRUNoSzRSVmdKaHVLUjhPckNhNUN6R1ViUHU3YnVh?oc=5,"Tue, 02 Jun 2026 07:00:00 GMT",Russia destroys Chinese-brand car showroom in Kyiv – photos Українська правда,2026-06-29 18:16:23
Zeekr News,"Zeekr expands hybrid lineup with 8X launch starting at $48,370 - CnEVPost",https://news.google.com/rss/articles/CBMiZEFVX3lxTE5rNFc3aWI1bFlicVduaWFETl9TaDFMbjFiQnZtc1I0LTRvVnhLbXl6VlI5N3JMbkp6ZFlNQ0ExeU5QcVhGWTF0d0duOTlkeXp2SUJEejdROWtRUXhDNGplZXdBSEg?oc=5,"Fri, 17 Apr 2026 07:00:00 GMT","Zeekr expands hybrid lineup with 8X launch starting at $48,370 CnEVPost",2026-06-29 18:16:23
Zeekr News,I Drove The ‘Old’ Zeekr 001. This Chinese EV Still Feels Like The Future - InsideEVs,https://news.google.com/rss/articles/CBMiaEFVX3lxTFBwRlhoLU9WN3BkR1pBdFJhaEpVOTZrdFJ5bVFqXzFfTE1GcUppWUZmbDg4d1oxSmxXQVN2V1FjOXNuaFF1UjVwelZndVoteXgxV1dyd05rQ29adk41YzlGdUZqXzdsRHBD?oc=5,"Tue, 21 Apr 2026 07:00:00 GMT",I Drove The ‘Old’ Zeekr 001. This Chinese EV Still Feels Like The Future InsideEVs,2026-06-29 18:16:23
Zeekr News,New EV from iPhone maker could be Mitsubishi's answer to the 2026 Tesla Model Y and Zeekr 7X electric SUVs - CarsGuide,https://news.google.com/rss/articles/CBMixAFBVV95cUxPYU9aTDFLOExUbUsyd2NsNkNySkEzLUczMXh6cW03Z3lQdi1MMjJjVUhIbHMxZFhkLUVZMEpUOE9na0Z4V2NaaWxoYUxQQjU2RWR1a1JBYnM2NnpLUDlVM1QyX2k3UGNMdU9SUjZjQnNkQmxxcVJfZlZPVkVsd1ZhQTVQNi1CeVZJeE9BYkMzYW50SWFkcDRkTU5xdElFblBMb1ZseTlkN1Z0elctZ3Ita2lOVVhnTXlxQTZKaGtaTW1RUDB2?oc=5,"Thu, 04 Jun 2026 07:00:00 GMT",New EV from iPhone maker could be Mitsubishi's answer to the 2026 Tesla Model Y and Zeekr 7X electric SUVs CarsGuide,2026-06-29 18:16:23
Zeekr News,Zeekr 8X hybrid SUV set to start pre-sales on Mar 16 ahead of Q2 launch - CnEVPost,https://news.google.com/rss/articles/CBMid0FVX3lxTE5sOTNmQ0VtNjBfaGFpMmhpNXNBX2tYZ1E1VmJUMmREV1J6Y0x1cHFLbEoyM0R3UG9sa29JektBT1dHRlROTXRDelphTkJmZDJoOEV2Rm9LanRRSzJMOUpVWEdlVGR3N1Y5TUR1YkF6aElmdnhDU3lZ?oc=5,"Mon, 09 Mar 2026 07:00:00 GMT",Zeekr 8X hybrid SUV set to start pre-sales on Mar 16 ahead of Q2 launch CnEVPost,2026-06-29 18:16:23
Zeekr News,"Canada dealing with ‘several’ automakers on China EV quota, as Zeekr expands hiring, Nissan weighs imports - Automotive News",https://news.google.com/rss/articles/CBMicEFVX3lxTE41T2tLdzRjV2tZdnVkR3diZzlzVVFZa19tSlhZd0ZSWlZvZjdseEd5S2ctSlU0ZnpEeVlmVDloSHdBYU9OTFo4RFV4TDlsZVRMRGM3MHhGYWlOZXNVQWRkRmRVdVIzbm1CS0duRVdZdUo?oc=5,"Fri, 22 May 2026 07:00:00 GMT","Canada dealing with ‘several’ automakers on China EV quota, as Zeekr expands hiring, Nissan weighs imports Automotive News",2026-06-29 18:16:23
Zeekr News,Denza and Zeekr have Lexus on the luxury hitlist. Here’s why the Japanese brand isn’t worried - EV Central,https://news.google.com/rss/articles/CBMitwFBVV95cUxQd2NIc09HVTZFTmhGREJyN2JPR1AwLWpHcDZvazR1NU9MVmw5OUd2eFVmbVQ5QkJENHhNaU9aUVhITjV0cGRadXRoOGNNejh0NXVid2g0eFk0a2NsSWVwbUMyX0s3b0NnVWpGYmNxcW96ZTNfLUJXTlJLNkVOY1YzN1IxZ3Q1YnhQdm80RFdmd0NuY2dwaTZPNXhFaFRWdlE1NTdkUThMbF9LRF9fV05ZUDZ2R3Rqd3c?oc=5,"Mon, 01 Jun 2026 18:18:55 GMT",Denza and Zeekr have Lexus on the luxury hitlist. Here’s why the Japanese brand isn’t worried EV Central,2026-06-29 18:16:23
Zeekr News,China’s Zeekr enters Italian market - Just Auto,https://news.google.com/rss/articles/CBMidEFVX3lxTE9IcVNyMWNPbTdwVlQ2a3BpZ1VXc1AwOHJJLVlGV1ZWTi1BMFRhOGQ2Y19DOTN3NDA0cnpIcnBfeWxiYzZ0Z3duWlJUWFcwdmpHLWp1M3Npb3VVVXhvRDd1MF96QVRuM0RjQ2tfQVE0RzRXekpN?oc=5,"Tue, 24 Feb 2026 08:00:00 GMT",China’s Zeekr enters Italian market Just Auto,2026-06-29 18:16:23
Zeekr News,Russia destroys Chinese Zeekr car dealership in Kyiv amid massive strike - RBC-Ukraine,https://news.google.com/rss/articles/CBMilwFBVV95cUxNcF9pTmJpaTEzMk5DMVhRZ09UeG9nMWN4R2VKMTl3MnAtTEpKNU5wMENyTEpzb09zYVdvczBxNC1KSlhURl83d1BFSEtiOThTR2Yxd3JvVW9XS1Y1bV9odF9OeXhxOHlWQlZ1VkYwcHVMaWJCUG5sWllYTnJ0YzVOYkJIN0N0VlRudWhzWXpkZjNjZDNfYjRR?oc=5,"Tue, 02 Jun 2026 07:00:00 GMT",Russia destroys Chinese Zeekr car dealership in Kyiv amid massive strike RBC-Ukraine,2026-06-29 18:16:23
Zeekr News,"Electric car sales surge in Australia, as Chinese made 2026 Tesla Model Y, BYD Sealion 7 and Zeekr 7X trump legacy brands - CarsGuide",https://news.google.com/rss/articles/CBMixwFBVV95cUxQQTVkM0xQbmt2SUQ0Q1pURkdzN2l4SnlxcGdjVWdfcERxbWFaa0I1NGpIX0hsZWxwSU05ZFFaa2x1bExwSEpKZVh2MWY5SzJ0SVBkSUNOQzd2TUNXbzNTbnlxSHQyRWNmUmk0Qk1TWVF6WnFmcF9MVTEzOVp0azdycTRUR1gyeHZUM2RNcmV6dnk0bWpMcnpOYndzMVhZNjRQak9lamZjZ1AyQkFCVDNkOU92OFU2SzlLUEtyQkwxX20zUkZzTW5F?oc=5,"Thu, 04 Jun 2026 07:00:00 GMT","Electric car sales surge in Australia, as Chinese made 2026 Tesla Model Y, BYD Sealion 7 and Zeekr 7X trump legacy brands CarsGuide",2026-06-29 18:16:23
Zeekr News,BYD's passenger EV sales drop for an eighth month as competition heats up - CNBC,https://news.google.com/rss/articles/CBMilwFBVV95cUxQM2p6bGlLNGJ1dVlGSDBHdzRGWmRMTzlWRUVIaHZCeV9VVTBGOEc1NnUxR2Vfb0JfTWlKcXQzQVRBNmctU0NEdEoxejNuX2dRTVZQbFhaQ25FS2J6SFo3Sm44QWd3SFpXRjhCZFBSdnY1bVBsNVRBTllHZzhIQVBkSVl0SWxoMnhIbmVYOGo5dmFYNHFPSXcw0gGcAUFVX3lxTE9iVWUtaVl2RkFYSzZOSGNPUWI1cEIzZmZGNmxheWpOMnZLSk5ncHpBSjltaEg0dF9hdXBEaGhiRVlzU0RIZ2JHd1pHZEFUMUpGSDdrQk9oZ1pyUzJrLVVaVk1sVGVMT0NocXlBa0R4QmVpNXdZc2NOel9mUWJNQWZMUDV1OTExLU9UOWJXT1dOWU9JRGZ1MnROeVRnUA?oc=5,"Mon, 04 May 2026 07:00:00 GMT",BYD's passenger EV sales drop for an eighth month as competition heats up CNBC,2026-06-29 18:16:23
Zeekr News,Zeekr Wants To Rival Porsche By Reviving FR Performance Brand - Autoblog,https://news.google.com/rss/articles/CBMifkFVX3lxTE9nTUlOSUVEMXVlMEdWRU9UUDlhdEQyYXpYRU0tUHQ0TnJPZHJORGV0a0dYYU1YaG53WGptd0VOc0FWd0dvWnRVQ1VnMnFZWFBPTFZtMjFRQndVNUhKY1Y3bVdmOHhveXNBWkJjbVhseEczZjdlbHk1N3VjWFZHZw?oc=5,"Wed, 06 May 2026 07:00:00 GMT",Zeekr Wants To Rival Porsche By Reviving FR Performance Brand Autoblog,2026-06-29 18:16:23
Zeekr News,Top 5 Zeekr 9X Features I Bet Every American Would Love - autoevolution,https://news.google.com/rss/articles/CBMipAFBVV95cUxQQ0ppLVJBakpVSkNFS0N1SUotM3M3enNSMjl0UUVNcU1jSml3T2NqVnp4d0xsNWNQSmI1Tk1wdHpOV3JoTXNsQS0xM1lMMmQ4MjgyUzM5SDl0N1I4d091TUlsMlROTWt6M19JTUVIUkFjNkEzdVl1NlQxS0tjV1U1Z2Vkbm9NbFZ5MTFhcWJFR3N0eWc0bUNONDZiZWFydlRjX3ZTeg?oc=5,"Fri, 01 May 2026 07:00:00 GMT",Top 5 Zeekr 9X Features I Bet Every American Would Love autoevolution,2026-06-29 18:16:23
Zeekr News,Zeekr 009 Brings 925 Horsepower To China’s Luxury Electric Van Market - Yahoo Autos,https://news.google.com/rss/articles/CBMinwFBVV95cUxOeFoyQ2ZwdmlWSl9sMDFlOHMxSzkyeEhsd2Y3YmRSSk5rcUFOV1JsRjA0VE1iSUQ3a0dvRE9XUi1UQ09zcjdGMDBlSWlRdDl5elF5VndwYVVMalVtNnBZcGpNc01kUFV1NUtNYlR1U3NLZ0pndmdUbHgwLTRkd28zMVowUzNVLW02RnhrZDF5XzIxYmpGMHlXY0paelpXQTA?oc=5,"Sat, 23 May 2026 07:00:00 GMT",Zeekr 009 Brings 925 Horsepower To China’s Luxury Electric Van Market Yahoo Autos,2026-06-29 18:16:23
Zeekr News,Diamond League and Zeekr partner to support performance at the highest level of athletics - Wanda Diamond League,https://news.google.com/rss/articles/CBMivAFBVV95cUxQY0FTc21YaGlETHZ4dE0xUlVONzFWWWZJZ2Fjc3I2eHNYOVRhM19vTlBia21TZC0taGsySGVNSmFJeDByc2xYaVJCbWUzb1l3QU83MU5mb2FkTVdKNE9PUHdldFZPem5JN2Zza081RWNEdVFBOHZ1SzVwYjQ1R1VpQXI2NC1UWUZzaEplNDFVZ0V1SURvVkNWMS1rYjdyMG9OWTR6R3J5MUNBYzVDY0hjNElYeTNydkkwdDBydg?oc=5,"Mon, 11 May 2026 07:00:00 GMT",Diamond League and Zeekr partner to support performance at the highest level of athletics Wanda Diamond League,2026-06-29 18:16:23
Zeekr News,"Polestar CEO Says Design, Sustainability Differentiate From Volvo, Zeekr - eletric-vehicles.com",https://news.google.com/rss/articles/CBMitgFBVV95cUxPZzdfRHhaamJVbEYtMFNPWGxZdnRkVEtYTVdHYkRJckRCRmE4Sy13UndPRldmaWRKd25UMmoxeE8zcHZQUFcxcUpkS1lMOGdmMnJOYnJPc2wta3F0Z25aQWI0RmdoTm5lQ052bTV3TkZ1dFdCSTVEWlcybThVWThxV3FqbHdiTUMzWGY2UUduS1hYWlFzQVg3YWhpeTRuVzZYX2Q1NFFuODAzcUZvMnE0OFhDTEU4QQ?oc=5,"Thu, 14 May 2026 07:00:00 GMT","Polestar CEO Says Design, Sustainability Differentiate From Volvo, Zeekr eletric-vehicles.com",2026-06-29 18:16:23
Zeekr News,This owner review of a Zeekr X finds one major problem - drive.com.au,https://news.google.com/rss/articles/CBMicEFVX3lxTFBEdTJEMUI3X3MzdUdENWtrNHNIQ2ZHUGpsNS1sS2pRSm9LSzNYNjUxaHo4NjY0WUpxR0tDNHFDVlJVVk1pS2ozbFViMVd2QTJrc0FMWU5Xa3ZRRUVlcmZJQ3BIaS1WdUtXMUN5cngtU0M?oc=5,"Sat, 20 Jun 2026 21:03:59 GMT",This owner review of a Zeekr X finds one major problem drive.com.au,2026-06-29 18:16:23
Zeekr News,AI tech inflation hits EV market: Zeekr 007 GT latest to announce price adjustments - CarNewsChina.com,https://news.google.com/rss/articles/CBMiuwFBVV95cUxNVGc4WThJNFZ1MDJUUlI4bmJKNTRYeGJBSkdiTV9EdF9Bc3NLMFQtcndCT29kc25NMTdSa1BMRUxtZU1OamJqc1FlbXFWMGtlUEt1M1RobC1ucXAycUJ6WC12Rmk4QlRSQlRhdlRWUVFMOXNyXzc2VWZqcWpIRmU0Z3MyZTItR0xUTGI3UVI1UnVzcXdFa1BaclA3RWpRUVpnMVBNSk1FQ3dsWHJNbWpZNjBtQ1otdUNIQ3k4?oc=5,"Wed, 11 Mar 2026 07:00:00 GMT",AI tech inflation hits EV market: Zeekr 007 GT latest to announce price adjustments CarNewsChina.com,2026-06-29 18:16:23
Zeekr News,"Zeekr Expands to Spain and Portugal, Prepares UK and France Arrival - eletric-vehicles.com",https://news.google.com/rss/articles/CBMirAFBVV95cUxQdWJjckItSEVPUGhnd3AwcVI2LXpuLVNRdFVIaVpkVXBzUjh3UmdhcVR6Q3NNRVRNblFvdFFmM1JCd29oUk5DU2t5bWg2MzNXZEZ4SWlKSUs4NXZ3S2lRS05PQ0Zacmt2RWJ2REtDbDBmNncxN0VkV0ZaYUVibFpYXzg3UG9mWHFTZlpxblF4dmh4SGFNMlZJcm81Nk5vcVpDYzJ5WFNhMV90U0Zx?oc=5,"Thu, 26 Feb 2026 08:00:00 GMT","Zeekr Expands to Spain and Portugal, Prepares UK and France Arrival eletric-vehicles.com",2026-06-29 18:16:23
Zeekr News,Zeekr sets May 19 launch for revamped 009 MPV - CnEVPost,https://news.google.com/rss/articles/CBMiekFVX3lxTE9pMzR2eVNqcHZ2eWIwbmh2SEMtbDctYlFQamJtTlBVVG9kR0xkWVd1aUplc3hNT1FXT3dja3FmQUhvb1hMcUJlZXNaU0FOT2xweGp6aWJ0dEhMZkRIWkd1cVQ1T2FnREVfOWRkaTdHSVA3b1lidE9VVkZn?oc=5,"Thu, 07 May 2026 07:00:00 GMT",Zeekr sets May 19 launch for revamped 009 MPV CnEVPost,2026-06-29 18:16:23
Zeekr News,"Record-breaking sales for Tesla with 2026 Tesla Model Y surging up against Zeekr 7X in Australia, as fuel prices drive electric car uptake - CarsGuide",https://news.google.com/rss/articles/CBMiwgFBVV95cUxORl92ZERmaGxLZTBuOXdSNzFqX1lyVGN3N0F2Mk1RSFR4Q3hlWFpNS2VybndBcFJWZk1uMVN5NWdBSmFRNC1GNnNBSkU5eWYxX01rNDh2VzRJVzAwS3o3Y19DZHFZTlhna2hTMHFQMEtXUENvaVB3Y19RZUhMWGZLTk5sOVdxOEhqMDJLNk1ITWRSTEI1TjYzampzNTQtLUUwdVlyM252ZWVTNGNlSXJXbGxSbGZKUWxzck5MRU9XRVlqZw?oc=5,"Tue, 02 Jun 2026 07:00:00 GMT","Record-breaking sales for Tesla with 2026 Tesla Model Y surging up against Zeekr 7X in Australia, as fuel prices drive electric car uptake CarsGuide",2026-06-29 18:16:23
Zeekr News,The Zeekr 7X Proves Chinese EVs Don’t Have to Be Cheap to Compete - MotorTrend,https://news.google.com/rss/articles/CBMidkFVX3lxTFBjc2QxZFJhUHJuYXpGdlJnMWVsNndnc1NTdm5qa0wwWllqUmM5alJQZ2hOQ0c0RzlpeHJLbFpRTDc1TW9NenFwbDI5XzhobEwyWTk0WUVsY1ZpVWJrMkk4bGVxUDJPWjB3dHZIb21hU3B2azNfWmc?oc=5,"Fri, 23 Jan 2026 08:00:00 GMT",The Zeekr 7X Proves Chinese EVs Don’t Have to Be Cheap to Compete MotorTrend,2026-06-29 18:16:23
Zeekr News,"A Chinese EV Brand May Be Building a 2,000-HP Hypercar - Yahoo Autos",https://news.google.com/rss/articles/CBMinAFBVV95cUxNb1JFUi1CdDExeVVmVlppY0htdDRnVGdGdUp6S0l0R0t5ZWdqODNxaWU1dDNzZ1R0amRHQUhEYUpxcXRIR2NyMWZkYkNYeXlkcWpGSjZtSFl0MkJhaWRxRTVFSGVyNlJ6SzZJdU03Y01vcUR1VDVBdXZMRnZPd3NpVFN0aXZTMkxITjQwVzN4SmZRV1I3QmRlTVFROG4?oc=5,"Sat, 09 May 2026 07:00:00 GMT","A Chinese EV Brand May Be Building a 2,000-HP Hypercar Yahoo Autos",2026-06-29 18:16:23
Zeekr News,"How China is cornering the future of cars in Australia, with the 2026 BYD Sealion 7, Zeekr 7X and Geely EX5 icing out Toyota bZ4X and Volkswagen ID.4 - CarsGuide",https://news.google.com/rss/articles/CBMixAFBVV95cUxOYnZobDlPQzZKUVJvSXBFY1dzSWw1WjYyVUVaLTZjVlNicFpFakhsT1RScXVRTzBsS1R2WlhpQ3J3Z3BOQzlxTklPV1ZDYnlab0xzZ25sYUl6V3FCWV92bmlpaDVlRGhWMEo3NHdmZjBaU21VZjRzNjNEU3B5NlplTDlod1dQRXFyUzZtR3dkRWRWR05IV2hLVkIxa0lSZFNacTJnbDlYWHY1eU1TSWdoTXl2S0ZrYk93bXJ0MU1CLWdlMWct?oc=5,"Fri, 05 Jun 2026 07:00:00 GMT","How China is cornering the future of cars in Australia, with the 2026 BYD Sealion 7, Zeekr 7X and Geely EX5 icing out Toyota bZ4X and Volkswagen ID.4 CarsGuide",2026-06-29 18:16:23
Zeekr News,"Geely expands presence in Europe: Zeekr electric vehicles now available in Germany, Italy, Spain and Portugal - Mezha",https://news.google.com/rss/articles/CBMigwFBVV95cUxQRGdNRm04WTlSd3VYZHA5a3V2SUhjVGR2b0FnTmhKNHAwVmp6cWFuckhJcm1YVzNFN2Y1enE2eGdNRkpnSzBwVkp5M1hjZ3pQZEFTOFZycjByeUdvem91SWktT2ZQQ3ZsTzh1X1dkYnFqRzBnU2J1dDh6RWc4U25kVkVEONIBiAFBVV95cUxNajl4WU16cjYwUExGVU8tM1VScThiaG90RTVPUFVRV19SUWJxMzBPYzlXTVJQRENEenBlSERGNFhvdURoTk5xWjVGUXZ3UzA5dVcwNXRSMTNjMG51b19rS1BubGdxYzliQlVMcGkxamZMSXBUZlB0dFd5T2lHRzhKTHQyM3F6S2Qw?oc=5,"Mon, 09 Mar 2026 07:00:00 GMT","Geely expands presence in Europe: Zeekr electric vehicles now available in Germany, Italy, Spain and Portugal Mezha",2026-06-29 18:16:23
Zeekr News,Zeekr updates X SUV as competition in Malaysia EV market intensifies - NST Online,https://news.google.com/rss/articles/CBMisgFBVV95cUxQRjQ1NWdzbktURm9WRUVfQ0NiS3oweHFKSkQzQl90azQtdlZ1Ymp5OXRRRXQyTWpuOEVUTVVsck4yUG42T0psN0JLeWlHQzNSV1FXWmZoNjlybkNLYlk2QVVOTnpXOW90V09zX2M5Y1FkLUhxd21RdUllcGR2eW82WmlORXc2SjA2OXVwNnNGLWxvN25leE5yX25ZMTU1UnlhdEN3a2lJZUFnVjB6Yy00b1Bn0gG3AUFVX3lxTE9iMFVtNWN3YVl0MlpnV2ZfME1QQW0zRmdrb0ZZdnNScXdkZHVMZ1JWSFE3Vms4OHNoNGxHNnc4QVVnS3RNV3AyQWp6Z0tIbzB3emRzZ3Z4RTBoVEpsR0RjRVdzX3JEb19XZmJmUTBYVHJ5TzBjYjBIS2Q2WjNTNXFZelI3WDliWFJMN0JoNVlPenBHZEw1dUVyWWtfMFhVMWVwWTB6aFBKQWZaVU9NZVA1WlJCTnVyNA?oc=5,"Tue, 23 Jun 2026 11:42:40 GMT",Zeekr updates X SUV as competition in Malaysia EV market intensifies NST Online,2026-06-29 18:16:23
Zeekr News,Zeekr 7X expected to dethrone Tesla Model Y as Australia's most popular EV - CarExpert,https://news.google.com/rss/articles/CBMisAFBVV95cUxPSnlndjNtQWRjeTE5dzJlVmRRQ21NQVdFdG1DWkxrWFY1a1BqNXhhMUpWUlFBNFY0T0lndjRLY3JDRVVLZ0s2MTMxS0Z3SnpnQjhmUmZBTlBrbHdGZ3pFcl9Xb0lvakxETFU5QkEtUUttQXQxZktfaDFPUGJQeWd5akwwQjdZaUpLd3VVT0RXMHVFbkx5enp6MHVJVHBFSVp3ckVLNmpXSWlGalB5VmQ4YQ?oc=5,"Mon, 04 May 2026 07:00:00 GMT",Zeekr 7X expected to dethrone Tesla Model Y as Australia's most popular EV CarExpert,2026-06-29 18:16:23
Zeekr News,Zeekr to launch refreshed 007/007 GT and limited 001 5th Anniversary Edition on April 10 - CarNewsChina.com,https://news.google.com/rss/articles/CBMiwwFBVV95cUxQdS11dkdGaU4zTjEtYzhJUzJWcEhyZFEwdExuclV5MHY2TW0zUGwwX3p2cDhDN2ttcVFiVGVqM3RpaWlHci1iNFkwV3d3bGxVck5BMVhxcjJWTlU1OGhBS2F3TXlyYWdkRXY3U0FWdk1KS3IxTGkySUNscHFUSEVDZW5FRkJadXUyYmhoaE82QUEtV0ZsYU9UeENOQVlnOEs2NnNtbkNZUldIX3JOSkgtajlwM3hPWDRxR2hfQjVlRWlUWnc?oc=5,"Tue, 31 Mar 2026 07:00:00 GMT",Zeekr to launch refreshed 007/007 GT and limited 001 5th Anniversary Edition on April 10 CarNewsChina.com,2026-06-29 18:16:23
Zeekr News,Electric vehicles like Tesla Model Y and Zeekr 7X are dominating premium family SUV sales - drive.com.au,https://news.google.com/rss/articles/CBMivAFBVV95cUxPSkppNS1iZEt1YmxsU2FaeG1qNGEwcG1RRlRfN05IaUc1X2VBRmpMOHNtYjhGcUpSNGFBMjZ2aXR6dFZheHVVZmFwUm8td2QxMmZXUGxzSUc4b1B5OVZVZHZHT1k0LXRzSmQyMTdSRV93TEpUOWdPeTFVWUdGQi1sRkV5YkNFLUNXcFViaWUtODItT1NaNHFINkhSYzFpVkVuTjloeDF4YzYwQUsyQmlONmFyZzdKa2M5STdZcA?oc=5,"Mon, 25 May 2026 07:00:00 GMT",Electric vehicles like Tesla Model Y and Zeekr 7X are dominating premium family SUV sales drive.com.au,2026-06-29 18:16:23
Zeekr News,"A 1,380 hp Volvo XC hybrid? The new Zeekr 8X makes it feel inevitable - Electrek",https://news.google.com/rss/articles/CBMioAFBVV95cUxQY2JPSXZUZHF4ZVpNQzVaTkllOEdxempJR1VOY0hkTDZlazB0V3NWb3pIV3k2SHY5RFgtczQ1am5fakdsYUw4ODFsdlNydF85eGpVLWVkMTl5ZS1SOEo0WXk3M091YW1wVTVmQldLRGFvZTU4Ym80QV9CR1haYm9zV2ZXbWstaE11U2g5UUUyTnpEMl9semNlREt2Q0hGcnZI?oc=5,"Sat, 18 Apr 2026 07:00:00 GMT","A 1,380 hp Volvo XC hybrid? The new Zeekr 8X makes it feel inevitable Electrek",2026-06-29 18:16:23
Zeekr News,Chinese premium brands to watch as they target Europe and eye U.S. market - Automotive News,https://news.google.com/rss/articles/CBMirAFBVV95cUxPeXlHZzc1U3REaUtHUWh5aWZWOFkzdGJCV0xXaVZyZkt5S2U5ai1oOHRTZl9rcjFhZHplTnU5XzR1NlhCbEh5NEt2OGFzclNXMVBZNTMycE5KVWdpOE9IQlhMR3J3dFd1aWh3al9DRU1xaV80OXdWZnpzbFZtSFFObHRueXVTeHZUSDdaVXNSWWVPN2lfeElWeHM3Y3pRbnA1OC10dEtkNUhDeWwx?oc=5,"Thu, 09 Apr 2026 07:00:00 GMT",Chinese premium brands to watch as they target Europe and eye U.S. market Automotive News,2026-06-29 18:16:23
Zeekr News,Official showroom of Chinese electric vehicles Zeekr in Kyiv destroyed by Russian attack - Interfax-Ukraine,https://news.google.com/rss/articles/CBMiYkFVX3lxTE9QMWdDY0pFc2pzcncwQ2RObjhkekxUTFlVRy1oZi1Bd21GT1ZTUnM3MVRxa0RiSnRBSDl0bWFrT0dDSTBBcnlGZVBDWmU0TThXRV9IUmNBRWI5cDhncC1mandR0gFnQVVfeXFMTVFrMExxWnpSVmM4Q2R3NFI3elRwZ1JyMXYxbGZodFo3X0RkaC1LbDA3ZDNqR0UxbjZtV1Bfb21JdXExQmpwOTU4cDhHUWpQcnhfZllMVnJaSUJHSlgyUmhKWVVZOWd6aw?oc=5,"Tue, 02 Jun 2026 07:00:00 GMT",Official showroom of Chinese electric vehicles Zeekr in Kyiv destroyed by Russian attack Interfax-Ukraine,2026-06-29 18:16:23
Zeekr News,The new wave of Chinese EV brands heading for Britain - The Independent,https://news.google.com/rss/articles/CBMiogFBVV95cUxQNDJSSldnNS1kamduTGJqbWNPSGJzMXlFcXAtc3M4bUV2c1NkNGRIUnNVWldZWDZWQzQ2MVhFWTF3N2NQdzFnUlhUUDBsd1FraTRBUVZBM0UxcEdBOXBLa2tRNC1mSUdPWEowbFpxWW9CelVLWWFJTjQ3NWdWR2lyODZSVGEydEdsN3NVQ3FtNWZWNkpTd3dQVV9yT3RfZzQ3TkE?oc=5,"Tue, 21 Apr 2026 07:00:00 GMT",The new wave of Chinese EV brands heading for Britain The Independent,2026-06-29 18:16:23
Zeekr News,Zeekr takes its premium SUVs global as 9X and 8X prepare for world tour - ArenaEV - ArenaEV,https://news.google.com/rss/articles/CBMirgFBVV95cUxQRXVWZDZUTUtycmpyczIzR000cUhjNTJzZURuSFpZLTFsMWRfUERITzdNZGpSVndqTXBKYmdVbGhhZVBYdGVyVXcwN1RxT2tWVjZXWUtUU2RJUFFVRUNNZXVLaXVZdUo3NngzOVl4dzE0d0VrNnRKc0l1Y21FZzdidXpQOGExQmxNZGZFMEwwX1M4eDl4SldxS1BJcnlrY1pjWWxjYW5seUg3Nmt2NlHSAaoBQVVfeXFMT2R0WmJJdzd0LU56UjdvcXJOX0FkVHUxbGN3SU5vcUUtRnYtYjBuY08wY3k4b2QwS2ppOW9aS0JKajFfTHRCWUFwYWVtWjI5M0dBblFHd3FsMk5XUXgyMm5WZFBQc2c4ajNzNjdwWE5PZVVrYklPMkhkV29YY1VCV055cko2eDhYYmlPU0VXQk56TG5KNmFCM0FvX1I1LVktUjRMTVY2LTVkU1E?oc=5,"Thu, 30 Apr 2026 07:00:00 GMT",Zeekr takes its premium SUVs global as 9X and 8X prepare for world tour - ArenaEV ArenaEV,2026-06-29 18:16:23
Zeekr News,China's Zeekr Is on Track To Become a Trusted Brand in Australia - autoevolution,https://news.google.com/rss/articles/CBMisAFBVV95cUxNMDY1aUI2UDJHYnNoVTN1eXQyc2FVdnoxclp1ODBic1JaUEUzcEtqeUpIWE1FdUJZNWUyZjBDT0t6RlVJRTZnNmEzWjU4M1dyMDZYTzM3Q2xZZ096ZHItTzU3RFRfY3ZfbkgyblFIaVFtcHlFRlBhTUdVTzNQUHJETUVnSHZ6bXl5bU5RU2NObldHZHZQTTU1amthNTRUSDBzUnh2dlR3c1B6VHpjY2VwNQ?oc=5,"Sat, 23 May 2026 07:00:00 GMT",China's Zeekr Is on Track To Become a Trusted Brand in Australia autoevolution,2026-06-29 18:16:23
Zeekr News,Zeekr launches sales in Italy and deliveries in Germany - electrive.com,https://news.google.com/rss/articles/CBMimAFBVV95cUxNR1dEaTE0ZG85YkdXcUtOTUlhejhhbUVHd3U2dGdJbExtSGRMemNxYlo2RkxmVDB6V0MtY2xyUjFxSVhRZjFKbTVjR1B3VmhZdC1ETTlzamFObUlxblczNzhRX1NpdVZFajJBNndYeGd3NWs3SkRsYURHdXkwcGxNMzVxVmgwaUhHbS1SU0FVWlJkOW1YYkVmRA?oc=5,"Tue, 24 Feb 2026 08:00:00 GMT",Zeekr launches sales in Italy and deliveries in Germany electrive.com,2026-06-29 18:16:23
Zeekr News,Zeekr 7X Sets Record as First EV at Moreeb Dune - The EV Report,https://news.google.com/rss/articles/CBMie0FVX3lxTE5NLVJaQXEyQ2l6WmZaX2RMWjQ2U3BLVnptNzZVSFhCRmN3MFFFczlMZVdIelBsR2JDU1R1dUdOeTA3WDA1TFJ2SEVwVFA2cEZBbVdENE9jWWpMSWNSa211cHhza0NvR3N6bEJVSWRLZWh1T1FJXzhDRlFPaw?oc=5,"Tue, 20 Jan 2026 08:00:00 GMT",Zeekr 7X Sets Record as First EV at Moreeb Dune The EV Report,2026-06-29 18:16:23
Zeekr News,"Zeekr 8X and 9X 'could easily' spawn EVs, says chief engineer - CarExpert",https://news.google.com/rss/articles/CBMinAFBVV95cUxQQk1SOXpaVE5oOHhJY3VEWXNrcXRncVF5UGdCZDU1WEtvSHJ6bmswR0lkWXdyRHo0akJ0UzFwc3Byczg3MWRuMDZEUzI3dWlQQUNibGRHbmdPXzF3MkJGZ0t4X3hMZDhSM0JjU3F0TG1Ba2YyNGhfVDRQd29zSDRiUl83TUk2ZXpxaGJzUXR3ajBlSlQ5VW55dVNYXzA?oc=5,"Sat, 25 Apr 2026 07:00:00 GMT","Zeekr 8X and 9X 'could easily' spawn EVs, says chief engineer CarExpert",2026-06-29 18:16:23
Zeekr News,"Zeekr, Chery and BYD Advance Canadian EV Launch Plans - Motor Illustrated",https://news.google.com/rss/articles/CBMikwFBVV95cUxPMUdHZGVzMGswdlF6SkdRU2VQRzh5ckd1ZXdrNUM3azhaamdRNUxVTEFtS0RYZUFhUzBlaWRKUGFsUl9PelZWdWtxcEt3Q3hmVFZPYnJ2ckFJRU5iZk44MDNBMlQtci00NFRPdTRTX2hENVJhTUZ1TGZPUjhRdzBtZ0xrcFNJUGRBOE1JVkZ4TkxrTEXSAZgBQVVfeXFMUHUwTnlSRExwZnRqMWM1MDN0dXdhcG9YalVVSXZmZVNrR29VS3lhRmdGOW82eHpQNnhlMl9wNzlUTUx0OW9BMWoyWDFRdEstME5zdnYtVVBKeVdLVllVUERHRFk4czQ5ZExsNHhqdFByQUcxR2NGTXc5UDdaUXJWVHBuMlFHdFdWYk11dkhmdHZHUnJvaC1uaXM?oc=5,"Tue, 05 May 2026 07:00:00 GMT","Zeekr, Chery and BYD Advance Canadian EV Launch Plans Motor Illustrated",2026-06-29 18:16:23
Zeekr News,"ZEEKR 9X debuts with world’s largest 70 kWh PHEV battery with 1,400 horsepower - GlobalChinaEV",https://news.google.com/rss/articles/CBMiqwFBVV95cUxOQ2hwUXNqRjVWSXpKUWIzRGJhbDYxa1oyYzBROTBhMVE1eEJjT2pLbXFudnlSdXVTUUpwUWZEZXZzTzM3b0JHY1V0NEpOOHNyNGhVcHlKc2YyZm1GUDM4aXZqUVZ1clZTcjl4ZGt4aFV4bWZ3SUxlUGVnVDk0Yldfc2ZhRVR1akE3NlMxWkNNOTRETEd6cDhrTDVXbzZJRHFJVDBNYVJlT2FLUDg?oc=5,"Mon, 16 Mar 2026 05:43:14 GMT","ZEEKR 9X debuts with world’s largest 70 kWh PHEV battery with 1,400 horsepower GlobalChinaEV",2026-06-29 18:16:23
Zeekr News,New 2027 Renault Megane E-Tech confirmed for launch to tackle Zeekr X and Kia EV3 compact electric SUVs - CarsGuide,https://news.google.com/rss/articles/CBMixgFBVV95cUxNb0VQdVAxeW1iWDNLaDFyd0hfSUhzV1FveHhMdUJNSmJEd29zOGoyM1FjQjhWdS1naEVHdzNBRzFIR0tvT0tNZGxnREtaOFpLVS1sZlFJelFzUFlkWDNreHU3QjBaOWt2ZHVvcURBbExBWFJTQ1g5dDhucloyQjU0dS11cmEwbFJFVnpfQXdyNTFBcV9BMktIanpuSUJVeFhTcG1sTzdTVmd4MXRTWmZjeEMzaTZCZk5kNHRSTTFqR085b3MyQ2c?oc=5,"Tue, 23 Jun 2026 02:22:13 GMT",New 2027 Renault Megane E-Tech confirmed for launch to tackle Zeekr X and Kia EV3 compact electric SUVs CarsGuide,2026-06-29 18:16:23
Zeekr News,Zeekr Enters South Korean Market Following BYD - 조선일보,https://news.google.com/rss/articles/CBMiiAFBVV95cUxOYmt3SHRaNHJLT0FuVlI1eFZxN1pncFFHLUFnWW9HUl92R0hJLUpKQkVCQ3ZqS3RuSl9Sdm9OWTRRUmZ4SS1MWDU2Rm9HaldSc1J3UEg5OWZtUE16a2RjNXRsT3MzZTR3RlFiamhsT0IwdkFJV1czVDZQZEUxR1FCR1d1dmttODd0?oc=5,"Fri, 08 May 2026 07:00:00 GMT",Zeekr Enters South Korean Market Following BYD 조선일보,2026-06-29 18:16:23
Zeekr News,Chinese EV maker Zeekr enters Italian market - Investing.com,https://news.google.com/rss/articles/CBMiqgFBVV95cUxPR2VMWUxyQXVLMGV1dzFIZWw3Y2FsYkRTSFM4OURreDF2WTB6MjY2eHQyRHJXMERTeFNHWkk0UHZ0VVNQaDlIMjdtQmVZWjVIa3pQRmw4bjk4bzZyNi1kU2FtTzZhRk1IUzFfRjBnRGtBeGdsLURSbUJid3FETlFPaFJOTXRneGh3OGpnX0szRzktWUZJS3h6b1lYVl85aEozQ043OFRac1lDdw?oc=5,"Thu, 19 Feb 2026 08:00:00 GMT",Chinese EV maker Zeekr enters Italian market Investing.com,2026-06-29 18:16:23
Zeekr News,"Maker of the smash hit 2026 Zeekr 7X electric SUV wants to rattle BMW and Mercedes, and sit above Chinese rivals - CarsGuide",https://news.google.com/rss/articles/CBMixwFBVV95cUxPZ25HcmhSdzY3MTVmS09YYXhrek1vclBObndCX1l1WVJwUnNIeDBXRnVXQVhCMU1ncG9xV3FKR09SWGl6eGhMN0R4NFladExRWWdlZ3JtZUZJZm1MWnkyVUg2T3puZmJRUldFQUJXbVdOSWY1dXZHTGU4UEdpVDA0RmVTVVB0UU0zeDlRZE5TenZ4WkIyeDA0Mm5DU21NczUwVG1KRFVDOW5SOTdSLS04SFllUXVVUXlRQnJVbWw5U2NUYldWa3pN?oc=5,"Wed, 27 May 2026 07:00:00 GMT","Maker of the smash hit 2026 Zeekr 7X electric SUV wants to rattle BMW and Mercedes, and sit above Chinese rivals CarsGuide",2026-06-29 18:16:23
Zeekr News,Revised Zeekr X cuts fast charging time to 18 minutes - electrive.com,https://news.google.com/rss/articles/CBMilgFBVV95cUxQV19VNXVZdTNremJZZE9GSXgxOFRtZHFVR3lLa1dJbkViZ3NEOVlaZmxhdGt4MXdlY0dHQ1Y0UENnd0dTVi1LU0djSUM4RkRRR000YVRUVTRVUUFtdnJyRGRFUG9LeVJRTjNVWTVxMTNJb0llb2FLOFV6OWh1MG9NcUhvdk1GaWNYVUwxOXQwSzRuTGZ4MXc?oc=5,"Tue, 05 May 2026 07:00:00 GMT",Revised Zeekr X cuts fast charging time to 18 minutes electrive.com,2026-06-29 18:16:23
Zeekr News,"Zeekr Models, Photos, Specs & Engines (2023-Present) - autoevolution",https://news.google.com/rss/articles/CBMiTEFVX3lxTE45U1RJMlpXcUNTZ2tKOTdrdzk0NTE1TnlteUZldkJ1clZ2VV9wc0hqb29raVVxMzFNOG9OeGd5NFI0VFJ0SlhocW5SaDc?oc=5,"Fri, 06 Feb 2026 08:00:00 GMT","Zeekr Models, Photos, Specs & Engines (2023-Present) autoevolution",2026-06-29 18:16:23
Zeekr News,First Drive: 2026 Zeekr 7X checks all the sport luxury SUV boxes | Reviews - driving.ca,https://news.google.com/rss/articles/CBMickFVX3lxTE9salFyTlhqTjhRR3U4a2pJQmFjdTJxUC11RHhkQjdMdTZmUkRLb1g5TElEeThoQXNMeXpHZU54TW5BZzVPNGN4SjVtbXhTQnllMlJnSXNuTk0yYVRRcXd0aVdMMlVJUU4zeHdZemtTY01adw?oc=5,"Sat, 02 May 2026 07:00:00 GMT",First Drive: 2026 Zeekr 7X checks all the sport luxury SUV boxes | Reviews driving.ca,2026-06-29 18:16:23
Zeekr News,"Zeekr X review: Updated electric SUV brings more power, faster charging - The Driven",https://news.google.com/rss/articles/CBMipAFBVV95cUxOTUNCRFROLVBQMXhuRk9Sc2RJX2VLZVhHcE4zdDRFcEVTYU1XUzZWTXkwc2p5R00xaGtYVjZoUXc3WnZTTzZfajFBRGlIQzVyQWduaXByWnlET0gyYmNVWHFXaEVJYjZNdFZjRWJYYXFYckRUeFdkTl9tdzcwWkdiS3dmX01hWHRsVTdWTEE0U1VoV1g0U09xNWhZbkwtY3dzN2NoWA?oc=5,"Thu, 02 Apr 2026 07:00:00 GMT","Zeekr X review: Updated electric SUV brings more power, faster charging The Driven",2026-06-29 18:16:23
NIO News,Nio’s Onvo Tops China EV Resale Rankings as L90 Hits Used Market - eletric-vehicles.com,https://news.google.com/rss/articles/CBMipAFBVV95cUxPcjFWMzRQMklwMHJPaWJzRGctMTRrWWdGU1ZCbXpUU0VVcXlXaUptRWtNY0t4VllRLTBRdmZkaEc0c0F6XzlTUWhmLUlTOTE0aDlPTHZRV1liTzNrbFJOOElseGtTUTh5dDdRak5tSzdWT3BORXROd2w4UXJfRzNjZHZac2lWSlhjV29HSDdYWFRMTC1qVzE0OHFYRERidHBGa2FKMA?oc=5,"Mon, 29 Jun 2026 10:17:01 GMT",Nio’s Onvo Tops China EV Resale Rankings as L90 Hits Used Market eletric-vehicles.com,2026-06-29 18:16:23
NIO News,"Inside NIO's AI factory, where cars build themselves - The Korea Herald",https://news.google.com/rss/articles/CBMiV0FVX3lxTE8ydm5rRUswb3IxSmhWNXpEV25BTEotMHl1c1IySXNUZDRJcW5EYWZMU0FRdGFMQmhuenBQMmpoRDZDaUV0ajlUUmhjUnVQQ29SU1BBNENnWQ?oc=5,"Mon, 29 Jun 2026 01:04:49 GMT","Inside NIO's AI factory, where cars build themselves The Korea Herald",2026-06-29 18:16:23
NIO News,"Nio opens pre-orders for five-seat ES8, sets July 9 launch - CnEVPost",https://news.google.com/rss/articles/CBMie0FVX3lxTE14NjhNbi1zV3R6aVFZM3pZaFVZdnF3UDhIdmUwZVR0Nkxzc0xLSGdCWV9rSmdPTnBEUHVERm1aNVZqNGRYajZ3LWlYZGF2NUtLQU5YR0hXSzBDM285dEpFS1NYY0ZEWkFyd29MQkpxMFpfODlfamRMTEk5Yw?oc=5,"Sun, 28 Jun 2026 03:17:00 GMT","Nio opens pre-orders for five-seat ES8, sets July 9 launch CnEVPost",2026-06-29 18:16:23
NIO News,NIO CEO: Plugin Vehicles 90% of Chinese Auto Market in 2030 - CleanTechnica,https://news.google.com/rss/articles/CBMimwFBVV95cUxORXRzV3JsNG5nRmhKNTlVLU90YldSd0VQRWFXNE9vMUExbVNQMmstX3FtQXZScHpuSFRXVXBlWk9yczg3SzAwN3JKNU01cWQxMTVQVE96S1lPUnhkbU1tNkFzNHRtM0RlTFF5UUtzQU5BSTNPM3VCZG9QRUx1NW9UcjQ1YmNIZWRJSlIyeVprOWR1b2lGVWFtQ0d5VQ?oc=5,"Sat, 27 Jun 2026 03:18:47 GMT",NIO CEO: Plugin Vehicles 90% of Chinese Auto Market in 2030 CleanTechnica,2026-06-29 18:16:23
NIO News,"NIO ES9 Deliveries Exceed 10,000 Units in 30 Days - Gasgoo",https://news.google.com/rss/articles/CBMirwFBVV95cUxPMThDLUxHRWc0LVV6aFhsaXhTbnBpNFBwWV9jQ3A5dFotWFkwN0I3NUFxRzVxX3VycXozV2Z5VW1ybnZOa0VMbFhrNDJsM0dxclBXUmFNa3ZOR1phN3RnYmRnVURwZG9CNjg3S3JWejBTeGM0YlJVRGRDaG5qRjdiUWZ1Slg4NlFlMmkzRGxRVG1GLUlyTUFRdVZydUtjWlZ3ZXBYa3dMV0JEYVljSGw4?oc=5,"Fri, 26 Jun 2026 10:05:46 GMT","NIO ES9 Deliveries Exceed 10,000 Units in 30 Days Gasgoo",2026-06-29 18:16:23
NIO News,"Nio Delivers 10,000th ES9 in 30 Days, a New Record for Premium BEVs - eletric-vehicles.com",https://news.google.com/rss/articles/CBMioAFBVV95cUxQa1U1LVk0eHo1U0JWYnVDeEJtMk5VWmhZcGIyaG95N3lKekdndW9saXFiaF9WeVFSVi1jd2xGRVQ4VVBoOGJHSGZkbGdvUGl1dDdiOWNoTHVaZHZyc2xBQmtPbnZQcUhVWlg5dGxVcHBENXYzSWxzYXNZV1dISGg2aHNrRGpQRE1hQTQybzFiSzM2bWxfY2xJeG5ySVpRVmls?oc=5,"Fri, 26 Jun 2026 09:53:33 GMT","Nio Delivers 10,000th ES9 in 30 Days, a New Record for Premium BEVs eletric-vehicles.com",2026-06-29 18:16:23
NIO News,Nio shares jump 10% after releasing first flagship EV in more than two years - CNBC,https://news.google.com/rss/articles/CBMiswFBVV95cUxOaDh5TWUwT0dxbzVDZFg4SWs4YkZlT0hzd0tyb211aDdQR3FFb0JmOUxTLXZEQXRZaTFQYldVb2xacENPYUtrT1RQdXZic0ZlM0xvbGVZMXRkQ1ZhaWdUTGZoR2cwTXlXby1VLW9qRlhHdk5WYjNxNE96a0F3TjZnbUgtXzRqTFREdkl3T1FrR2ppZDhxYUpzTXI0WG50cUdDdTdWaFgzQ0hfR1pSeHBya3BMSdIBuAFBVV95cUxOOElEV01SMUFkR3hYVnJ6bC1RWUhjazhHUjgtc1Zkcm5VN2JGRlVHM1dwWHV2REpHUWNKTGRrVV9JaG9tUjgxNjZKZXdpU25sUE5adVB1R1c3U0p1SE83TWd3NGFnYmZKSWdlWGZVVWJfTkxFakRaYm4zSkhBYndTNmJJNkpvSUV1UGp6SElSaktVZV96ZU1LZzU5MlREamo1S04xbUZJbExYc2ZNWnN2YlVGSWlUMVpL?oc=5,"Wed, 27 May 2026 07:00:00 GMT",Nio shares jump 10% after releasing first flagship EV in more than two years CNBC,2026-06-29 18:16:23
NIO News,Pre Order Now Nio ES8 Five Seat SUV Latest Model - Fuel Cells Works,https://news.google.com/rss/articles/CBMipgFBVV95cUxOS2E5WnlXMkFEcG9WTXU3elQ0WUhwQk1GTndJRjQ1RkJ1cUdyUUsydWppNE5ObklXSkJwTFhTWWZVb2VKX3VYM0RjTTZ5M3ZOdDMwcVp4aVJLUHJSTTdSZ2lQTFo1TEpZdmhjWUQ5SlVUcGROWm5paWdSMmdXc3RIUDdaS2FsUzlid2RidEFIUDV3cUp2UzdvSjV3Q28xUk9hRl9mMm9R?oc=5,"Mon, 29 Jun 2026 15:56:00 GMT",Pre Order Now Nio ES8 Five Seat SUV Latest Model Fuel Cells Works,2026-06-29 18:16:23
NIO News,"This Chinese SUV Sold 100,000 Units In Seven Months For A Good Reason - InsideEVs",https://news.google.com/rss/articles/CBMicEFVX3lxTE1tNlhNTk5UcmtaUUxQOGptUURDaUZPZUpzQnl3VXY2RXllVlh5X1JPN1hxSV9EX3UycjNfbjdnNVJ5cEZZY1lRMFR5WU1WQnpwWXlrVzNva2dnZ1NibElWVVRRZWVuT3BzRGNBaGxIeXU?oc=5,"Mon, 29 Jun 2026 10:35:47 GMT","This Chinese SUV Sold 100,000 Units In Seven Months For A Good Reason InsideEVs",2026-06-29 18:16:23
NIO News,"NIO Celebrates Production of Its 1,000,000th Vehicle - NIO - Home",https://news.google.com/rss/articles/CBMiTEFVX3lxTE94eFdrQmVnNHZHLTVXSVB0TGwzci1KelVqUUl6cUs0VWlmOHNQVU1jYzh6TGhkYlAtcGVnV05GelMzZ1N5Yk40ME45blk?oc=5,"Tue, 06 Jan 2026 08:00:00 GMT","NIO Celebrates Production of Its 1,000,000th Vehicle NIO - Home",2026-06-29 18:16:23
NIO News,"NIO Stock Rises Overnight: 5-Seat ES8 Preorders Open Ahead Of July Launch, Nio Day Bidding Heats Up - Stocktwits",https://news.google.com/rss/articles/CBMipwFBVV95cUxPVVpPMHdIaDlNT0lvcEUzeDhlWE1nY0RTRE12ZDNMNFdFdFg0NzNhV0FfSW5CMXc1S0ExZUxDeXd0TWc1el92N1BkUnNXQmVRSW55UHJwRFBrM25ZUEpyNjhhSjFCUlVEUnBqV3lYYm5EWWdJT2NRLVZKMnJ2bzZHWGhjeDMyTjZfSU1EUTNGd0FqZlBzNkRrbE9hdzNyUElpTHZNMGd0VQ?oc=5,"Mon, 29 Jun 2026 07:16:56 GMT","NIO Stock Rises Overnight: 5-Seat ES8 Preorders Open Ahead Of July Launch, Nio Day Bidding Heats Up Stocktwits",2026-06-29 18:16:23
NIO News,"Nio Logs 34,000 Orders in Two Weeks as Rivals Post Mixed Results, DB Says - eletric-vehicles.com",https://news.google.com/rss/articles/CBMiqAFBVV95cUxQdUFIMGJrWlRmQ29YYU1qQV9PaC1uUHRZQTUzY3lkX0tORUFMOGp0cTZHOXF4U0RRNDFBcmNkakV0NFBpcl9JY29DMjgyNzNaQU9yaXJQbnNZVTZNc090MU1NZHZhLUx3bFdNWTB0aTlrN3FDRVh4aW90anBIdG9qS0x0am9mbk5NemxDeUhOdkpmY3czcGpGLVcxQ19lUkdrZ3IwNVBnMjk?oc=5,"Thu, 25 Jun 2026 16:12:15 GMT","Nio Logs 34,000 Orders in Two Weeks as Rivals Post Mixed Results, DB Says eletric-vehicles.com",2026-06-29 18:16:23
NIO News,NIO Reaches 9000 Battery Swap Stations in Global Network - Fuel Cells Works,https://news.google.com/rss/articles/CBMizAFBVV95cUxQUEVhMW1Gc1pLMy1nMnNydjB4RFhfQTh2SVAyUWUwZXYxOXVGeURKWUs3NGJFYWJUVjNmNlpINXhTMExBNG90dWdubEh5Z3NDZGpVMVFVZFpTOG9GQXl2ZnlGWVlKeTk3Y3JQbXVadE1NVnRpc3ZCVWVVUUxEUXVhRnZQSGNBYVZpYS04VjVGaEdpN3lXejVmbnVhU2YwSV9udHJ4SEVhbk5IX1BLVHZIeWE2UDZxQWs0Yi01VVB3YXJTRnBEVDZId1pfcHM?oc=5,"Wed, 24 Jun 2026 16:36:00 GMT",NIO Reaches 9000 Battery Swap Stations in Global Network Fuel Cells Works,2026-06-29 18:16:23
NIO News,NIO's William Li: Domestic New Energy Penetration Rate to Exceed 90% by 2030 - Gasgoo,https://news.google.com/rss/articles/CBMi0AFBVV95cUxONmNIVjhOcmZpNERnci16bGVxa3JjbjdocUdTQ2MtTjdRZGhmZ2R3dDZjLTFFRTkxNjE3eWJiRkhqam50ajFvYV9LSzNOWEYxbi1MSGZobVpMOXhZTmRFWWVMbTMwRVpkNUtqakotTDZLaFVnZG12Q2ZFN2NvU1A0ZEZxb3hNelJzekdrREZxVGRCU0lfWUhuRU4tOTNFWUU0czhMMF9pdnlpWVhyNFR6ZTF0SkRNSEI4WE9PbkxrbWItYlFHdzczSW1RcVhSTG5I?oc=5,"Fri, 26 Jun 2026 09:45:41 GMT",NIO's William Li: Domestic New Energy Penetration Rate to Exceed 90% by 2030 Gasgoo,2026-06-29 18:16:23
NIO News,"Nio Reaches 300,000 Battery Swaps in Europe as Pace Slows - eletric-vehicles.com",https://news.google.com/rss/articles/CBMilAFBVV95cUxQVThsYTZNYUZlVi1YLUIydkxScGpEc1ZqbndJbVFYM2ZOOHJ3LWNJdW1handNVGpQWnB3ZF85X2h3eEJ0S2hZdHh5ODFmZWllamlubzhJdnk5MXdXUmJXWjJFdmxfemVDYkNRdDNlRE80Zmc2Wk52Mm5HbjRkTDZfV1l3QkUteWVwMXZDNEhoQUpnXy1j?oc=5,"Wed, 24 Jun 2026 15:08:17 GMT","Nio Reaches 300,000 Battery Swaps in Europe as Pace Slows eletric-vehicles.com",2026-06-29 18:16:23
NIO News,"Nio Says 70% of First 10,000 ES9 Buyers Are New Customers | EV - eletric-vehicles.com",https://news.google.com/rss/articles/CBMikwFBVV95cUxPVkZoanV5eVRicFhkVVlfNjRFU3RjMUFPbUdfT1FLeDBaRTlrWmlxS1VCSjctcW9LSmxTbVdzYU83WHMwWVdnaU1BYkY2MHRnN1ROZlNTVjQ4ZmVpeFJveDF2TDdfMlk3aVM4R195WGR6S0wtNGdvZkZMWmV4NkVydTBFT0xob045T0t0bmsxUnNTeEk?oc=5,"Sat, 27 Jun 2026 18:59:10 GMT","Nio Says 70% of First 10,000 ES9 Buyers Are New Customers | EV eletric-vehicles.com",2026-06-29 18:16:23
NIO News,"Nio Opens Pre-Orders for Five-Seat ES8, Sets July 9 Launch - eletric-vehicles.com",https://news.google.com/rss/articles/CBMilgFBVV95cUxNRXo1cGQ3WExkVjEyTzR1bHZObHNDYnlBOVlHaG5Lcjk2T3pNSWh0Sk5aNnJRUk1VOURSWkNrRVMtazBTaHR2RzdCVk10UVh0TXkwR1BmSkN1UHRfVUd6bGVqeXd6ZTRmUTFnVGdVWG9lNG50X2tUbDREUVQ0Qlp0NkxNRmMzem1zUllWdkpCUF8xSC1VTGc?oc=5,"Sun, 28 Jun 2026 14:02:49 GMT","Nio Opens Pre-Orders for Five-Seat ES8, Sets July 9 Launch eletric-vehicles.com",2026-06-29 18:16:23
NIO News,Nio VP Signals No Deep Discount on Upcoming Five-Seat ES8 - eletric-vehicles.com,https://news.google.com/rss/articles/CBMilgFBVV95cUxPY3NMZEp3cmk1QzVMTjZmSTFWa2lKVW1WbzFkaDNnb3pPbkRHVTRuZ1JDX21VdmNjeml6SUZvaVJGVlhna2Z1aWhKRVhtTEo1T295dWZINEMxVkE3X1VKeFVEbVBBTHdJNGNUZ0NTV0laYkRMYkU1ZGVfUXl5dXNXZXh2R2JtcG9JNnJ3ZXhKcEpTQTViSGc?oc=5,"Sun, 28 Jun 2026 17:08:59 GMT",Nio VP Signals No Deep Discount on Upcoming Five-Seat ES8 eletric-vehicles.com,2026-06-29 18:16:23
NIO News,"NIO Inc. Achieves 62.3% YoY, 28.4% MoM Growth with 37,705 Deliveries in May - NIO - Home",https://news.google.com/rss/articles/CBMiTEFVX3lxTFBqRzUyMnIwNVl4NlZONGRnN0RRYUlweld2VGwydmZ6MEdOSmdZVzd5MjZzMWw1UDVBcWJLc0h1VWFqb1F6aE82MV9tX0s?oc=5,"Mon, 01 Jun 2026 07:00:00 GMT","NIO Inc. Achieves 62.3% YoY, 28.4% MoM Growth with 37,705 Deliveries in May NIO - Home",2026-06-29 18:16:23
NIO News,"Nio hits 10,000th ES9 delivery as flagship SUV gains traction - CnEVPost",https://news.google.com/rss/articles/CBMib0FVX3lxTE9QVkRQNWRnQWdCOTR2dUdPRUFJS1RsOFhPQWNQYnRnczd1dExJR0x3U1FrRGl1T3FZWUxjLVhndkpKcTJ6TmRObzZoNkFCR2dCQ3ZYXzJvaHlzd05fcTJzRF9tTjB0VzdKTGRlMkR6aw?oc=5,"Fri, 26 Jun 2026 01:12:00 GMT","Nio hits 10,000th ES9 delivery as flagship SUV gains traction CnEVPost",2026-06-29 18:16:23
NIO News,Nio's William Li sees China NEV penetration topping 90% by 2030 - CnEVPost,https://news.google.com/rss/articles/CBMieEFVX3lxTE9FVy1IQ1FWZXp2X0FUMnJncmRTSHZpNE1WU1VXQkd3Nm5Ndmx3OTZXZnNhUHBHWlZOcU5aZWlsWWZ3RHR5by10LWtSMjhrVHpsUGpBUFNsbjNyc3BGWklhV3QtNHItbjlCcFAzR3FSTnBnNkwzLUN5bw?oc=5,"Fri, 26 Jun 2026 03:09:00 GMT",Nio's William Li sees China NEV penetration topping 90% by 2030 CnEVPost,2026-06-29 18:16:23
NIO News,Nio CEO says 9 of 10 cars sold in China will be plug-ins by 2030 - 디지털투데이,https://news.google.com/rss/articles/CBMirgFBVV95cUxOdGhDdUFWcmxmeWhDdTd6RXBTbjg2SzNSYmpjUWhGVWg0RnJpc3ZrQWY0alhtcXlEWnpiLWdSV1dKTjhyQU1uVTNId01lQjdZampGV3VseVZDMXJnQUcwM2FBR1Jza25tWUxaYzhvZHNKVE9qSlFlUDhEZjRhdFV4bTBUUjEwR0I1SXp2ejFKY0tHWEhvbVptOEs5cFZ1UW9qZlZKLWFHMGdZQ0IzU3c?oc=5,"Mon, 29 Jun 2026 02:15:33 GMT",Nio CEO says 9 of 10 cars sold in China will be plug-ins by 2030 디지털투데이,2026-06-29 18:16:23
NIO News,Nio Says R&D Spending Now More Efficient Despite Smaller Budget - eletric-vehicles.com,https://news.google.com/rss/articles/CBMinAFBVV95cUxQd1BreUZjTUpaVFEydklfRW11UHZqcW1qS2JXVElYQWtSSTVKazZMTGhsMmpEd0dFX3Q5Z25ha0ZxVHNJcGxGZVhLRi1GUlR1NFB0LUVMTFB2bHNUMV9zSFBiQ0pjNldvTXlBQ3NwZGRmbXBKOFJMVXhwYmM4MXVMdHNwR0FmYTZIaWp1Q2FIUGhMNmtiN1ZkNGQyV2U?oc=5,"Sat, 13 Jun 2026 07:00:00 GMT",Nio Says R&D Spending Now More Efficient Despite Smaller Budget eletric-vehicles.com,2026-06-29 18:16:23
NIO News,Luxury Evolved: How The New NIO ES9 Sets New Standards - Torque News,https://news.google.com/rss/articles/CBMiigFBVV95cUxOY3llUmpDOEMwWHY0WHZ0QzhROE9tMVNTOUU2WmFCRTdOSXQ5NHhxZXVROEhxMDlQUWNPTEJFUmZ2R2t2SV9ueWh0akc4cFMxRjlzR0FoNU5CTEpfSVBnQ2V3SFEwM0poS2xVN0tqYzBRaGxoODJrRUtlYzFEeU0yTGgyX1E0VzBxM0E?oc=5,"Wed, 24 Jun 2026 19:57:14 GMT",Luxury Evolved: How The New NIO ES9 Sets New Standards Torque News,2026-06-29 18:16:23
NIO News,Nio Sees Germany Registrations Crashing 89% Amid Business Model Change - eletric-vehicles.com,https://news.google.com/rss/articles/CBMipgFBVV95cUxPWUlrdXZFajdkNUltQXNsTVVvOWVMc3U5a3BNbDdOMVo4U1c3NmNNTHBESG1IZVhfelVJZEs1aUs3N1A3NzRiTVdSNlZKcDFJZ1ZLYlZZNnhuTnFVT1ZnVW9LVVh3aVpmMFUwQmxoMUYtNjZVLW5BejJxYUprQ1NZYm1MaEZxdDJmSHo0bS0wcTBCREFCU08ybTVZTS1PemJNWENUeHJB?oc=5,"Wed, 03 Jun 2026 07:00:00 GMT",Nio Sees Germany Registrations Crashing 89% Amid Business Model Change eletric-vehicles.com,2026-06-29 18:16:23
NIO News,NIO Presents Three Brands at Auto China 2026 - NIO - Home,https://news.google.com/rss/articles/CBMiTEFVX3lxTFBpUExoU3ZyNDN6ejU1bGFsRUpsWWx2Vm81dk9nTUhzTUNIdHFsX093dHZHaTdhS19BZldOTk1YdWpmQVJic0Q4eFZfUVQ?oc=5,"Fri, 24 Apr 2026 07:00:00 GMT",NIO Presents Three Brands at Auto China 2026 NIO - Home,2026-06-29 18:16:23
NIO News,"NIO ES8 five-seat edition arrives July 9 with 3,084 L cargo and 655 km range - GlobalChinaEV",https://news.google.com/rss/articles/CBMirwFBVV95cUxONHJJRXZnSGU2VDZEY2o1MllOQUNVTTVpN3N4WnVfRVBxTHU5a1lKMXFldllxZllHUm9iS2liSE4xWDc5emhMOTdVYzlWSW9HTXJHYWh0eEZXV2RJbnh1R1lBQktmaDY5a2tXY01WQ2F4T1VHR2Frbjk1MEloUUh5Y3dkc3RyemVvSXA5WlRzb3ZjTzBONktCcjhTVXZvSGJqaU4tTW91Z2pMQ0xfWlJj?oc=5,"Sun, 28 Jun 2026 19:52:30 GMT","NIO ES8 five-seat edition arrives July 9 with 3,084 L cargo and 655 km range GlobalChinaEV",2026-06-29 18:16:23
NIO News,NIO Nears Technical Bottom - SUV Drives Higher Deliveries And Richer Margins (NYSE:NIO) - Seeking Alpha,https://news.google.com/rss/articles/CBMitgFBVV95cUxQRjZIbklsVDk2RVZSZi1KNGRMY0h2cGU4VFBBMlRXZFhMR21RRlc2aDAtcFEzRjhnc3paY2k4WjZYRm1oYy1ERHU2S1FWaTYwNTdqd3hETl91b2pETExVemtGamtoaE4yVzJCZFc5WHVzc1B5M3BnVGk5NEpvbEZueXpLeWZqQkw0SnVoNzllNUxIN0luZFdYaVdrcHRXX1gzdUFHZVFNRWhkZDlLSmV5OEhfZEdpdw?oc=5,"Thu, 25 Jun 2026 15:10:00 GMT",NIO Nears Technical Bottom - SUV Drives Higher Deliveries And Richer Margins (NYSE:NIO) Seeking Alpha,2026-06-29 18:16:23
NIO News,NIO Inc. (NIO) Announces Vehicle Delivery Results for May 2026 - Yahoo Finance,https://news.google.com/rss/articles/CBMimgFBVV95cUxPNlo0cUw2WnhiYXdySDhxX0dkVlZQNFI1ODVURWNaMTFxUzZWdEExNnRhQXp6WWltekZLN0hnMHg3VUJSelpsR0prMkhWNkhreXBqMlVkTDlRUFNfVU1sM1Zkek9Jdm1SUkJSRFFubkE3NGZLUERmLVkyNEd2RXpSTmlfZ0U4RVg0alYxTl85MVpuVFlLVlgyNFZn?oc=5,"Tue, 09 Jun 2026 07:00:00 GMT",NIO Inc. (NIO) Announces Vehicle Delivery Results for May 2026 Yahoo Finance,2026-06-29 18:16:23
NIO News,"NIO Inc. Achieves 22.8% YoY Growth with 29,356 Deliveries in April - NIO - Home",https://news.google.com/rss/articles/CBMiTEFVX3lxTE5lbEFNa1h6em1vcFQyM2hDMWpWWUtvZHh6SnNiRVpmX3BmZVRZSlVVc0JpZnZpM2t5TXdpeWRYTG1JMzNxLS1FSWQ3WXI?oc=5,"Fri, 01 May 2026 07:00:00 GMT","NIO Inc. Achieves 22.8% YoY Growth with 29,356 Deliveries in April NIO - Home",2026-06-29 18:16:23
NIO News,Why Nio Stock Skid 12% in May Despite 129% Growth in EV Sales - Yahoo Finance,https://news.google.com/rss/articles/CBMijwFBVV95cUxQTDZiLWhZMEJSc2Q3N3dwMUJnelJvNHhsU2JTNkZtLXB2U21QQlZsYnkzOExMQzQyU3d4VXhhNC1oUE83dF9OZTFkb0szSzMxUjF2RVFzc0xMQkJ3cFBsUk9YWE82UTk0YzA2aUlYVFNTd05LcXN5dGp6MDRIZGhjaWthc2pUOFBHSnIyMDBqRQ?oc=5,"Tue, 09 Jun 2026 07:00:00 GMT",Why Nio Stock Skid 12% in May Despite 129% Growth in EV Sales Yahoo Finance,2026-06-29 18:16:23
NIO News,Nio Inc.'s Exports Rebound in May on Firefly Strength | EV - eletric-vehicles.com,https://news.google.com/rss/articles/CBMiiAFBVV95cUxOQXhmREpyc0QyQm5JLWNSOVBEa25OTWI2WGhBVXh5T0NxclFKdjktYWNxSFp6a0NWUUFkM1BsRWNraTdpbDZNM3czWW9ETG14aHhVSk9JdUZZUm81aHVQN1Y1YjdTdnZQSlY1bUx2MmxkUGNGNWdvcUNmb0ZzcEZIdmM4VkQ2SFZu?oc=5,"Tue, 09 Jun 2026 07:00:00 GMT",Nio Inc.'s Exports Rebound in May on Firefly Strength | EV eletric-vehicles.com,2026-06-29 18:16:23
NIO News,Nio deepens UK commitment with new R&D center in Oxfordshire - China Daily - Global Edition,https://news.google.com/rss/articles/CBMiggFBVV95cUxPMjFCXzQxanlBUFJja0RVZHZlY1lVZThlLWhUczlvLTFYWGhsVUxIQWhMMVNGbzJobUxQUFZaS1dyYmtDd2NLeG1ndzFOam9jZGJyN0djZkRDM3JRdVRONk1TXzRPTTlxVWdjNlZQLUFsRVNCY1ZTNldKVi1neVR6dkVR?oc=5,"Tue, 23 Jun 2026 16:28:32 GMT",Nio deepens UK commitment with new R&D center in Oxfordshire China Daily - Global Edition,2026-06-29 18:16:23
NIO News,"Nio ES9 delivers 3,108 units in last four days of May - CnEVPost",https://news.google.com/rss/articles/CBMihgFBVV95cUxQQzdSWWlXRk9vUzk1eXdHOEMtck5HZjFEcHNKbmU4V1FfQk1fTEs2Z0RxQmZGYWRNdGJwcFRldmRzdE9FTXJpQ0FKYl9kZ09vcjluUnFoVk5UTzNFSnM4RkZvVmlGbVBLeFRfNTZRbGIxckNxeEI3cXpwSmlmM1hIUjZ5YU9SUQ?oc=5,"Mon, 08 Jun 2026 07:00:00 GMT","Nio ES9 delivers 3,108 units in last four days of May CnEVPost",2026-06-29 18:16:23
NIO News,"Exclusive: Nio Tells Europe No Model Updates Until Late 2027, No New Swap Stations - eletric-vehicles.com",https://news.google.com/rss/articles/CBMitAFBVV95cUxNVTE1MUJJYVJTNjNTX0VZUHZUMEJaY0FmS1JtSGVybDVQVFk3djR2YmM2N0ZUUHRtaE9scGJRSnFnekJ6ZWVkTnZfeWdubXBWQ2thUUdvMFBEdDJldHVJWXAyNlJZUy1ZX0stcklhR0xHdEh1UmRLMlEzeVRzbW9seWN1NE4xWWVyb3ItUnhGSnc3WDh6QWJCbUJEU1BGaGk3WHFBREZJTVlKOFIweG9WbzhzQmc?oc=5,"Wed, 27 May 2026 07:00:00 GMT","Exclusive: Nio Tells Europe No Model Updates Until Late 2027, No New Swap Stations eletric-vehicles.com",2026-06-29 18:16:23
NIO News,NIO and Bosch Sign Strategic Cooperation Agreement - NIO - Home,https://news.google.com/rss/articles/CBMiTEFVX3lxTE5Cc1FkQXlZOVI3cWRiYzBETnZNYkZNLTJHdEo4cWVQdFV5UENYNGp5MlJCUzBuOWtmWFQ3eUlFeG9CalM5ak5YdkVVZnU?oc=5,"Fri, 27 Feb 2026 08:00:00 GMT",NIO and Bosch Sign Strategic Cooperation Agreement NIO - Home,2026-06-29 18:16:23
NIO News,Why Nio Stock Skid 12% in May Despite 129% Growth in EV Sales - The Motley Fool,https://news.google.com/rss/articles/CBMimAFBVV95cUxPMlViNjRCdEYyZFZzUVFhcm52dV95aHpWZlIwc19IMzlzdjRYUTh2bFJUSXpPa2xVUWQyVVQ5NUJzYnVHVzVxNlg5MEYtcU9uU1R2VG5vTUR2QjNuZUdJOUFUN2xFbkJCTmxvTVlGSnhmWFQxa0lrSGlOWGpzUWltSzlhQ19vR2hyaHI4RHhDa1FwM05HTndVdw?oc=5,"Tue, 09 Jun 2026 07:00:00 GMT",Why Nio Stock Skid 12% in May Despite 129% Growth in EV Sales The Motley Fool,2026-06-29 18:16:23
NIO News,NIO: Delivery Run Is Getting Hard To Ignore - Seeking Alpha,https://news.google.com/rss/articles/CBMiiwFBVV95cUxQS1FjUXl5c2Jjak01VkFHalR3WnNxMTlTR2ZGU2NPeGZVVl92ekpHOVNaajFZcEVnOTQtZi0yT1V6dEFMc0RoM3hKR1htaHc1V2R0YUdPOURVRjk5UHZzVGx0ZmFPeG5maHRhOTV1T2Y1QXpFZFFPcDBsYWhJNXhzZGY3aDRqbFJqcmE0?oc=5,"Fri, 26 Jun 2026 05:46:43 GMT",NIO: Delivery Run Is Getting Hard To Ignore Seeking Alpha,2026-06-29 18:16:23
NIO News,"Average Price 500,000 Yuan, 10,000 Units in 30 Days: What Did NIO ES9 Do Right? - Gasgoo",https://news.google.com/rss/articles/CBMi4AFBVV95cUxNUzcxOG5YUmtFUXR3R0dUZFMyc2ZPT1BVVnl4MnotaUNTYXJjeU13TnQtUlN2YjgxR3l4MjBiUXhqeGlLejk2ci1jeFFNN1Y3Wlk3U3RVcTVBbzBIN2duLWc3VTB5MksyTWdnRExfRHNGRnRYS2R1ZG5YOVhiVVdkYW9malF6bzJYaUpFalpHLW1mYWZkTFExeE1mdkJfWWxnanUtQVFlaTc5eS1xS1QtNVBzcmNYOXZWbkd4X0hnWHQxVHNQVXJZblVxREJQTWJqdjJVbFBYbTlNT0pCaDIwNg?oc=5,"Fri, 26 Jun 2026 09:35:41 GMT","Average Price 500,000 Yuan, 10,000 Units in 30 Days: What Did NIO ES9 Do Right? Gasgoo",2026-06-29 18:16:23
NIO News,"XPeng Sets July 2 China Debut for Mona L03, Europe Launch to Follow - eletric-vehicles.com",https://news.google.com/rss/articles/CBMipAFBVV95cUxObTJPdEtmekhrM2NVN24zcFVRRUxmU193bHY1SWxXb2tWOGNIUGRkMlR1YkpnU2wzMmJCSUN0Vl90bFBIcVhoVEphYUowZ2FNRTdEV2FhREdjOXBZLUVkSWpTeFQzdzJDd2FpUnl1OVRlbi14UFNjSzZIcTdyUy1vRTZoTjhhTTJwcWhDa2NHdk40WGhJS21EMkhpcDdxbzhreEpOTQ?oc=5,"Mon, 29 Jun 2026 09:10:23 GMT","XPeng Sets July 2 China Debut for Mona L03, Europe Launch to Follow eletric-vehicles.com",2026-06-29 18:16:23
NIO News,Nio's Battery Swap Network Just Delivered 16% of All EV Energy in China in 5 Days. Is the Market Sleeping on This? - Yahoo Finance,https://news.google.com/rss/articles/CBMimwFBVV95cUxNSjBMQ0ZaWVBOS3V3R2FCTmpvYS02ejRyRXlqVmpVcEQxRERLMy1nRXV6cHlyOUxIREtnWjJ4VGRPU3QtV2N1bFZGbWxPdmdGaFBXcWRVR21qMms4VFlLSmlZRDBwaWp2M2s3OEs2TURjUmxDSlBlZ2xpUUEzSnJ6RXpKZ0M4cEw4UVBKRklrbTVTMU5KZnQ3dS1yZw?oc=5,"Sat, 30 May 2026 07:00:00 GMT",Nio's Battery Swap Network Just Delivered 16% of All EV Energy in China in 5 Days. Is the Market Sleeping on This? Yahoo Finance,2026-06-29 18:16:23
NIO News,"Nio Delivered 37,705 EVs in May and Is Making Its Own Chips Now. Can It Compete With BYD at Scale? - The Motley Fool",https://news.google.com/rss/articles/CBMihwFBVV95cUxPWUxCNGN0Ti1ydXkwaEdFaDRwUW1mSVlKeUlZUTR5c2NzeFl4VXZ3bF9Tdk1rZUZvdFAyUDB5UHRwaFNid2JyaWlTdWR0eUpvenVLYnhYNG9zc2M2ajlLMWg0eXpkQjRWRlVlMWhMWVQteHdGNzVtWTdBLWpWVDNPM09sSzk0R1k?oc=5,"Tue, 16 Jun 2026 07:00:00 GMT","Nio Delivered 37,705 EVs in May and Is Making Its Own Chips Now. Can It Compete With BYD at Scale? The Motley Fool",2026-06-29 18:16:23
NIO News,Flagship Executive SUV NIO ES9 Officially Launched - News - NIO - Home,https://news.google.com/rss/articles/CBMiTEFVX3lxTFBLNERBYWlQNFc0RXAzR21rNmpDMTJvSGs2UEpXVTcycjFIT2V4WFg5c0VuVlNnSE83ZGw5cFJFWnBESWpGR0g2ZWE0NTc?oc=5,"Wed, 27 May 2026 07:00:00 GMT",Flagship Executive SUV NIO ES9 Officially Launched - News NIO - Home,2026-06-29 18:16:23
NIO News,Nio’s Firefly Brand Showcased in Hong Kong as Market Launch Nears - eletric-vehicles.com,https://news.google.com/rss/articles/CBMiqgFBVV95cUxPdkxMSFlETXBFZFYxV1k1Qi1TRzJRRHZwVHpSM0FyMWxiMDZXZG9Tbm5pMDA0eGV5SVF5OW9GLTdTd1JNZ0I2SEc5Tk9INlJiQmJNTFNjR3RKRWIyVUtmTXVSbGhPMHgtMHZDMEN2UVlWYWNvYTRmRFB0ZVJWS2t2VmVCR3N4TWloc202UjV0UHhXWmRjeUN0clFhQXNaNldxbGd3R2gyS1FlQQ?oc=5,"Thu, 18 Jun 2026 07:00:00 GMT",Nio’s Firefly Brand Showcased in Hong Kong as Market Launch Nears eletric-vehicles.com,2026-06-29 18:16:23
NIO News,NIO Stock Drops. The U.S. Isn’t the Only Country With an EV Problem. - Barron's,https://news.google.com/rss/articles/CBMijgFBVV95cUxPdXVaVHBLQ2ZwTFdGYUtZVEQxVk0yaHBtOV8xX1M2T3dfQ3NsNlF2WVowVVFtRkxxamo5Sk02a1RYbVpCVzd0YlRHdmZtekRDSDBReFZaZnhOMHJJWENHMWJocm5wME52TEk3T0NZdjdxU3VyREZuUTBxYWQ2ODJLVkdFMHJYRkExdTRPOEpR?oc=5,"Fri, 01 May 2026 07:00:00 GMT",NIO Stock Drops. The U.S. Isn’t the Only Country With an EV Problem. Barron's,2026-06-29 18:16:23
NIO News,"NIO Inc. Responds to Inclusion on U.S. Department of Defense's ""Chinese Military Companies"" List | NIO Stock News - Quiver Quantitative",https://news.google.com/rss/articles/CBMi0AFBVV95cUxQRWNBUVhHZk1vc3JPZXUwWUpJa083Zm5JcWpMVHE4S3VLeV9IZGlLUlVadXBMbHNFUjRFd3c5WE1ESmxUeDhzLWExWWhyaWp2d3dmUWdaUmVhRjc2N09lYkJaWW9LVTJPWG4zXzFXUlhqOXVEcjA5ekU1MkJJVW5MOVItWE55QjNMcDNwSDA1S0EzeDJ6UHctUTRyWHF6b2NQaTdEOFJVbnpmOGJveVFqd1ZqWnZkTzQwR0cwQVBPVDVhLVo2aC0zWXljRGhaYlZC?oc=5,"Tue, 09 Jun 2026 07:00:00 GMT","NIO Inc. Responds to Inclusion on U.S. Department of Defense's ""Chinese Military Companies"" List | NIO Stock News Quiver Quantitative",2026-06-29 18:16:23
NIO News,Nio’s F2 Factory Packed With Thousands of EVs Amid Production Push - eletric-vehicles.com,https://news.google.com/rss/articles/CBMioAFBVV95cUxPMGVUeHpOQ2gycDE0UkQyRXotZ0VmY19YSDBTcVpIdUc3VFFSYk5RSGo5R0k4X2Zxc1lhOThvS3FNMF92UVpPSWFZc1YycUR4QkZTYzZ2OVE0R1V2UXVEOE9HblFfS3IxMm53OWI5enV0RHVxX1VSNi1jYmRXNmMzVFZ1STFUQll3dlY0VHYtYzV5RXVmQ29TNjlUMm5BUGVJ?oc=5,"Fri, 12 Jun 2026 07:00:00 GMT",Nio’s F2 Factory Packed With Thousands of EVs Amid Production Push eletric-vehicles.com,2026-06-29 18:16:23
NIO News,Nio Factory Two joins WEF Global Lighthouse Network - Automotive World,https://news.google.com/rss/articles/CBMikwFBVV95cUxPR3NSbTFjX3RsdG9nSVptT21QMjRmSjBvWDJEcGhteVEyX0VZc29CVm9YcGdnMEtFWU16WE9nQzZCUFYzb1pOWWlmWURIYmIxdUdBSFZhYVc0WFcxUDNVbWRVTHpOYm1zYmxZYzVCRm41aHZ3NzlNQ0pXUXBaOU1fU1RPdXIxU3FQV0Nhb0MxMHBGdHc?oc=5,"Tue, 23 Jun 2026 05:25:46 GMT",Nio Factory Two joins WEF Global Lighthouse Network Automotive World,2026-06-29 18:16:23
NIO News,Nio Firefly launches 8-bit themed limited edition EV to attract young commuters - CnEVPost,https://news.google.com/rss/articles/CBMiggFBVV95cUxNeWhEYzdub2s3dkVoajZDbGRlVXBtNVhCeWsxZFRVS2FIdGdIcnRmYXA1MFZwT0otM09wdGZGTUJPRl9fMmhjYTQ5bkFYdjIyMzh4eUxaVGt5MFlBTDBsRlZyVWdHelFENkJHbFlLb0dGaFptOFlFQ3I1eHhYYVJ6U1Vn?oc=5,"Tue, 09 Jun 2026 07:00:00 GMT",Nio Firefly launches 8-bit themed limited edition EV to attract young commuters CnEVPost,2026-06-29 18:16:23
NIO News,"NIO Delivers Record 37,705 EVs in May 2026 as ONVO L80 and ES9 Boost Growth - Electric Cars Report",https://news.google.com/rss/articles/CBMitAFBVV95cUxPdS1NbXJLeGdVNGYtc0plRUdWenZYcjEtUHZ1X0o1STFpZzZlelY3akdHV3JvVmhxbWwzYkk1Tkpld25TbUt2TUZqLXhlZ29yekxzNnBZSElnOFJBWE14Q0I5dDZzWENYbzk3aEk5U2txM3FVM2UzSkY0WHpuczlWeDhhWEx1N3pncEI5NHVZSEYwNzN0MjlUNUlLV3RkSEJuQndaUGp3WVVQZVVRcDN4em1yMnQ?oc=5,"Mon, 01 Jun 2026 08:00:45 GMT","NIO Delivers Record 37,705 EVs in May 2026 as ONVO L80 and ES9 Boost Growth Electric Cars Report",2026-06-29 18:16:23
NIO News,Nio helps shape Singapore's new standard for EV charging and battery swap - CnEVPost,https://news.google.com/rss/articles/CBMikwFBVV95cUxObFlLLTByWWFtMzVveW9nbjlEWG13QkRUUEZ5bnlHWmN5ZHRFalhZaHNRQk5OTFViRXRsNzBSRmxRWWJ3VjduTU9nOWtWajk2UUR2MVpFbnM5VWVmOV9uRDJhemozTVJ5d2dmcm9jaC11T2VSbkN0UG5IX3NkLV9vbjJ2RkVDelBJQnYycm9jVUc2UDA?oc=5,"Wed, 10 Jun 2026 07:00:00 GMT",Nio helps shape Singapore's new standard for EV charging and battery swap CnEVPost,2026-06-29 18:16:23
NIO News,Nio Brand Books First EV Registrations of the Year in Denmark - eletric-vehicles.com,https://news.google.com/rss/articles/CBMimwFBVV95cUxNN3MyT3JLV3p0dk1XZk9WTUlmYWFOLU82ZlhuT1oxQkEwazlORGJBcktnNWJPMkZaZUozTFd2WGdxSjR2R2MtdlZlZFVMak0ycHI0Qk5YTkwtUnhTemVDeW83OWo1Q3VmQU45Q3RMYzgtNDQwOGhSVEsyNER4aVBMWVFNbFN3RWgxMXNWR3dNOHVjUXowRUtOU3BRYw?oc=5,"Mon, 01 Jun 2026 11:08:03 GMT",Nio Brand Books First EV Registrations of the Year in Denmark eletric-vehicles.com,2026-06-29 18:16:23
NIO News,Nio Loses AI Product Manager to Robotics Startup AgiBot - eletric-vehicles.com,https://news.google.com/rss/articles/CBMikwFBVV95cUxPZWd1SzFrWXYtYUFCWXNKZjlGaFVYRTY2N1g0ZWNsNkRkR3BQMkJqWGo0Y3ZQYXpLR3hBeXA0RV80X1AyekxaU19VcHF1VjNsNGJRVTNscGxGdFlNS1k0eWFyLXU3dmtfWXB6dVIxbmthcmt5SXIzZzAzQi1BdlZsODQ3R2lDLVZsRlIxTG9iaER1R0U?oc=5,"Thu, 25 Jun 2026 09:11:27 GMT",Nio Loses AI Product Manager to Robotics Startup AgiBot eletric-vehicles.com,2026-06-29 18:16:23
NIO News,A New Era for NIO: The Power of the World Model - Torque News,https://news.google.com/rss/articles/CBMib0FVX3lxTE1qVVduR3ZZVHIxWkhVWUJlQkFnMkhkNUFBa0RUQWdSaFdmYjhaUTM5QjhwVGx0VmdNYXU3eXhmTkpObE5nbjBqUzJVTl80TDF0bGl3Q0tCOXN6OGdSS0twcTFKQmNEQUtYNUpsOEhxQQ?oc=5,"Thu, 18 Jun 2026 18:34:35 GMT",A New Era for NIO: The Power of the World Model Torque News,2026-06-29 18:16:23
NIO News,NIO Factory Two Recognized As A Global Lighthouse Factory - CleanTechnica,https://news.google.com/rss/articles/CBMimwFBVV95cUxOdkFmMnhNU2l5eW1nS3pqZnpHVlZGeVA3dWRvRWNYZ1pMSlI2UnRKU3lJSWFOMzdUcGhzRUhDQTJFYkxwYmlYcnpEZ19lVG1COElUdDZHcmd6ZHVGQ2k3djdlU3FBZUN6QVVfTlplZi1zbThPRzZxWFVMOWRmN0l0dE43WDBmV1d5VUNPTE02UnhCRHVZVUd3d0Etdw?oc=5,"Tue, 23 Jun 2026 03:50:29 GMT",NIO Factory Two Recognized As A Global Lighthouse Factory CleanTechnica,2026-06-29 18:16:23
NIO News,Latest News In Electric Vehicles - Onsemi and NIO Collaborate on Next-Gen EV Platform - Yahoo Finance,https://news.google.com/rss/articles/CBMiqAFBVV95cUxPMGVxR3VaWXBybndxeFRrYWQyTUNVUmJFc0E1bXIxa3paNTAtblRHMWlzLWlGbDhxTWdRNUZzN3l0clNnZkJzMFZoTmwydWtIMzhVemVDYmwtUG16YWdkak92bkF2SmdLWldHNnA5QzdQNi1YWHJTSjJacERyWjM5WDFyQjgtWklkWW42cENxVUxkZmFQaENVdDNoNTh3T2hXWGNMS1FaZ3M?oc=5,"Mon, 27 Apr 2026 07:00:00 GMT",Latest News In Electric Vehicles - Onsemi and NIO Collaborate on Next-Gen EV Platform Yahoo Finance,2026-06-29 18:16:23
NIO News,Nio slows pace of overseas expansion - electrive.com,https://news.google.com/rss/articles/CBMif0FVX3lxTE9WaVA3eFA2dy02eDVnX1pvUklmNTNieEluSFdKdTRLYzV5OTJpOWduVWdUNzRPd1psS25MSXJCS1VPSTNzOFZzYm5WT05fTmpBTDJORWxMMUlGS2dWWWE4YnJXLV9wZWVnLWc3MWhZYURISU5PMHdEYWw3Vzl5aDQ?oc=5,"Mon, 01 Jun 2026 07:00:00 GMT",Nio slows pace of overseas expansion electrive.com,2026-06-29 18:16:23
NIO News,Trump Administration Labels Tesla Rival Nio A Chinese Military Company—EV Maker Says 'Not Justified' - Yahoo Finance,https://news.google.com/rss/articles/CBMipwFBVV95cUxPUFpiSUgyRmRrM1lZeGZ1UU1GbXF3YmRlX1FfTThtOEFMcHNpdEUxTDl6YjR1ajVqTjJrRnVuTVBDclpLRWVwUUc5d3Y1U3dCc3lMcW1rZ3JleU5JOTFlbWo3ejBPeXhwR1kzX0twUE1zQzhvRVRrcVNjNnpzcUcxZGJxdWZLWGxSVnZ3RUJzUllfSC05ODZLcEpmVjRHRUJqUzBFVDNEZw?oc=5,"Wed, 10 Jun 2026 07:00:00 GMT",Trump Administration Labels Tesla Rival Nio A Chinese Military Company—EV Maker Says 'Not Justified' Yahoo Finance,2026-06-29 18:16:23
NIO News,NIO Opens New UK R&D Centre in Oxfordshire to Mark 10 Years of Engineering Innovation - Electric Cars Report,https://news.google.com/rss/articles/CBMiwgFBVV95cUxQcW0yQVZVc19hWVJRLS1tUGl5NDNWRmNUNC1pSm5xU3kwNEs1d0lJMXMzcE9RZGoyQUNWb3NFVTZpQzRUS2ctZU5nVDNMbWVITF94Y3hRd21ZdTRUWlBsZUpJQUhBQlA5blpXMmc5UEdONWY1dUY5VUhabmZ6UHlsTUtOLUR0MVBsOVI2M2Q3MjFrQ3drS0pUYUVzVW9VUVR4SnROZVJwMWVqY2pJXzkyTk00MGIwbjNVTUtmWXJfckhfUQ?oc=5,"Tue, 23 Jun 2026 06:42:56 GMT",NIO Opens New UK R&D Centre in Oxfordshire to Mark 10 Years of Engineering Innovation Electric Cars Report,2026-06-29 18:16:23
NIO News,NIO Inc. Reports 62.3% Year-Over-Year Increase in May 2026 Vehicle Deliveries | NIO Stock News - Quiver Quantitative,https://news.google.com/rss/articles/CBMisgFBVV95cUxPcVFPMnlhdnd4OGNMcE9sSHREX2VBdlRfS2lvTHI5OFpOalJERjFQVm0yMll5SGs1ZE9yOEVHRVBzam11YW1YblpqcmphVkdDMWE0Z0FvbkdnOC03dnhydzVsRGpFc003U0NvZ0ZoX25FaGI0SlViVEthclE1WExsOUktWnVuMEg4ajU3UWJXUGZhOWtfbUpnWHdMSTh6VUdCLWdMNFlrVU1FMHdqSndmNmdn?oc=5,"Mon, 01 Jun 2026 07:00:00 GMT",NIO Inc. Reports 62.3% Year-Over-Year Increase in May 2026 Vehicle Deliveries | NIO Stock News Quiver Quantitative,2026-06-29 18:16:23
NIO News,Nio Inc.’s Vehicle Registrations in Norway Reach New 2026 High in May - eletric-vehicles.com,https://news.google.com/rss/articles/CBMipAFBVV95cUxQRTZyQzQwMWl5RmQ5ZTRseUxVNThWNzY5NFlJeHlqc21jeW80cVZWbktnLTN0dEhpRUxvVDNCTEVjOGlMSjc0MHNYS1U2ZTB0ZHZ2eEw1aVNqT0dzT0g4dzUzYnlNekNGMmtCZmwyTWpOdWFBeko3Sl82TXJxckd4OGZOX3g1WmR0VXdIdF9vOG5UX3NTNENvZ01NY1Q0T1ZNcmJKcw?oc=5,"Tue, 26 May 2026 07:00:00 GMT",Nio Inc.’s Vehicle Registrations in Norway Reach New 2026 High in May eletric-vehicles.com,2026-06-29 18:16:23
NIO News,"NIO (NIO) Reports March Deliveries of 35,486 Vehicles - Yahoo Finance",https://news.google.com/rss/articles/CBMingFBVV95cUxPZnZZN05nZl82a19zS0JkbTVMRDVGaElEZnBWeU1UVXVDN3VUMlZDSUw5bG8taW1VdjEtU2F3MEU0UjFoMmdTRWUwTVFHVER1V2hhU3g5dVhvUnc0VElFallsdGRlMWNFVmcycThqWVZvUGhoVHdVamtHUXNjcW1fcWxpZjY5dk5XOWZpaG1WQUFJbXAxZHRQeHgyV3lIQQ?oc=5,"Thu, 16 Apr 2026 07:00:00 GMT","NIO (NIO) Reports March Deliveries of 35,486 Vehicles Yahoo Finance",2026-06-29 18:16:23
NIO News,Nio CEO Says China’s EV Market Faces Rebound in Second Half of March - eletric-vehicles.com,https://news.google.com/rss/articles/CBMiowFBVV95cUxQaEQ3bFBXOUx0bGo5eHlxRWFxVno3d3NwWFR0bENlNjA4WUxrbXJkcjNFVk8wdXllTUEzSHRkYVNZbGwycjR6TUtuWU00VVFLMEx4NXRRWGVpM1ZnSmloX1k2S3ZHQmxnN0RzQ3J5cTF0RkwxSEo4bWlhMm8wTV9jNFFZZjBDRzRjbkUxZmh6YVdaSTlPQ0M4YmgyRVQyd3JvTlA0?oc=5,"Fri, 27 Mar 2026 07:00:00 GMT",Nio CEO Says China’s EV Market Faces Rebound in Second Half of March eletric-vehicles.com,2026-06-29 18:16:23
NIO News,Tired of waiting for your EV to charge up? One Chinese company has a novel solution - The Public's Radio,https://news.google.com/rss/articles/CBMitgFBVV95cUxObUtIbWhISjVjM210U0JsWFNucjJpUEVWeEhpYW5OZ0g5a0t4bHJ4VGpVaVBOSmRZRllTeFp2Zm9YQXZXZ3AydkNPQlZVUWQ4UEdDSld5RndiWV9hZU4wUEwzTXNfWldRc1B0T3prTVdYY1NfUE54R09Oa1c3OHNWSjljN205anhSckVHc2EtckZJZ2dIV2ZZaTVOSk9VaVZ1dmdTaDB5SU9uM3ZXSi1wWXFNODJ5UQ?oc=5,"Sat, 18 Apr 2026 07:00:00 GMT",Tired of waiting for your EV to charge up? One Chinese company has a novel solution The Public's Radio,2026-06-29 18:16:23
NIO News,Nio Says It’s Developing New Station Wagon Model Under Main Brand - eletric-vehicles.com,https://news.google.com/rss/articles/CBMinwFBVV95cUxNSzkzUHpFU2Z2ZEo5SmpRbzFuNmFFMDRydFJuXy1iZDJiMW56Ny1DdzhtZXhOdUtHNld3bEgxbFN3U1ozVGNkQWNrSmxuT09zMU1rejNuTXgwVzBVQXRlNDB4UDJlX3J2MkczUkloWl9vREVjYzFxZE4zclV2OHdMbWxyYXY3cWdWQjJUVGVPLUNXWkdaaUxja2RyM2E2MVk?oc=5,"Thu, 28 May 2026 07:00:00 GMT",Nio Says It’s Developing New Station Wagon Model Under Main Brand eletric-vehicles.com,2026-06-29 18:16:23
NIO News,Chinese EV firm Nio accused of exploiting Better Place patents in $250 million suit - The Times of Israel,https://news.google.com/rss/articles/CBMiswFBVV95cUxNRjdIXy1xMlR5eWJ1U2ZsUG5GTFUyc0VJLTRpWldOUFZvb3pOM0dYRE4ySHpZOEVwR2o4Y2RPd2tQX3hHdUx5WG9hbXFTcC1WXzczNUlDOUtSeFNCQmxuUTNvY1JiUkNhUUg0VEdBSWlOTkRPMkE0NnhNUU9nX3dXcF9ZdDBKMG9IUUhhOWVOaWRybHNrSW5pbjYwbUc4V1VrSUJldFVmYy0yOGlxeG9Uc2V2a9IBuAFBVV95cUxPTGdvbU5Sd2tiQklKenNhRUZvTENBWkZ2R24yY1Bfa1U5WkpzbTV1R1hoQWxWN0xXTTluVjNJLUFoaHpRbk05WXp0eHdSaFFYS1RId0NZT3pLQ1pFUHNtaUhFaWJnZjRCWVhkZ1RkZkxUYVlYallFYnU0T042MmdaQTUzdEg2QVlNd1JZbmpMd1gwYk9tbVZjS1R6RjdrNkVjeUtxVHpqY25GeThXc2puVWlGTDhHMURq?oc=5,"Sun, 26 Apr 2026 07:00:00 GMT",Chinese EV firm Nio accused of exploiting Better Place patents in $250 million suit The Times of Israel,2026-06-29 18:16:23
NIO News,"Nio Expects to Deliver Between 80,644 and 85,644 EVs in May and June Combined - eletric-vehicles.com",https://news.google.com/rss/articles/CBMirgFBVV95cUxNSC0tWlRmS3dVWEdhT1ZlUVZubXJUUFZxelpfZDFUR091RWd5akxPd2pJVXV0WGM3ZjVqVmdZdEdqdTMtYjViZERfcGNlVGpEakp0NlBjTnpkTG1fNHdmWE1FcVdKcXdkVVNUQTRRSFl3WHBENHM0SGZnTXp4Q3JVYTFRRjU4RjJ1WFdGUFhqVkFFUDZjTDItaHNjcWR6d0VZUlAxZXpkREN6Z2hTMnc?oc=5,"Thu, 21 May 2026 07:00:00 GMT","Nio Expects to Deliver Between 80,644 and 85,644 EVs in May and June Combined eletric-vehicles.com",2026-06-29 18:16:23
NIO News,Nio Group’s Monthly Exports Hit Worst Level Since Restart Despite Expansion - eletric-vehicles.com,https://news.google.com/rss/articles/CBMirAFBVV95cUxQYjNfcFQyRHRyUFcxWEZlY0tIN3E2Y2tqcUlWaDZralhMWHpKU1liWEd5d0VlODNiaWFvT3BYeFEtb0tpbTdWOTVqV3lTckppZFJMR0VKZGRDTEVTVHVEcDJRZFlEMU94bVFvZDJYTkpxLXFyZW1UZFJ0WHp2M1RLTzNzbEk5bTRneVVvZ3Y0UFFPcVZweWtqRGVUSXZxSi1ZSlBmS3pPYzlTOC0z?oc=5,"Mon, 11 May 2026 07:00:00 GMT",Nio Group’s Monthly Exports Hit Worst Level Since Restart Despite Expansion eletric-vehicles.com,2026-06-29 18:16:23
NIO News,Nio Germany Sells 6 EVs in First Two Months of 2026 as Market Restructuring Begins - eletric-vehicles.com,https://news.google.com/rss/articles/CBMirwFBVV95cUxPc1lVd05YeVI3bl8tWkVBaGE3VzRxVUpuZTVRSlBNNlZiSzZZX2paX0QzSUJVT2xxLVdMVnlTbVVfVEt0aGZhYkdTOGdZbm9hUjJ5Mm9OdHlTdzdxemJGLU9DTUdUUzd0b05pS3NwV1YzMnVBdVh4MDk3RGZJT0dfcGo1SlZVVWJCZWhZcGx5akUxVF91bllNVlZZS1U1MEFoRDZaWTF3OFpIWXVfUTJZ?oc=5,"Thu, 05 Mar 2026 08:00:00 GMT",Nio Germany Sells 6 EVs in First Two Months of 2026 as Market Restructuring Begins eletric-vehicles.com,2026-06-29 18:16:23
NIO News,Nio Faces Collapsing Sales in Established European Markets With Aging Lineup - eletric-vehicles.com,https://news.google.com/rss/articles/CBMirwFBVV95cUxQV2VILWlmWDY0MnVmVm9FTm9MRkVyOFhsdEgxb3VuQTRncEdDTmJFRm5UbWxnSjNtV1dqR000QUVUQjVmTDgyVUQ5Q0taaXh1RHpCaDNmQlRUQ0NubXNYSTFGU0FRbEU0TXZfb3k1Y3E3UE5PZU5hdDVWaE56OUt0N2gwSXZibUp3enF3QWhMeWlrSEhtRWl5eTdkd0RqUUFUVXItSVFhaHhNNGVrcVZN?oc=5,"Tue, 03 Mar 2026 08:00:00 GMT",Nio Faces Collapsing Sales in Established European Markets With Aging Lineup eletric-vehicles.com,2026-06-29 18:16:23
NIO News,"XPeng, NIO Stocks Soar on Sign China’s EV Sales Are Bouncing Back - Barron's",https://news.google.com/rss/articles/CBMihwFBVV95cUxPdFBqUTFKVzB0VVVldWlFNFpYT1o2ZTlHVDU0WnZUQUQ0bWhyRkRjNFFwY29USG9UNGR1TE9rQVlOY0tiX05EQldZZHdUd0IwNTQ1aVRMeGlTMFNmU0RKRHR0b3k1YThzQnU1OVAxckt2TWFFRU00WG5qLVBKeHdDTHVWRmZjVUk?oc=5,"Mon, 01 Jun 2026 07:00:00 GMT","XPeng, NIO Stocks Soar on Sign China’s EV Sales Are Bouncing Back Barron's",2026-06-29 18:16:23
NIO News,NIO April 2026 Deliveries Jump 22.8% as ES8 Sets New Record - Electric Cars Report,https://news.google.com/rss/articles/CBMinwFBVV95cUxPWHhEZnVpZHNKY2xPTHNadjJDSzByUE5PNEVWbjVzODRQMDlDQkwwc3RBb2pLT1AtNVJtR2psb0FibUsxSjZrN2F6SjhadVczSnVrZGN4SF9WMDQwTldrY0FzMExIcHhMak40X1RVcFhyRHNpZ2tzdXRGRHVxUXctSUE5eldiblRRZ1pTVV8xeFF3cFZNQ3gwTmY2MkF0VE0?oc=5,"Fri, 01 May 2026 07:00:00 GMT",NIO April 2026 Deliveries Jump 22.8% as ES8 Sets New Record Electric Cars Report,2026-06-29 18:16:23
NIO News,NIO plays key role in shaping Singapore's EV charging and battery swapping standards - Gasgoo,https://news.google.com/rss/articles/CBMi2wFBVV95cUxQMTRldmk5aW9icXFwblB0X3NCWkFkNXlSQ0pTaFVsVWxPSFltODNGZl9CV19nUkhiMGg2RjhKM0hIV3Jpc1E5OE1mcEtKb1BTUWQwa0dBQmRLOHp2T2xnYW5xMEplT240ZmFGbDhFTFo2M2FnVkNZMnJfemhnWU9NbWJyYXU4VGxmMXNpbExiVFhQdkJzUXJ3ZmZZZlRVNG1kb1Z4RXJIY0o3RE8tS3NIQWljM1M5TWtJcE1id0hxNW5GNlJTcS1qZWJKdmRWRzVYaEJoU2Mxc1pOS1k?oc=5,"Fri, 12 Jun 2026 07:00:00 GMT",NIO plays key role in shaping Singapore's EV charging and battery swapping standards Gasgoo,2026-06-29 18:16:23
NIO News,Nio Firefly sells out new limited edition EV in under eight hours - CnEVPost,https://news.google.com/rss/articles/CBMiigFBVV95cUxNNGFMRUZ5czBERENYVklYYjd6QWo3Y0FMb1JDTm5NWmNKV3AxbFBiMllfdzd5YXVFY3lrTzRUV1J6M1I3Rzg5MWdlZGZ5eUhzMXNxenE1eWthdVY1VFpDcV9nYVBRY0lyaWRRUlFmcGg5QUlGLTdlbERzZUNsNHJYS1FJVC0yRWR0cmc?oc=5,"Wed, 10 Jun 2026 07:00:00 GMT",Nio Firefly sells out new limited edition EV in under eight hours CnEVPost,2026-06-29 18:16:23
NIO News,After 8 Months This Nio Technology And Its 3rd Gen ES8 Help It Ascent To The Premium EV Market - Torque News,https://news.google.com/rss/articles/CBMilgFBVV95cUxNRmFuMm9XR2FvLVlNNmt2eUZMTjg4XzVOb1FqdFVfLV9vanFqY282VVJWNWR6aDZxREQ5WkdJdndqeGtHeWQ3MExJNlp4S09jTlF5ejNFLWhZMDgydkg5aWZBVnUzSmRCWko2QWJLc1gxbHFsOS1OeGtjemFaMzZobndTWFl5S1ZQOWZkTk91QzhveGRqSVE?oc=5,"Mon, 22 Jun 2026 18:06:45 GMT",After 8 Months This Nio Technology And Its 3rd Gen ES8 Help It Ascent To The Premium EV Market Torque News,2026-06-29 18:16:23
NIO News,NIO's Costa Rica Debut Marks First 3-Brand Overseas Launch - Yahoo Finance,https://news.google.com/rss/articles/CBMilwFBVV95cUxQX2U2RWRnSkZXU2tocTlUZTFDZnNGS3kwY3I1WGJoSXpKQjdxckE0X1ZHdDNLRXJZa0dad2dZN1lscFF1OC1IZ3otSzRhSmozSGNqUTRvTng3amNnLVh2VkVJNzVYRFRXbmk0ZW92OFg0WmhCOV9ZLU1oZXd4a0hILUZrS0FOdDhoamhBVjdDMzI4QVl6dWFF?oc=5,"Tue, 31 Mar 2026 07:00:00 GMT",NIO's Costa Rica Debut Marks First 3-Brand Overseas Launch Yahoo Finance,2026-06-29 18:16:23
NIO News,"After 11 Years, NIO Finally Turns a Profit—What Comes Next? - Gasgoo",https://news.google.com/rss/articles/CBMiugFBVV95cUxNZlBVV29oN2owUXYzRWRydG1hczdnTjg0aTJlQnplSUpySXZHMFdNRnVVQ2JIT0hOaWJZcEV6N3RUR0h3U3RndUpzdWFnVjVSdHZOTVhQbVR6U0Zjb241NGZydnpQR1NGQi1seVBBbjEwM3NEQkcyTXNqb25xdFdqRlVwdk5qb2dtUm5pT3VVM2k1eXprVnBVTlVUenp3Q1RNUm9JdHpybF8wNGZMRE9oS2RCZVl5bXBWaEE?oc=5,"Mon, 16 Mar 2026 07:00:00 GMT","After 11 Years, NIO Finally Turns a Profit—What Comes Next? Gasgoo",2026-06-29 18:16:23
NIO News,Nio Brand Deliveries Rise 120% in March as Group's Total Exceeds Q1 Guidance | EV - eletric-vehicles.com,https://news.google.com/rss/articles/CBMirAFBVV95cUxOYThLbmY4RUFQcmZ2eHZwSy1rZ0YzY1VRcWNkQ1RLOEFnM1pkRHUzTEhYai1TdEMwQmU2LUJ2NG9pTlpJbi1RejhaOUg2aUR2VVlyaVhmbVd5RlRSSWdDZU1lUFJkdVBWdUlRekNyMkFWYk9ab2xTLTJaNFNJYWI5TzJTWk1EWm1oRmI5Nm1nbjdSREZjS1BRNnFnYUJtdXY0VzV1cjYxQ2wxZXdW?oc=5,"Wed, 01 Apr 2026 07:00:00 GMT",Nio Brand Deliveries Rise 120% in March as Group's Total Exceeds Q1 Guidance | EV eletric-vehicles.com,2026-06-29 18:16:23
NIO News,"China's auto industry is unlikely to return to 'golden era,' NIO CEO says - Reuters",https://news.google.com/rss/articles/CBMiyAFBVV95cUxOM3pydi1kN0EzelNreW5JYVNNcUwyaFhMMHNRaGxZbC1RdG5wb05ZbkExSnlOOUZIOGRBS0ZqY0lRNm42bEhQMXdNTzB3TzN4QUpLcU01MTAyWjRKeU0yMDBYUkladUlBUUs1ZzR4V3QyWmVFd3VlMFQ2eTktOVJqaDg4eE4yaFRtRmVyNlJnTEtld1RNcDlQYkNjNlgwZjhfMlh2ZFVUVkpnenNOYzZFSi1yNEVwdjFKcTlwdnRfMko1RDFUUzI1RA?oc=5,"Wed, 27 May 2026 07:00:00 GMT","China's auto industry is unlikely to return to 'golden era,' NIO CEO says Reuters",2026-06-29 18:16:23
NIO News,Chinese EV maker Nio forecasts surge in deliveries after first quarterly profit - South China Morning Post,https://news.google.com/rss/articles/CBMizAFBVV95cUxOclNYX3BGVllPQldJSXV2M1ZoalFHTnh1Z2ZWN3NYZUlubThhRlhnbmhQYVRfUzlTRWQzQ1hOYWJadE9xeWZLeFhfaHhiSXNsUENqNzFWWVZ5OXJQOW9XRl9DSWlXalVMbTF4Zmh1MDRFbExSeEpURzlWeWFJUWNNUk1PNktrUnZsNGlRLWZ1Umh2SWNqRjNLNmZBNUtPSE5RSzVFZjhSYzZqbjg3YWVTZnkwc3Nub1hFMW4zRWRLNUQwdUNEcFdsbHEtSk3SAcwBQVVfeXFMT2FWb0lRMnZNMzZ0cnRyTzJ3X2Fmdk5fczIwNlZxcHlabllSczZJaGhsR2d4TGI2Yk5EUXc2MkljVWsyY2FQUHdnMWxaa3hYX0NRR3NUMzFkMTNoOEpncU1hSGhjU0o3bWptbzlCdWFwQ1J6S2daeVRsUks2aEItVTdhdmh5YmFOaTlfeTVra3Y3VEhCWUVpaVpOODBfa29CNzFzNko1SDNMV01UWHF5XzEyM3Q4a3Vtclo3UnZNZHcwOEFmZmpUUVNOOXMy?oc=5,"Wed, 11 Mar 2026 07:00:00 GMT",Chinese EV maker Nio forecasts surge in deliveries after first quarterly profit South China Morning Post,2026-06-29 18:16:23
NIO News,Nio Jumps After Chinese EV Maker Signals First Quarterly Profit - Bloomberg.com,https://news.google.com/rss/articles/CBMitAFBVV95cUxQQldXeFl3dldPbkE4VncxaGRYOHU2dm1EQjEwN0xZWnNJclhuSjB3bUViakxZWHY2VUZxaG9NODlIMHpHeGRJU1U3U2cwUnhyT1N2NGZ3UXNDcjNoaWpZVUF1MlFBQUxfRUIxUktrSWkwRWRLNDUzc25QZG9RZGdkTzhoLUp6OGJiRVdBNlpFR0JYNnZxOFNjeFI2aVhKbHd6M1o5bVlfMDhQblNOaUY3VEM0cXo?oc=5,"Thu, 05 Feb 2026 08:00:00 GMT",Nio Jumps After Chinese EV Maker Signals First Quarterly Profit Bloomberg.com,2026-06-29 18:16:23
NIO News,Nio Just Launched a Budget EV to Take On Tesla and BYD. Is Nio Stock Finally Worth Buying? - Yahoo Finance,https://news.google.com/rss/articles/CBMilwFBVV95cUxNeGY3RkhWeE8tT1dUU2J4Z1RCRWNvNUUwMTRZZFNxbGlETlBUSWh2b0xISnVTRmJmd0NaZmNvZ3E3dTlvLVZkYmJtMm5ZY0tqZHF2aG5MODE4SnRidVhEMU5vWWs3QXFrazBRWlhXRmlJNzdIWElxZnppQU5kcFhTXzhDLXBJQ1Q5bFVfZVlhZkg4a24zYXJz?oc=5,"Sun, 31 May 2026 07:00:00 GMT",Nio Just Launched a Budget EV to Take On Tesla and BYD. Is Nio Stock Finally Worth Buying? Yahoo Finance,2026-06-29 18:16:23
NIO News,Nio Swapped 1 Million EV Batteries in a Week While Tesla Owners Waited 30 Minutes to Charge. Is NIO Stock a Buy? - Yahoo Finance,https://news.google.com/rss/articles/CBMiekFVX3lxTE9TUjljaHU4Ujg3NlJIeDBSZ3F2SHF1Y1AzR0prRnJHUEVFMUhXWXNFM2pJRE5GZmFlTGttMmViU056TkdwU2wtNlczRnhjbW42cTZmRlVIeExDMFVEWmxCQTgxZVI0cXFYM2NqWHFZOUxRZm82aXBKT1JR?oc=5,"Wed, 13 May 2026 07:00:00 GMT",Nio Swapped 1 Million EV Batteries in a Week While Tesla Owners Waited 30 Minutes to Charge. Is NIO Stock a Buy? Yahoo Finance,2026-06-29 18:16:23
NIO News,China’s NIO Back in Red Despite Robust EV Sales - WSJ,https://news.google.com/rss/articles/CBMingFBVV95cUxPd3Q4MEJEYXpGeDV4cHFaUVRYQ3pTdHNPRWd2RzY3Y2haR2JIdTgxTkFfbFlKRVZxbHgtZS1qbmRIYWE3cHlOVHBsb3E3bWRBZ3FqMkplQXJnTmxWZ1pESUdxY3RmUjdQNEZPUEszUlJpZ3R2YmVJaGRTclBJYzlibllVYXN4SHJGNUxncjNPTWFoOHh6Z01uRWpnMGw5UQ?oc=5,"Thu, 21 May 2026 07:00:00 GMT",China’s NIO Back in Red Despite Robust EV Sales WSJ,2026-06-29 18:16:23
NIO News,The All New 5 Seater NIO ES8: Spacious Freedom and Elegant Comfort - Torque News,https://news.google.com/rss/articles/CBMimgFBVV95cUxQQWlVWnIyUGRXdlNJamNnalN3SFBVTy1HdUYxYjZiejBNVFZiNkdHNmJ3dHlpWktHRFBrdno1cnlIU2piWEhucW8ycEo0RXJwZlhmQXZrYmtIZWtWel90RmhkZ29hYUMzZlVBRDMzWGg3d1NiTWlBSGRiY1NZMFExU2pWR1ZGa2Jtai1SRTA5MlNqSkxBX1hjWWxB?oc=5,"Tue, 23 Jun 2026 19:05:24 GMT",The All New 5 Seater NIO ES8: Spacious Freedom and Elegant Comfort Torque News,2026-06-29 18:16:23
NIO News,NIO Builds Its One-Millionth Electric Vehicle - Electric Cars Report,https://news.google.com/rss/articles/CBMijgFBVV95cUxPOGIxV2g4eVhpY3VfUDNkR1NnQXlzekRSSTZPLXVmeUZzRnNSLW9RMjZJUk5DelozTmNMX1RUSlYyZDRjcDFBc0tXY1RPSGVESjhVanJNbW1BdE5TRlgtaWN0RFpNcExtUV9XWkdJOExieGVXVWt1SHRkRTJlYnpQRWl6MlpPUlUtN2MyU1ZR?oc=5,"Mon, 26 Jan 2026 08:00:00 GMT",NIO Builds Its One-Millionth Electric Vehicle Electric Cars Report,2026-06-29 18:16:23
NIO News,"XPeng,NIO and Li Auto Post Strong February 2026 Deliveries - Electric Cars Report",https://news.google.com/rss/articles/CBMingFBVV95cUxOTHAxUGl2cjB5NDE3LUQzWHdndXpiZDJkenNzbDdRaVJ6NTNTa3k0VWtQN3RqaE9uR0E4U3kybUpjVTdpTTJ3d1Yzc0hNSXRGNURDUTNBVi1sYTU2ZVBzSloxWjd1ZzRGN2pOdXhvdkZvS3hjcUczMXVDVU1PVlZreG5LVlFsczBwb1MxUmxOcTMxVnRZVkNfcFA2ZkxPQQ?oc=5,"Sun, 01 Mar 2026 08:00:00 GMT","XPeng,NIO and Li Auto Post Strong February 2026 Deliveries Electric Cars Report",2026-06-29 18:16:23
NIO News,Nio Posts First Ever Profit as China EV Doubts Hang Over 2026 - Bloomberg.com,https://news.google.com/rss/articles/CBMisgFBVV95cUxNeUgxaGRsN2Z1VnRTQTBiTDNua2JtMXEtUGJrRnNGMnVNd1YxanJSRml4ZW5KT3dQeHN0S2JjbzFweDFBcWJXbFFNZ2RfRU1VOFVyNDFPQWZDTVlKQ2JNNElraG4wY3F6WTVVaG5pT3BLbmp6RFh3M1JJamZlZjhtc0FrMlpINkxqUWtmeDQtTWJtS1ppcG5IZ3phY0FMUkZYY2N5ZkIwNGV2WDF6anowY3JB?oc=5,"Tue, 10 Mar 2026 07:00:00 GMT",Nio Posts First Ever Profit as China EV Doubts Hang Over 2026 Bloomberg.com,2026-06-29 18:16:23
NIO News,"NIO turns to profitable in Q4 2025 as deliveries, revenue reach record highs - Gasgoo",https://news.google.com/rss/articles/CBMi0wFBVV95cUxNS0lEaW1PemJoLVBJMVd3TDNTZ0lHVDBKQ3VPN0hVazVRZndSOENJc1V6ZW5kY2hzVlBFNWxVeVlZX0xJOE1vT1ZfUWVvTmI3dTQ1QjR4eU85YVNYZzVPNXR0c3VfV0UzWEZqVnNSaldvblZyNEM4aXhCcGJrbFpUYkFrcUtIcU0zRW9GWEJVaDB3UXBPNWZSVG5ET0kzZ19FMHFiUk9fc0hyeFJqcHp6QzlZR2J4clZDTW5OSXhEdjRIbDhQN2lRamtyaDNXd081R3pr?oc=5,"Tue, 10 Mar 2026 07:00:00 GMT","NIO turns to profitable in Q4 2025 as deliveries, revenue reach record highs Gasgoo",2026-06-29 18:16:23
NIO News,"NIO Stock Rises Overnight: Firefly Makes HK Debut As EV Maker Expands, Pushes Into Right-Hand-Drive Markets - Yahoo Finance",https://news.google.com/rss/articles/CBMinwFBVV95cUxPYWJuSlpScTZWSmxmMDdDWnExOGlkLWZaSGJPWnl2WlljQVFjTV9xaUdMaE9XeFl0cEQ5dUFKZnJYdFRldkVhRUp1RTk5Zy1XRGdhR2ZkNHBjRWFwMExDNE9tMXZYRDR5ekFzYnJpXzZrWHVtMWxFb1g5Vk5vVHN1M3B4VnpGeFZlelR3ZnhjVGZONzBqQlMwanB0Q1A4dzg?oc=5,"Mon, 22 Jun 2026 01:21:00 GMT","NIO Stock Rises Overnight: Firefly Makes HK Debut As EV Maker Expands, Pushes Into Right-Hand-Drive Markets Yahoo Finance",2026-06-29 18:16:23
NIO News,"Nio VP Admits EU Expansion Mistakes: Too Big EVs, GDPR and Costly Infrastructure - eletric-vehicles.com",https://news.google.com/rss/articles/CBMisgFBVV95cUxQd21tdUVfVEg0MFJycHVIQkFIamNhWnBlR0JDQ2lROWFPaS1lQm81Q2NHaGdGalJveE4xb1gyeTFIOEFPQWhIXzc4cWNsLUtZMHNvWFFNUWlVQ05VcE5xWlcxdDk4WWFGTHBxWk5pNHUzTnlfZnd5LXBMVWFxdk5nTnRGSHVHbWhtWDY0UzBVS1hQTUJHOEtTeDRQZkJ1RG9NbnNLOXhwbGZnYWNRZjRJNzVB?oc=5,"Tue, 24 Feb 2026 08:00:00 GMT","Nio VP Admits EU Expansion Mistakes: Too Big EVs, GDPR and Costly Infrastructure eletric-vehicles.com",2026-06-29 18:16:23
NIO News,China EV Maker NIO Surges; CEO 'Confident' In 2026 Targets - Investor's Business Daily,https://news.google.com/rss/articles/CBMiggFBVV95cUxOdmJwZHd6N25WTGxhMEF0TGh0SjVlbURNZzNjLVBPaWkwTkc3cE55UW9yaFJ2RHJmYWJKRi1UaW85clBXa29ZaUZvNXpEMVhxUnhyZndSMk9pUmNMQ2xiSlRNOTcwWGpiU0tnSlZYUHBSdUIwOTJ1NzdnRjVSMDREUGd3?oc=5,"Mon, 13 Apr 2026 07:00:00 GMT",China EV Maker NIO Surges; CEO 'Confident' In 2026 Targets Investor's Business Daily,2026-06-29 18:16:23
NIO News,Nio Provides 1 Million Battery Swaps in Less Than a Week as Daily Records Continue - eletric-vehicles.com,https://news.google.com/rss/articles/CBMitwFBVV95cUxQN2tTOEJSUmtpOUQ1WnlTRjdUOV8tSUZUellnaW5sdk1FZlRaX1lFcGlkMkxORDFfaGg5R2tFZVdYME5JbkZFVjFTS1htOUdBMUlSRkIxNFJBRDRYaTdNR0tMZlNUb19NVFVLX3FxbU9KZldGUFhDWlY2Z3FwbTBNY2t0bUxGWEhrZ3NGUGpVa2NPVnEzbTZlU0FoS3lRVWxibngwWkx3Rm11UVVERTZIMkh2SjZNaUU?oc=5,"Mon, 23 Feb 2026 08:00:00 GMT",Nio Provides 1 Million Battery Swaps in Less Than a Week as Daily Records Continue eletric-vehicles.com,2026-06-29 18:16:23
NIO News,"Nio Just Accomplished Something Ford, General Motors Wish They Could Have Done For Electric Vehicles - Yahoo Finance",https://news.google.com/rss/articles/CBMiigFBVV95cUxQRjRvZlN0dVRiZGJTdGQyS21zV2Q3aW55Y1VlSDFBQVQ1QzltVWdySzJUNWNPbTViS0k4R0ZOSWRlai1mUWZrWmE2MTR4QTdfbFFURW5OMHRvQnR1SGFWTVlLRzM2bGl3TF9QT3d6MEpBLVJWak5PSV9Yel9DNkhMTXhBWW5QaEpWUmc?oc=5,"Fri, 13 Mar 2026 07:00:00 GMT","Nio Just Accomplished Something Ford, General Motors Wish They Could Have Done For Electric Vehicles Yahoo Finance",2026-06-29 18:16:23
NIO News,"“Golden Era” of Chinese Auto Industry Probably Over, NIO CEO Says - CleanTechnica",https://news.google.com/rss/articles/CBMiogFBVV95cUxQeVJGTGlGNzh6YzFhbTd3cjVuWnpVeU41UlFOMl9xRExNQ2JISkFFY0tFRXMybnRRTE0wX1VQZ0ItTXRQeTNIZDRWM084cHBCYk54bjNEMUdwRTB3QllqWUNkaTRsSjJoM2FkQXRONmFPS2pMdmJjWThBS0RHV2dvSmo2dmRCY3p4VW9YZk9rV0Z0RjhscVFDbHVWVkNkSVZpcnfSAaoBQVVfeXFMT0VFcDZYeS1abnRWakJwOHFPX1JUV0tUczB3Y2U3akNtTl9NQXhja2p1UHVMSFhjUDMzYVlfRkE2NjZXYmFBNGZpaFdwMmRLSXZ3R1YtOWxfWHgxdEd4bjJHM05KR2lWSS1ONTU0Nlg1S0ZQVXZxVUFqcy1xZzdWcWlNc0ZBMGNaclpfNmNKR3A5R3RBckQ3bWNFYVFMOWhLQUM0ejE0SlQ4d3c?oc=5,"Thu, 28 May 2026 07:00:00 GMT","“Golden Era” of Chinese Auto Industry Probably Over, NIO CEO Says CleanTechnica",2026-06-29 18:16:23
NIO News,"NIO partners with Tuhu to expand EV ownership services, lifestyle ecosystem - Gasgoo",https://news.google.com/rss/articles/CBMi0gFBVV95cUxNTjljYzdrOVBFOTFxSWFwYmk5am1SYTh2TmU3WXY2RVNUem5YNHU5OXJyNW5aRFl2Z2NXbjdWUE5JbUxIaDBrMzF3MFdaaEV2VHQ1LWQ5XzB1eDM1dVZWdmlZY05rUWFZSW9fQ3VUdzNsTUN2SHFyWjVmalRzVkk0RWFiRjNpaVM4aVhJUUZaRU51QnJCZE9rTElqaVlncy1SelRidzlCOU9HcGJfNmxGcVA4bmplTmprYkV3X0JZR29fQ0ZZLWkwdW1ScFh4cHBGUUE?oc=5,"Tue, 17 Mar 2026 07:00:00 GMT","NIO partners with Tuhu to expand EV ownership services, lifestyle ecosystem Gasgoo",2026-06-29 18:16:23
NIO News,Nio opens new UK R&D center in Oxfordshire - Automotive Testing Technology International,https://news.google.com/rss/articles/CBMiwgFBVV95cUxNcWRfcGY4anFxVS00bUJ6SGk2LWs2d25jYTFENFpPd3pCWnp5WG9CWnhlSUF5akY0S2VINXZyTVdYbW01b1NpclNOeDkxVC05d0VTd2pDdDlkN1c1RHd5WFhSRUxQMC0xSFBQRHV6b3FVRWZHbloyLWFaSlhxTEZINGxKeTNya3pYUzZTT0x5SWZTZUtUYnIxYTI0OWt2T000dlhfSFNWZndnUVhzRTh0U0dmUnYtNklfUldRUXhST0g5QQ?oc=5,"Wed, 24 Jun 2026 07:55:54 GMT",Nio opens new UK R&D center in Oxfordshire Automotive Testing Technology International,2026-06-29 18:16:23
XPeng News,Xpeng to hold global launch for Mona L03 in Europe after China debut - CnEVPost,https://news.google.com/rss/articles/CBMijwFBVV95cUxPc09QUGJVVm5PUkVTOUhhajBiRmc2RkMtaTNZc0NYTUZkbXdJX1ZRTWlISVR4dEJmZDJJSmJZZ2dTU3RzUDhQdUhGUEUtS3AzaVhhb2owUkwxUmxQWUJ6OWZGdlFCQTBOd3BBbkFEbjhkZXJGY3B6WWJCcTBpS0syaTdyZmJOXzlkc3hTc0otUQ?oc=5,"Mon, 29 Jun 2026 02:33:00 GMT",Xpeng to hold global launch for Mona L03 in Europe after China debut CnEVPost,2026-06-29 18:16:24
XPeng News,The Electric Car Brand Giving Tesla Nightmares Has A Robotaxi Of Its Own - CarBuzz,https://news.google.com/rss/articles/CBMiXEFVX3lxTE1aUzcxMjVJZ0NlcWhUWl90WWpZdzVXMUwyUlFPd2VPUDdPbkNfNXhMb3FqYVoxS1JXMVhTRHo4ZERySE1zRl9nVGotVkFWQkVrZWJ5dE0xNGpydHBT?oc=5,"Thu, 25 Jun 2026 18:31:12 GMT",The Electric Car Brand Giving Tesla Nightmares Has A Robotaxi Of Its Own CarBuzz,2026-06-29 18:16:24
XPeng News,Xpeng says its next EV will be one of the most efficient and important to date - The Driven,https://news.google.com/rss/articles/CBMisAFBVV95cUxNYjBzWVMwLUF0cnBUcWYyc1dEQ3pTMl8xRW9DNnVyTkQtNTJ6OUJNQ1dUU2hHUEVLRmxOckxJcF9jV3pCWGdveFptRVNrZWNYQWpSdER0N1ZXcGZhNXR2Zld3Y3l2dFBJQmV4NHdxVnVZa0ItZDUxdjdUckJuUmY4WVdhR1E1Qzd4WWVDNmxqbjg1U3VWNmE1d3ZJQ0FUYUR1NHpIVUl0a0M0SDdlOTZDVA?oc=5,"Thu, 25 Jun 2026 22:11:14 GMT",Xpeng says its next EV will be one of the most efficient and important to date The Driven,2026-06-29 18:16:24
XPeng News,XPENG Unveils Next-Generation Autonomous Driving Model - Intellectia AI,https://news.google.com/rss/articles/CBMikAFBVV95cUxOUlZsQzhiTEx6d1VlQTlaX2NpajZ3MTI0OTFqS290UFBDTDhJMmUzTV9sYmNkbnN1UVM4X0NWbzNfNFdacDZncHAxWnFYWVFkQWF5MFFnbnRzN0xBc1lvbTFweU9Rc0s0eHJLV2IwWGUtcTFpVmUxVTA0Z3A3WkpCMk5reklpMDFpQWNaUUZRMVU?oc=5,"Mon, 29 Jun 2026 12:03:27 GMT",XPENG Unveils Next-Generation Autonomous Driving Model Intellectia AI,2026-06-29 18:16:24
XPeng News,XPeng adds new Mona L03 electric crossover to its budget lineup - ArenaEV - ArenaEV,https://news.google.com/rss/articles/CBMiowFBVV95cUxNWTg0T1haSU9NQ2RQWUU2WTVNaDhMZk4ybXpVZHJQUW1HUkZ2QW9HOXZWbTNlcDlTcTE0clZ3Vk5pSURPckkwcXZ0cWZ0TDB0bnVZanBZV0g2cjFHOFVPaDh0NmV6SjdyYmJzNXQwQjI2WTAyM2FKOXNGbEJjVE9nZy1EMEJLYmp1dEs1X2g5S2dsMU9DeV83RmtuZkNuWkVXaDAw0gGfAUFVX3lxTE9CNGlOZU55cFFHSEVWcWpmTnU4M2ptcEVEX2E2d0xaQXpycnV5WVZNd0FlWVlVZ2IxTWx4cFg5dkFZOVU0Q19zc0hINkVkOVJTY3FDc1ZCTks3V252VEllcU5BeEppWGJsZGhNOHp4QUFXX0RHOXpmdHpzZTJENExGeVRjNGZEWG1FNmdXWnphSHBGWHI5eG84TDdseXhENA?oc=5,"Wed, 24 Jun 2026 06:00:01 GMT",XPeng adds new Mona L03 electric crossover to its budget lineup - ArenaEV ArenaEV,2026-06-29 18:16:24
XPeng News,XPENG VLA 2.0 & MONA L03 Ready For Global Markets - CleanTechnica,https://news.google.com/rss/articles/CBMijgFBVV95cUxNa1dLY0tlOHZGZUVSLU5rbXllcm84dEk0Q1ZEQUVTME52bExhYUp3d2FmYVhMeVhzckZMWjZ4Q3dCM1BGQmdOczdQdnQxcGZQZXpXM2tsSmVqYVJfa1BNSTl5dG1Ndm5rOE55RVRpVlNEcjZaTHB4NHVabTBGanRWQ3N3RmFVMFdzR3pGc1V3?oc=5,"Sun, 28 Jun 2026 12:50:33 GMT",XPENG VLA 2.0 & MONA L03 Ready For Global Markets CleanTechnica,2026-06-29 18:16:24
XPeng News,"XPENG X9 deliveries surpass 60,000 units globally - Gasgoo",https://news.google.com/rss/articles/CBMirAFBVV95cUxQc08wUFBYeU12b3c5YWdqU19hX0J3LU0zcDd3eUNmNTRRTmNxMXgyYmdqMEV1dEw3V1oyeUFsS1pMc0d2cHNEUFFia09oa21ua1RBZmdhTW9uZS1TZFRhQlJBMkJpWm92aVU2RnI0YUpCOUp1a05tTVg0Z1k3MTBTZ04wcnNMLWRrcUh2a3hMLVVFTjU5QTY3ME9SMHFxZ0k1WEpOMGNwdkpHMlBu?oc=5,"Fri, 26 Jun 2026 07:19:23 GMT","XPENG X9 deliveries surpass 60,000 units globally Gasgoo",2026-06-29 18:16:24
XPeng News,Inside a Chinese self-driving electric vehicle banned in the USA - Mashable,https://news.google.com/rss/articles/CBMibEFVX3lxTFAycUhldG05ZEVTcUlfbWh0NHA1Tkc2N1hreUF4NGgzR1ZPUTVVQUM1OEpFYmJRLW40alo3Qm5HeGJwTERtNnBMY29LRy1BbEtZMU0wc1NWZzliQ2NmLTNuVXNma0dQb3FpdW9XRw?oc=5,"Tue, 16 Jun 2026 07:00:00 GMT",Inside a Chinese self-driving electric vehicle banned in the USA Mashable,2026-06-29 18:16:24
XPeng News,2026 XPENG X9 the standout performer 11% above WLTP to 646 km - The Auto Channel,https://news.google.com/rss/articles/CBMiiwFBVV95cUxOM3k0ci1GancyVGZrbkdka2hBQkNEMlpmcmphM1REa0Q2V1ZNTUhLaTVyb1VaVEZNOFlTNjQtY3FKMlV1OVJZb0VFX2VXRzdiYTBEOFlJMUcwaEdsRkF0U1lSM09mWUpnN2hETGJXSmg3eTNXbTMwSmRTY3I4TlJCYVZlYXJkeFFXOXVr?oc=5,"Fri, 12 Jun 2026 07:00:00 GMT",2026 XPENG X9 the standout performer 11% above WLTP to 646 km The Auto Channel,2026-06-29 18:16:24
XPeng News,"Xpeng Mona L03 to make China debut on July 2, targeting young buyers - CnEVPost",https://news.google.com/rss/articles/CBMic0FVX3lxTE5rRHlQTHNiblhDTlpDRWwwYXVnSFJ4aGFDWWZRUFNXTFIxeW5HMm9hN0lYcVBrZkVYNTFDTmdEdUUwZUFWVTlkbFZhcXFEZnhfRDhBLXBFbVFqek8tSjBzLXV1TVNZbC01WlNSMTlQalBMbEU?oc=5,"Mon, 29 Jun 2026 01:55:00 GMT","Xpeng Mona L03 to make China debut on July 2, targeting young buyers CnEVPost",2026-06-29 18:16:24
XPeng News,From cars to humanoids: Xpeng boss takes over robotics unit in ‘strategic pivot’ - South China Morning Post,https://news.google.com/rss/articles/CBMitgFBVV95cUxNQ2VBT01abHlHc19HUEx1VFpaaWxhTy12bDR5VFQtWXVPd0Flb0ZBRDRmQmlWWnhkWTEycnlORmRtOTFpWWJYN2hGMDRGMGg1RW91QnMzTmlDa0Q5QUZmcEJMYkl5c1FaUFQxRFN5R3hRRm00VnY5NXZia2NjTzhFb3RUTmFTdHlWQy1JNnhfQ01vWHlSU3oyaWl0OEVZaGtpaUZkeXBLTkxGUXo1cVVac3l1UE9sQdIBtgFBVV95cUxPMGUtTUp4eGFKa0pOYlRmZzFyQUxqN1BON3hOYlR5OU96ZE5NNGRBWkVEWG9GcnZHMk9PeWl3bndQV2pmaWlrT2VYekZZMVk1eFJfME9Yend5eHpPc1d1NkxCVGlWVTBzOTJiNjFMLVVMaDJNM0ZTLTFrbVRwbTFPQ2QybzVNbVRjU3Y2bVFNaEZ6bUxXSWhURjJ1TzBCckhHbUJyVnV2UWlERlBTNlp4SVBLWHQ2Zw?oc=5,"Thu, 11 Jun 2026 07:00:00 GMT",From cars to humanoids: Xpeng boss takes over robotics unit in ‘strategic pivot’ South China Morning Post,2026-06-29 18:16:24
XPeng News,Xpeng Mona L03 revealed interior in China ahead of launch - CarNewsChina.com,https://news.google.com/rss/articles/CBMimgFBVV95cUxOa1IyMVc0Ymk5Vm84ZkRXckZpQ1NJazlZb2JabnNXWnVOWmF1YzAxdTRyOUVHSXlaVlFPZzNObXM3NEFtQ0tBX0VmcGpfRlhpWE50a2RIMVhVbWd5YTV3Rl9aVERFdmpGM0FULS01bFcza0xsX05sNUtlWENjeUZ3eVp6eE1GX0NOeDJmR09LNWgzRHZXNTNsUWRn?oc=5,"Fri, 26 Jun 2026 10:29:00 GMT",Xpeng Mona L03 revealed interior in China ahead of launch CarNewsChina.com,2026-06-29 18:16:24
XPeng News,Can XPENG's MONA L03 compete in the SUV market? - Gasgoo,https://news.google.com/rss/articles/CBMiqAFBVV95cUxQTkxkaGtFVTZfR0hRYmFDNEY2RFRnUGVzeDcwQUQ1TWZpczRzeW9Oc0pPZm9ERnItQjYwSmRJWHdhVUg5SEFaMHRiUmJCN20xREtNQ3BXM1dKbFpQTTVXU0FEeGhQSVljMHNwaFBGVUUta0hzbU81eWlJR2JiQmVsT3VtZGdoazhxVFg0ZUo1NHh4bkdPNnNPMGxJbHdSLWktY2hMY0Q4S0E?oc=5,"Fri, 26 Jun 2026 07:29:26 GMT",Can XPENG's MONA L03 compete in the SUV market? Gasgoo,2026-06-29 18:16:24
XPeng News,XPeng Mona L03 spotted testing on German roads - ArenaEV - ArenaEV,https://news.google.com/rss/articles/CBMijAFBVV95cUxNVTRnS1RGaFJtcjRQczJDUmhDQk1TTnFnVVFlc3B2ZWVGZlItMDQycTY0QS05dXowWTZFTlVSRTMyRm9ZWC1mRGdpaXRhTzRrTDNuek5OaUhMUkVwWmxaRjJJSWQ4MFVLOVRaSk9Yc1ZySTdvb0tkTmRQMHdWazZaSGVMYzlGaEliZGZmdtIBiAFBVV95cUxQWmozaUdmU3I5OVBFV0pMRlN1VFZfeVp4VXNtdkhTSjBHQnJnX2Q4V1hDRzNxTmhucHNLZXFleXRfMm5Rd1B5bi1Lc3hnUDJLblNlODdhUFFhYXltNTJCREhsOFJuNVNVOV9Mam1Wc3VrUDhyQXJGWnE2cFZjYnJoWFdKYUlDaUZu?oc=5,"Thu, 25 Jun 2026 10:33:01 GMT",XPeng Mona L03 spotted testing on German roads - ArenaEV ArenaEV,2026-06-29 18:16:24
XPeng News,"XPENG is doing R&D in the U.S., but isn't selling cars there. Here's why. - Mashable",https://news.google.com/rss/articles/CBMie0FVX3lxTE5fdWJWX05MQ0phWGlQNHdSR0I5WHR3eTZUd3NELUNOUUJlNk84eWJ1S1BtNWp1dm1XRk1CT2lqY2ZIMWtvakZZYk5TbjBaZ2twc0JBSFQ1RFNjUHBWQVJRMHdlbWk5RXdzLUJnbVp5TkwwUWhSd3h6dVpaQQ?oc=5,"Mon, 15 Jun 2026 08:38:20 GMT","XPENG is doing R&D in the U.S., but isn't selling cars there. Here's why. Mashable",2026-06-29 18:16:24
XPeng News,"[Gasgoo Express] World's first global technical regulation for automated driving systems approved and released; XPENG X9 cumulative deliveries exceed 60,000 - Gasgoo",https://news.google.com/rss/articles/CBMiuAJBVV95cUxObkE4VXZudm0tTzREb0QzOVFYRnFpRTk3U3c3bGxkc01ROUNLaHl2UVRhSFg1QzYyVU1PMk1HaWVZNmoxSDZDUHdtQkwzbFlsVmdwMmxVcVk4MnpGLUFCa2JnV001M2dHQVRmNkN6NjVKTkQ5anVuUGk3NnFpYldQeGVjNGpjV1FnOVN5UkVOMWF1ZGNTcXd0NU84T1BabUJhWHR2SGVYanVHM2c3eWN4cWtZQlFaMUpSS19ZM1hCWnFNTTdqUzhVNXpVOHNKeTQ3aGNYODd5c2p4alBjZzJncHJtSkV0dG95alRGZVhFUzNWS0dDbVdJekxtcl90TnFjekk5YUQ2MnNkM2tfdDlOeEVSMVBKQjFDeGRtMmhFUnVtOVpCc0oycGdJVUZCb1FESXh1MU50azU?oc=5,"Fri, 26 Jun 2026 14:22:10 GMT","[Gasgoo Express] World's first global technical regulation for automated driving systems approved and released; XPENG X9 cumulative deliveries exceed 60,000 Gasgoo",2026-06-29 18:16:24
XPeng News,XPeng L03 Spotted Roadtesting in Germany Ahead of July Launch - eletric-vehicles.com,https://news.google.com/rss/articles/CBMingFBVV95cUxOV2p6MmdvY1lUeXhnc2NybUhuNTNrVzJlcmx1U0RhZUZHTkN1eS1FT2o2WWFzN1JiZkp0NTlaUEtRSnBONEZlclFsV0hMSTduRUkzVFNlSWp6aVhvSkJCYUxYN2x5aXU0ZGJ3dXQ4Q2NWU2MtcTVOeThoSVdIcUNfci0xUEk5MjlwbkJKZGtSTTNrWjRiOUZyNERDSUNYZw?oc=5,"Thu, 25 Jun 2026 09:36:14 GMT",XPeng L03 Spotted Roadtesting in Germany Ahead of July Launch eletric-vehicles.com,2026-06-29 18:16:24
XPeng News,Four Days Inside Xpeng: The Self-Driving Car That Fooled a 10-Year Skeptic - The Gadgeteer,https://news.google.com/rss/articles/CBMisAFBVV95cUxOZWZnVXIzV0JRVVduRVF5TFN2aDZDRWtjYmVHU0txSXY5TnByRU5FZ25yUlhvdzFoblloMDBXQWxqRG1GZnhmZ3kyblJwMkMtTjZPUTlCOHpDZjlHdXVNNl9yQS1ZTFMybHJYZFZxNzNoX00yMEhiTDJuc0JJZmZMM254TzNSSHBhTW0tZlc2VTJMRzg2ektJenY0dWltZ1NpOWpSaWp6UnV0aUJWazNaZw?oc=5,"Fri, 05 Jun 2026 07:00:00 GMT",Four Days Inside Xpeng: The Self-Driving Car That Fooled a 10-Year Skeptic The Gadgeteer,2026-06-29 18:16:24
XPeng News,XPeng X9 Leads European EV Tests And Raises Investor Questions On Valuation - Yahoo Finance,https://news.google.com/rss/articles/CBMilgFBVV95cUxQNGZQMkpfbUNHbVBDX3dhSWplNEhfQnh6VHk1VXhQNGlvcWhHX0tMQ3ZKbWNydVlnNGpteGdUWmpsVlNxQS1LbHJOanFsaERzdWdzNXpxb19VeWR2UFd2aDZGUVFTXzhPT0NWM3BQb2lSd3h5cUN3ZThDM0tjRUJPVkpZU1VyLWlEd1FLSDNYZ3ZuTDkwOUE?oc=5,"Sat, 13 Jun 2026 07:00:00 GMT",XPeng X9 Leads European EV Tests And Raises Investor Questions On Valuation Yahoo Finance,2026-06-29 18:16:24
XPeng News,Xpeng X9 leads field in world’s largest independent EV test - Automotive World,https://news.google.com/rss/articles/CBMinAFBVV95cUxQVF9McXpPbkpIVi1aUHhLc2FYbE5tRG9qVEdPZ01UaDJMSHhvaXQ1cEpZTTFvOE9aZXBKWGRXNVZEYnlrSnBmdkZYelV3bU1iQk9lOTBqelg1VGkyODRBdDAxZFh0dk1SSnIwNUVHUU9DdFdzb04tMXpzVWJCeERKTDIxVm84d1RRUktFWmNmRVUzdVUzWkVDS0FLNnU?oc=5,"Fri, 12 Jun 2026 07:00:00 GMT",Xpeng X9 leads field in world’s largest independent EV test Automotive World,2026-06-29 18:16:24
XPeng News,"Xpeng to debut Mona L03 SUV in July, targeting young buyers - CnEVPost",https://news.google.com/rss/articles/CBMiaEFVX3lxTE42NTVabHJ4eDRaWndZaGlRQW5ZQXNqMzJrRTI3YU8zaWJHLW9Pc3Vjc2p3clZnZGJsSlAtT0FsVFNXVXlEdzNfNkNCWXI3VlBHN0F5ZVFaQ1RMOGJwMWNQUFdUTEdGY3hG?oc=5,"Tue, 23 Jun 2026 02:34:00 GMT","Xpeng to debut Mona L03 SUV in July, targeting young buyers CnEVPost",2026-06-29 18:16:24
XPeng News,"XPeng to Start Assembling Fourth Model in Europe ‘Soon,’ CEO Says - eletric-vehicles.com",https://news.google.com/rss/articles/CBMinwFBVV95cUxOUHZYRjVUUnExQkk2YnRrOU9RTXd4c0J4eGJaQnVBR2JxWDhNcXJnS3Zmb2QwS0V3eFN6TzhEYmUybjU5VWYwQXVrakFwZWdRd1RpRlRBbTZVd285NWREeUoxQTFxUUFYa1FXdWY2RTU1d0ItVTRlTzVWYVpIY0MySE5kVUZoOGVHQWUwc2RUX3IyVVlLVDFaV21EdnJlNTg?oc=5,"Tue, 02 Jun 2026 07:00:00 GMT","XPeng to Start Assembling Fourth Model in Europe ‘Soon,’ CEO Says eletric-vehicles.com",2026-06-29 18:16:24
XPeng News,XPENG X9 Tops El Prix Range and Charging Tests - The EV Report,https://news.google.com/rss/articles/CBMiZkFVX3lxTE1TSXFEeHM3LVhyRlRVVXpmN1lqbkV1RVFpTmx1RWNHcU9DY0FDOFplcTRGM3d1RVVJbDEzTEI5bktOQjJ6RHFHQWpMUU1xZUJlYkxDQU5MR3Q5WUNhSTBaUmdWOHA2dw?oc=5,"Fri, 12 Jun 2026 07:00:00 GMT",XPENG X9 Tops El Prix Range and Charging Tests The EV Report,2026-06-29 18:16:24
XPeng News,Why AI is key to XPENG's plans for self-driving cars - Mashable,https://news.google.com/rss/articles/CBMiggFBVV95cUxPZE5mbmZRaGVvOVhQNGhGWlBONjBYUXZ5eFI0dTVScGxoeVV4RGphdkpsM3NBU2l6Z0JnRDZ5T3Uxd2ZpTTM5VWtNa0hCTkNfOHBOTlhtQi1KSXlvYktFZExOWHRxeUhLanJiTHg1LVdlMWg4U3lEbUREbTBfaFlQRVhB?oc=5,"Mon, 15 Jun 2026 07:40:11 GMT",Why AI is key to XPENG's plans for self-driving cars Mashable,2026-06-29 18:16:24
XPeng News,XPeng Begins X9 Deliveries Across Seven European Markets - eletric-vehicles.com,https://news.google.com/rss/articles/CBMilwFBVV95cUxQdVV1MzNmeUFSSW90dzZweUc0aXlQSVYybWpkRVNjMGM0U1lSZzNteHZtUDl1a25lX3ZLQXZNWUx1bFU4c3liV0ZVYkpyTnFpcC1LT2dtbEFJaEhJSS1jYUtUci1xUkJmSy1FNWVuYXRVN3lqNUVyVFhnbERvWlU0YUh3c1F4aURpSjBhel8wR2hYQm5SbVd3?oc=5,"Tue, 16 Jun 2026 07:00:00 GMT",XPeng Begins X9 Deliveries Across Seven European Markets eletric-vehicles.com,2026-06-29 18:16:24
XPeng News,Xpeng Deliveries Decline in May as New GX SUV Sets Stage for Recovery - Electric Cars Report,https://news.google.com/rss/articles/CBMitwFBVV95cUxNYUJGdTY0ZW9ybnhoRG1vMXlPUzNNZ01kbXU3NmRjOFhFX3JLLXBxZ0ZrR0o3N1Jma05PaTl4bHNxV1FQZm1fQzA0akF5OEVvbmY3Rm9ZNEJSNjNaRjJ3YU1sb3ZHWDlKQ2ktUjZnMlI3Rzd0eEVfTG9wR1FLVFk2cHF1S21SM1FuTU9MTE1BczRqT2MxcEhVdXo3VlVWYmUySWFVWE1IVmhLUEFzZERIZENLMmY2WTA?oc=5,"Mon, 01 Jun 2026 07:00:00 GMT",Xpeng Deliveries Decline in May as New GX SUV Sets Stage for Recovery Electric Cars Report,2026-06-29 18:16:24
XPeng News,XPeng's X9 model dazzles at a well-known global EV test (XPEV:NYSE) - Seeking Alpha,https://news.google.com/rss/articles/CBMilwFBVV95cUxQWHc5cXNvd3FyeFhxUm1rNHZjdU9hbXExM0J4TTQyOW5XdEt2TTZ5WUtzMzZfUkNJa05BOHhJTVNWZTZfOGVhdUFKcThjWjZBWXhDTFJJcGdKQmVqQWdLeUVBaThLWHRzMWtNa2M3NVdPQWJvbFBjeTRUUmJGRi1fbC02U3lycTYtUDVmRFRrR181VDZfQVZj?oc=5,"Fri, 12 Jun 2026 07:00:00 GMT",XPeng's X9 model dazzles at a well-known global EV test (XPEV:NYSE) Seeking Alpha,2026-06-29 18:16:24
XPeng News,"This 7-seat XPENG EV ran 646 km, then charged 10–80% in 12m55s - Stock Titan",https://news.google.com/rss/articles/CBMivgFBVV95cUxPcWw1eS1jNHhBYU5saFpHV1l4REFTVmtta1g4amdzQTZWU05DU0h5RkVRWnhtdjR2WVpubGVYcGlERmdNRWRILWFUdWp0RzRZNi1BcXpPWkdaeDlxWWlfYzcybGMxV3FUMnhrMmdmWWtSdllCa3J1em52M1lTWXFEWUdqTVA1cTFyb2x4TkJBWjdGNld2UUpyZFR3UDh5M3FYUWhJaXJ3OTZmcUJvT1IxU0YyckdVYlRyS2xTSzN3?oc=5,"Fri, 12 Jun 2026 07:00:00 GMT","This 7-seat XPENG EV ran 646 km, then charged 10–80% in 12m55s Stock Titan",2026-06-29 18:16:24
XPeng News,"XPeng Launches in Romania With Four EV Models, Prices Start From €43,990 - eletric-vehicles.com",https://news.google.com/rss/articles/CBMiqgFBVV95cUxQQmFCbGxjbUVNN01DTDVXaXhVa2hrdzJkdGZEbi1Hd3U5S2JtcVlKcHRWYVBiNU1FY1RNdkMyV1UxZk44bzREM2dFTzVDSklMSHJmd0R3ak9jMV9JOENEeXY1RFl2S1BCSXFPOUJRQk1jN0VVRXZGRHlRYlB2ZUJhLXhSUjRVRXRTMFFxWXJEY2hnTFVVTnlPOC1qLUI0WUttb29renBXb3RhZw?oc=5,"Thu, 18 Jun 2026 10:05:28 GMT","XPeng Launches in Romania With Four EV Models, Prices Start From €43,990 eletric-vehicles.com",2026-06-29 18:16:24
XPeng News,Xpeng to produce fourth model at Magna Steyr in Graz - electrive.com,https://news.google.com/rss/articles/CBMilAFBVV95cUxPRHo4ek1HYUNZdm9odlpQZmhLV0FiNHRLY2xELXdTYW9LQ2FpV1VQTXdJSWhtRkpydFRQTC1SSjMtcEpyVTdOeE9RMzY1cEttbFJBOFF1bVBSNHd4c3ozWWxhb2ZBSGlLWmtva3ZQOGFPVWpvVDAtUmRaT2x3VHdzRzd4MXlBbHRzbWN1eVZteVEwUUtP?oc=5,"Thu, 04 Jun 2026 07:00:00 GMT",Xpeng to produce fourth model at Magna Steyr in Graz electrive.com,2026-06-29 18:16:24
XPeng News,Xpeng launches X9 electric MPV in seven European markets - electrive.com,https://news.google.com/rss/articles/CBMimgFBVV95cUxQeE9BbVBfa2Zqdm5weGR0blM3cE5tR00yZ3hoc2R2QW9JT3dneUdvLVdkM196QW81WEJtR1pxZV8wVktsYkphbmtHN0otN0U1emhPaV9iR3BKMWZMQ0JpeUhGdkVmaE40ZU11NktNOTd5OUc3NThfcXZPLW5pQnpfTlhmSkN6VmRvUkY5TmpXTHRraHRHbS1HNFJ3?oc=5,"Tue, 16 Jun 2026 07:00:00 GMT",Xpeng launches X9 electric MPV in seven European markets electrive.com,2026-06-29 18:16:24
XPeng News,XPeng Readies Major Software Update for International Markets - eletric-vehicles.com,https://news.google.com/rss/articles/CBMingFBVV95cUxPWmtnWEFQY25GMUJNbWw1a2h2Q1NJTnJkNlRPY1Q3ei1FbFNlbmFteWU4TmY0bWVwdjRGenhHdjdoZGpKWElyOEZIUTU3cFR2ZnAxVE5nVmdNa3RBaGtwUnB6aGxDRVA3dEdUamlvN0kwWERibXp5SWtROG92UmpEZjMwbGxkNUVvZXRfc1lzeHlISW5wbDNCbUNrWW04dw?oc=5,"Thu, 11 Jun 2026 07:00:00 GMT",XPeng Readies Major Software Update for International Markets eletric-vehicles.com,2026-06-29 18:16:24
XPeng News,"XPeng Australian lineup to expand with Mona L03, G9L, X9 and more in the coming months - chasingcars.com.au",https://news.google.com/rss/articles/CBMizgFBVV95cUxNT09wbHFjaFFVa1duVlN1ZDNzdk8zdkk0V2NXZkVtSXVoY0Foc1JibVlqV1pWenA2R1VQay1OVkhYYU9PVWFwUzNGS0NXOEtnZ0hOS2xfOFZfbnlDR2tET29YN3FjdE5vX1AtcmlWNVRwTnhqb29na3JfYTJLcE5rR3BwSExvSEc3a2hqTnRrLXdpdXJScjVjRzdLdWhpUVVtWnRicWx2Zzl5YWNwelo2ai1QdVR0OUwzRUVPYU0yc2V5ZGc5MWVUTHB4b0hGUQ?oc=5,"Fri, 26 Jun 2026 09:12:06 GMT","XPeng Australian lineup to expand with Mona L03, G9L, X9 and more in the coming months chasingcars.com.au",2026-06-29 18:16:24
XPeng News,(+) Design driven: Xpeng G6 refresh - Car Design News,https://news.google.com/rss/articles/CBMifkFVX3lxTE4xa0liR1JpQmJRaHp4UWpPSUdQejdBNzBKUDk4Ul9ZR2NreUoyUEsyaWphYURhSnFqRUdLN3RicG10N3E2bVpEd0xoQU1OeVI0R2VKZzFaMlg5bVp3XzJaZ19rRFNRRkxBdk05WXpac1R0bHJXYlgzQnFITHo0QQ?oc=5,"Fri, 15 May 2026 07:00:00 GMT",(+) Design driven: Xpeng G6 refresh Car Design News,2026-06-29 18:16:24
XPeng News,Xpeng May deliveries breakdown: Mona M03 contributes 44% - CnEVPost,https://news.google.com/rss/articles/CBMid0FVX3lxTE40bjZVMTVCdkxNeUdub1E2YzVJd1VUSS1qcFRMdy1iM2Y4Vl95YTcyd1ZzZGxvcFlOOWxpa012OWtSNThGVktuSFpoeF9QX3BnSkxKUHdlZ3psTkhvNXNoMTZtX0s5dnVETGRXOG03Q0pzSklQY1Fz?oc=5,"Tue, 09 Jun 2026 07:00:00 GMT",Xpeng May deliveries breakdown: Mona M03 contributes 44% CnEVPost,2026-06-29 18:16:24
XPeng News,Xpeng Mona L03 revealed: second Mona model debuts in July with BEV and EREV options - zecar,https://news.google.com/rss/articles/CBMia0FVX3lxTE5IMjJKM2F4MzlKNUxLTTRlaUlPeFV0UkVDTlN2QWhRUHlsbVR0eGx5WmFiekRQbW9fV3NLS1QzVmt4Vi1JWWJROS1zcUtOaVJoaWJLaFRHVGVfNHdtd09ST0VlTHQwWGJOLXNv?oc=5,"Thu, 25 Jun 2026 11:34:03 GMT",Xpeng Mona L03 revealed: second Mona model debuts in July with BEV and EREV options zecar,2026-06-29 18:16:24
XPeng News,"Xpeng delivers 32,158 cars in May, down 4% year-on-year as new GX SUV contribution remains limited - CnEVPost",https://news.google.com/rss/articles/CBMiakFVX3lxTE5qMFJTZDJ3UVZCQklJdDlQQVc3V3pMQzZKeXA1MDdQVnU2azhwYzh4Z3hEb1JnQXdpcVFfSFZtZDdkbVI4VlFMOWp2MEd0Q2l3MC1yLWJqdERFU0tTZVl0TVRfMlEzM0xod0E?oc=5,"Sun, 31 May 2026 07:00:00 GMT","Xpeng delivers 32,158 cars in May, down 4% year-on-year as new GX SUV contribution remains limited CnEVPost",2026-06-29 18:16:24
XPeng News,Xpeng scrambles to boost GX SUV production as wait times hit 35 weeks - CnEVPost,https://news.google.com/rss/articles/CBMiggFBVV95cUxOcEE1VHBHTzhfUDRSX0VmODY1VWo0Y0lmdFE1OTBYSTZBRHBNRFRaOXlvUHhVRTd4Y05zMlRiUS02bDlZUWlHdTZYRDlsQWE0U21GanFpazUtOWJ4SkxDTmFQTTRmRWI4T29sSWtOSGZqZVhOWWJ1UGEwSnN2cEJxaUVR?oc=5,"Wed, 03 Jun 2026 07:00:00 GMT",Xpeng scrambles to boost GX SUV production as wait times hit 35 weeks CnEVPost,2026-06-29 18:16:24
XPeng News,"EV prices in UK and EU not likely to dive due to Chinese rivalry, says Xpeng boss - The Guardian",https://news.google.com/rss/articles/CBMikAFBVV95cUxQbjNndTJUTFBsWUw4SjNxR1J2Q194Yy0xbG8yTWpaQUtxQlJkNU80T2pPRjB2VFFQc2ZXRU1tejFoSF9DM19EYWdzZFhGUExOaExtRmxxNkY5VVZOZHk5bmtwUFdJV0JHYXNkWVh6ZW4wSk5KVjFDUUlVaUJkb2k5R1VxZTVTcGVkWEVzSEVYRzA?oc=5,"Tue, 16 Jun 2026 07:00:00 GMT","EV prices in UK and EU not likely to dive due to Chinese rivalry, says Xpeng boss The Guardian",2026-06-29 18:16:24
XPeng News,"First drive of refreshed Xpeng G6, taking on Australia’s best selling EV - The Driven",https://news.google.com/rss/articles/CBMipgFBVV95cUxPcjZYSUd3SEJRLWRjby12MnF5aXBMUUdUR1ZUalJQWUdwdmp4dzg5Vzl6UjMyX2dqNzB2aTlmcjNQLWNUVTJhUHNicE1OZG1maUJPMXUtOWh2S0RPbjBPS2Vpdlp0THMtTFBqV2IwbXNhLWFjQks5ZU9RTU5IMUpBdEk0SWpWdW5zb18yczhJUjJLSEtvakx2QUhVa3BhNWdUNGdZVjBn?oc=5,"Mon, 15 Jun 2026 07:00:00 GMT","First drive of refreshed Xpeng G6, taking on Australia’s best selling EV The Driven",2026-06-29 18:16:24
XPeng News,"China EV Makers Report Monthly Sales. BYD Barely Grows, XPeng Slumps. - Investor's Business Daily",https://news.google.com/rss/articles/CBMipAFBVV95cUxNdkJmcVIweTJJUWpxOG9sbEVnSWY1d2Vpc2Rqb2dUd0owOXFuUDMyX054a0FTYlh1c3V4d09uM3EwSEtGeTk2eXJDZWxVbmpqUUx3N0p6bTNNN0VZOElGOXh0Q28tWHgtTnhFUDgzNFY3YkY0aUxnai1wbHplY0o5bmlCdG5iaE5wNzhSMGNXRVNjZGVFZ2tKcnRTLUYxYVViSnhsUA?oc=5,"Mon, 01 Jun 2026 07:00:00 GMT","China EV Makers Report Monthly Sales. BYD Barely Grows, XPeng Slumps. Investor's Business Daily",2026-06-29 18:16:24
XPeng News,XPeng Mona M03 Beats Sales of All Other Models Combined in China - eletric-vehicles.com,https://news.google.com/rss/articles/CBMiogFBVV95cUxQQVRHQTVZYUR5ZUtCSXhTUFNoclV4elVoUVdoc0hWMHN0aEdpazlPLVI2UU5vQUZTRXRiVl9HQVVfTldSZVZiT1FGOTJkNTl4dTVaeUJzYlRSTXBDWU9tcVVQSXNIZmNpSGk0VzNocV9jd25BaHRremJDMVYxZ29zTGRwbDBLVG1JR0RhU3lfOFB6V1U5N2dPT1hxRjFzQlZrN3c?oc=5,"Mon, 08 Jun 2026 07:00:00 GMT",XPeng Mona M03 Beats Sales of All Other Models Combined in China eletric-vehicles.com,2026-06-29 18:16:24
XPeng News,"Electric car maker Xpeng aims to double overseas sales, to launch EVs in Mexico - Reuters",https://news.google.com/rss/articles/CBMiogFBVV95cUxNVm9xVEN4bTNXTmFWeTFUSWw0LWFHTlpJQzlqTzVPZkFtLXZtRFByRjVEckFRLWlfUW01cGxaazctUXYyQW5UMDFIR0RIREJUNEszaHdEMkdXTHVvX0hJdk81dkQ5cVd6Si02UlVJNzIxTGhraDdlQkszaE90RUpUa2swWWlTYi1zbnM3M2RxTEl5TS0tb2NJelVYQlJ1YUhad3c?oc=5,"Fri, 20 Mar 2026 07:00:00 GMT","Electric car maker Xpeng aims to double overseas sales, to launch EVs in Mexico Reuters",2026-06-29 18:16:24
XPeng News,Xpeng projects quarterly revenue below estimates on weak EV demand - Reuters,https://news.google.com/rss/articles/CBMiyAFBVV95cUxOaGhLWUVLbUE3VjFGcVF1RjhLSTBGWlUtVnVsdHNWcGpRQkFuTzZwdjJhU01tdFo0MlNVN3ppM21kUmR1Mk9jZzd2b1FHUV9CbEo0NUZUaEFxRlM1YUdjMVVSSUVPY2lWcWhhT0ctOTF3Y3lIOE1KRHhXYzhFeGNFMVdvRk44X3d4cDhtU3o5bWJxb2FfMi1HNnducDJUZWVrR2cyQU9zX3RSVlZHS3MyUTZ1SE5vYy15VFJZTXRGcW9oUlZNT2UtVg?oc=5,"Thu, 28 May 2026 07:00:00 GMT",Xpeng projects quarterly revenue below estimates on weak EV demand Reuters,2026-06-29 18:16:24
XPeng News,Xpeng teases first SUV in Mona lineup as L03 nears official debut - CnEVPost,https://news.google.com/rss/articles/CBMickFVX3lxTE8ycThUZWg5M3dWbWlZd0QyWTE5TjU3ODVXYW9mMHFYM3I3V0xOYmRWS3BaLW1famtYSTJaQlJHWThoZFVnY1N3UjZidGU1YVJPVzROREtVbk1rZnI5dnRCamd6a3JnUUxJdHNzX2N2cXB4dw?oc=5,"Mon, 22 Jun 2026 01:47:00 GMT",Xpeng teases first SUV in Mona lineup as L03 nears official debut CnEVPost,2026-06-29 18:16:24
XPeng News,Xpeng Mona L03 revealed ahead of debut scheduled for July - CarNewsChina.com,https://news.google.com/rss/articles/CBMimgFBVV95cUxOcHlEc0NmN2k4UjdORF95MEw3Wjc5RkkwbWRaQUtBTzk2TWIyVUNaTExueTVpWm13bjFSYk1ybThwUkF2dmllNUtvZ01XblEtRUJKemkxOXNvZ2F6WXhZZDBFN1g5c0JlMzNQd3VscEdrZEhzbGhmb0hFbG8ySTY1aW9mWTVEUjVXX3V3elFxRjVuUi0wc2FLWUZR?oc=5,"Tue, 23 Jun 2026 03:48:00 GMT",Xpeng Mona L03 revealed ahead of debut scheduled for July CarNewsChina.com,2026-06-29 18:16:24
XPeng News,XPeng Achieves Third Consecutive Monthly Sales Record in Germany - eletric-vehicles.com,https://news.google.com/rss/articles/CBMiogFBVV95cUxQOThKM01hdXc0eE1FTnNCN2lCV3Y4R2dJYkdyN05tSVlNZFFuSGl0azdyRXJMMWJrZjlmRmU0dmFKNWw1R3BuR3BQWTJYYkEwNl9DQzBwcS1xWUY0RGJUcDdjUnhwSXl5bjhGSXFMai1BWWwzVDF0N2RtREJQQzZ0OEVSUlFtQUhwYTVzZFV5VVphS01YVHFVOWVtTDVUZjdobHc?oc=5,"Wed, 03 Jun 2026 07:00:00 GMT",XPeng Achieves Third Consecutive Monthly Sales Record in Germany eletric-vehicles.com,2026-06-29 18:16:24
XPeng News,"I went to China with EV brand XPENG, and the tech blew my mind - How-To Geek",https://news.google.com/rss/articles/CBMifEFVX3lxTE1MMmFPSmNCMDY4QThsRjN6UDBiUXllZVlJekF4SFFWSlptbldqR29nWUpKNENycnBtNzg1SEZWTnZPdm42aVRCYmQ2MUlQdnJ0R25MUmtqNEZYTW9UWGhjQUtpX0dGOWNXb1V4YVZUVkJ0NFFOVEZwX1J6c2s?oc=5,"Mon, 01 Jun 2026 07:00:00 GMT","I went to China with EV brand XPENG, and the tech blew my mind How-To Geek",2026-06-29 18:16:24
XPeng News,XPeng Posts Loss as Revenue Slumps Despite Stronger Margins - WSJ,https://news.google.com/rss/articles/CBMiqgFBVV95cUxPakNMamw2Y29fTHpiY1RnUTJnQXVyVmQ2OHozQnJaalFXWW5WWS1NXzFkSHNJOGpvWVB4a0hqekZQbWxiTElwcTdtTnVHbkVLZlhaT2xFaUVKc2kzZDBoVkZtWDNmUDd5LU9ESmlTLUc2SUdFSGd5YWVJSVkzeWlSVUJzYURSZnkzMm1wbjdJTDI4NFdRelEzZkZpMy1sTmVHM1F6OUh1bXh6dw?oc=5,"Thu, 28 May 2026 07:00:00 GMT",XPeng Posts Loss as Revenue Slumps Despite Stronger Margins WSJ,2026-06-29 18:16:24
XPeng News,XPeng Cuts Prices by Up to 15% in Norway - eletric-vehicles.com,https://news.google.com/rss/articles/CBMigAFBVV95cUxQUDBFcjQxNnctYTdyWmxVNk5jbncyTHVGQlF5SXRyVTAtVEtiTUpxaGtPYU1tWkIyUTJqNlZkRHhqLTVxMGt4dXpOeUJfWHgwYl9hOFZBVEVrZVVZQmJCZ0hyUWlTbTVXQTF0UjhqRnhMZEUtXy04SEVvd1k1WktkLQ?oc=5,"Thu, 14 May 2026 07:00:00 GMT",XPeng Cuts Prices by Up to 15% in Norway eletric-vehicles.com,2026-06-29 18:16:24
XPeng News,XPENG Launches G6 and G9 Electric SUVs in Mexico - Electric Cars Report,https://news.google.com/rss/articles/CBMikgFBVV95cUxQaGpYRl9SZlc1Z3k1U1hkZzZGeTVGQnNudktjVG9RWExlMElkVTBNSW9tVFdkTVVoVHVUelR5WkJXT2RvNG90RHVLMnZWTEM1cmdhaTRyNGhaV25zRnhJc3R2bm1SNmYxQjhSSWdRLWd5Ymg2dHZldnIwR1BZMkhKVFdjUkwtSDM0Sk1ndUVRR29VQQ?oc=5,"Tue, 07 Apr 2026 07:00:00 GMT",XPENG Launches G6 and G9 Electric SUVs in Mexico Electric Cars Report,2026-06-29 18:16:24
XPeng News,"XPeng Registers Over 3,400 EVs Across Europe in April, Preliminary Data Shows - eletric-vehicles.com",https://news.google.com/rss/articles/CBMisAFBVV95cUxOcGh0c2VRRzJwQXdZbHJMM19KNy1oMFVkeU1FZ3RkNGFiVUN6a09IVVI0eDZCa2htSVRVT1p6c0pWeGliajY4UGhJVDhOa2k4c0pWV0NzMjdaR21JblJoMzcxTVVCc3RiQk43Z284cXlCdFhLRjVUODBEZkRYWHFqZF9rUlNXZ05FM0ZsX0FaZFpKZm5Va2tHYXZiTVJSLV9RLUVJMF9pV2c1UjhQM2RReQ?oc=5,"Wed, 27 May 2026 07:00:00 GMT","XPeng Registers Over 3,400 EVs Across Europe in April, Preliminary Data Shows eletric-vehicles.com",2026-06-29 18:16:24
XPeng News,"Introducing XPENG’s New X9, Commanding the Future of Smart Mobility - Prestige Online - Singapore",https://news.google.com/rss/articles/CBMirwFBVV95cUxQemlfU05jcl9iU0hqMjZkc1VNc3NERGx4ck1iV29tTWpnTGFaQWkyM1IteFlib0lJMFFMVlZvYTh1M01hLWMzNHZYS3VudXVmdWdUTENXT3dvSGhwa3BYcjFUYUhidkhLNXVVY2RCd2tCMnFUSV9ZbVVpcE1sZ3NoQUxwaHRvX29Iemc0andUV09fVjVKRHVfRE5hR3hBazV6N0hCSkxRakMxNTd1cWpj0gG0AUFVX3lxTE1nTmQ0S0duYTRJbnEyd0NMelk2WUtKU2g1c25rT2o0Vlk5T0xZZUJOb3FadUE0RGxXaUVJZXVDaENOUHZyZGRpVEY4MlUwZFE3MkxjMWlfaW9CX0c5UGd1d3ZrRkhsdnRETkhicVUyOHNoOUJtXzRDUDk2OTBnOW02RFRnRF9kdWxHY2xZam1mLVlrZW5wWmdxYnJsRVNHZmE3Y19teWVQdFNsNGdneG9ERnFTag?oc=5,"Sat, 20 Jun 2026 07:00:00 GMT","Introducing XPENG’s New X9, Commanding the Future of Smart Mobility Prestige Online - Singapore",2026-06-29 18:16:24
XPeng News,"Chinese EV startup Xpeng in talks with Volkswagen to buy European factory, FT reports - Reuters",https://news.google.com/rss/articles/CBMixAFBVV95cUxQd0V5U3lFRTZZSl9FZXBvb25kcTlwOG5iSVk0WDBVMHFXcWM0T053RmUwNElVemYyTUI2eS1zbTFURUVaQzRXV2dkVVE5UkpQM3pTYkpqWWZPRWlLZ0xmSXdCOUJsNjlGaU1qWDQwdEF0cHR1NjQ4SEhYZnotdnBOYXZLOHZkQVJ4R0JlRlZaRjZHS0pYQkNxMlV5NllkS1BSZE56RGpuNkIwS2NwckEyQ2dQc1BGWm5uSkxzUm5jd21VcEZW?oc=5,"Wed, 13 May 2026 07:00:00 GMT","Chinese EV startup Xpeng in talks with Volkswagen to buy European factory, FT reports Reuters",2026-06-29 18:16:24
XPeng News,XPeng launching free-to-use Full Self-Driving rival in Australia in 2027 but existing G6 will not support VLA 2.0 - chasingcars.com.au,https://news.google.com/rss/articles/CBMi-AFBVV95cUxQeWtobFNtc08yVjlLTW5lVU4wQ2F6OTIzczF3dF8xaTBOZ0FFX3ducDdMcWpWc3NUZmZxR2lyQkc1MWF0T3cyOHhCSFFxQktUX3pQel9nQllfV3pqMnh1Q3hhdTAzc1NSSzBaQU4xZDhXalhYVVd6QjNfcmFOUEt4QlZmRW1TRUpWR3Q0QkJsd2xEdGdyRnUtc0pZSUdySGE3VjQyTmlOQU45Q3R2N1hOWkV2YjlGTDl4OTFPZ1h3SS1jY3lmRWNFSF8tdzl3VXE5VEZRRnQ4ZE9FM3dWYUVjc0hpQ29wdW9JQ0l3ZmtGUWtmM2JCenJ1TQ?oc=5,"Fri, 26 Jun 2026 10:48:36 GMT",XPeng launching free-to-use Full Self-Driving rival in Australia in 2027 but existing G6 will not support VLA 2.0 chasingcars.com.au,2026-06-29 18:16:24
XPeng News,"XPENG G6 breaks production EV time record by covering 1,000 km in 8hr 25min - Electric & Hybrid Vehicle Technology International",https://news.google.com/rss/articles/CBMizAFBVV95cUxORDF6S3N6dGJGdGlZcy0ySlZDcExfZmpSRElHbTc5Vk85VzluOWVUQ1ZpQnFpMGpsYkhJOWNTWU5QS1FCb3VSMTdNdnZMS2hudkNYZzgxZEN0cWtrV2NTdUJHSFVIZzJPdnhrMG91LWRSMDF2OU5JRkdKTjB4eDl1X3ZtNE5LbnRTMDhqQkZkbnBDWmFHWlluNEE4NllpdXUzTGdHQkJTY1RQaXNoMWNpcEtOUktkbWZ1N3dIR0VBVS0yblFQejVab1JPMEU?oc=5,"Thu, 14 May 2026 07:00:00 GMT","XPENG G6 breaks production EV time record by covering 1,000 km in 8hr 25min Electric & Hybrid Vehicle Technology International",2026-06-29 18:16:24
XPeng News,XPENG Announces Vehicle Delivery Results for May 2026 - Yahoo Finance,https://news.google.com/rss/articles/CBMiqAFBVV95cUxPR0dzVGxnSlp6RFM3M2NGVXlzbzVrMnNCT3VobXdRODlCQ2ZQMkZ4Ui01bkw1ZlA1bm5salZTR29kNllPWkpuTUFDZVo2TEtESnlveFFsdEVpVDBLRncxbzNxMFRlRjNpUWNNVnd0S3I1R1k4UlB4WVJjSVc0QUJFWFlKdUtSTU80LWxEdVVwRmZELXZWTEJxRVVYb2tEVHdpTkwtQ2ZBQnA?oc=5,"Sun, 31 May 2026 07:00:00 GMT",XPENG Announces Vehicle Delivery Results for May 2026 Yahoo Finance,2026-06-29 18:16:24
XPeng News,XPeng Begins P7+ Deliveries in Europe Amid Record-Breaking Sales - eletric-vehicles.com,https://news.google.com/rss/articles/CBMioAFBVV95cUxOZVRrVkFKaVJwZWhNbmtLanBqTjFpOEZua2g3ZDg4UFNjZi12VWkwMmpXOG9iSnRaaWZoOWkwTHprbmxkSjlnZDBzaHRtTkQzd2l3RW1VMnU2NUtrNWIzQTh2c1I2TDNFZEk4TTlRVTRWVmNaZVZOS3d6OXBoV1RLX2U2RG9GbUJBTDdNVXFFTEtYYllSRmVoWXk3VVRRakFp?oc=5,"Wed, 03 Jun 2026 07:00:00 GMT",XPeng Begins P7+ Deliveries in Europe Amid Record-Breaking Sales eletric-vehicles.com,2026-06-29 18:16:24
XPeng News,Xpeng deliveries fall by one-third - electrive.com,https://news.google.com/rss/articles/CBMifEFVX3lxTE5nWTFEeVpVa3RhV3RvdkFhSGROV2g3d1RpQ21hUFg4SUNMbHNxNHdpVHhhVUVpTVNlQnN6SWtxZWhYN3lnU1EyczlSMEQ5UGwwM0IyYllZcWczcF9QNHBqUlRvQ004MlpyS3JLa1BqUWVBalZoWTdWZXFKMTQ?oc=5,"Fri, 29 May 2026 07:00:00 GMT",Xpeng deliveries fall by one-third electrive.com,2026-06-29 18:16:24
XPeng News,"XPeng Deliveries in April Rise 13% to 31,011 - Electric Cars Report",https://news.google.com/rss/articles/CBMiigFBVV95cUxPQ2RycEJxVHpQVTJqVldTdlFGZExRb2Q2RXNLckV3LWdaTFlhX3JIVDBteEZrdnk5ZEM0QmozSTB4eUY5anV1bWJRbkxmUDNzcWNCbjNWVEVTbk5KNGljc2NsR2s3Yk1nSVJlQS1NcWNIZjJNRWlwSVlkcnlfbkdGNEJ1QnR0cUtmNUE?oc=5,"Fri, 01 May 2026 07:00:00 GMT","XPeng Deliveries in April Rise 13% to 31,011 Electric Cars Report",2026-06-29 18:16:24
XPeng News,XPeng (XPEV) Showcases Its New Lineup At Auto China 2026 - Yahoo Finance,https://news.google.com/rss/articles/CBMiowFBVV95cUxPa1Q5UmZ5VldtZjdZRjNzWnpwWlQzOVVPVVBtWV9SMndtVFAyNUZHdTV3SVJwVGVFc3NJd2xlRzZhUmM5TkVmblo5NVV3aVh6Qm1xTEVZQ3NKdHg4YVEtcmc2elVTT2UwYUVTRy1qMUNtcWx5bUdqcUJocVRuTHFuaUY1Y1Z2T1NOeTVZLXNuOFNtdWdtQ1EyNUo3ZUUxb0dtT1g0?oc=5,"Fri, 01 May 2026 07:00:00 GMT",XPeng (XPEV) Showcases Its New Lineup At Auto China 2026 Yahoo Finance,2026-06-29 18:16:24
XPeng News,China's Xpeng launches 'future-facing' SUV to drive upmarket sales - Reuters,https://news.google.com/rss/articles/CBMirAFBVV95cUxPMkVud204LUFzNE9ORzV6U20ybGJmbFU3M3JqNUxzeWpkUjEtZERWNlUzdm16d0NIVWxNZWJzcXRZZ3NDbDc1c1J4Y0ZWVjFJdlpmQTFWTjhQTC1ZSEt3NjZHaldZVVdLc1pNazBOUFdhRWxXMUpRZm4wNDdfODA1ZTVTampTZkF0bHJfT2dfb19WY3dMSzZXZTFNRzNyYUdXZ1NMLXVzeVpQMFNf?oc=5,"Wed, 20 May 2026 07:00:00 GMT",China's Xpeng launches 'future-facing' SUV to drive upmarket sales Reuters,2026-06-29 18:16:24
XPeng News,"BMW iX3 Goes 485 Miles in the World's Largest EV Range Test, but the Xpeng X9 Is the Real Winner - autoevolution",https://news.google.com/rss/articles/CBMi2gFBVV95cUxNcXB6dlAzSzl5ZWRxSWdWa1RCb3pUX045bVQtUFZ6ZXVlbVN3X05mbFFuSEJZeUJUYWhORmJ1VXdqS3p1c1V5MExLbEJDeWJjYlJqcFc5OUZ3Q0h0WnpqdGczZFE2Sm1lUnRvR2FTSUJSSzNCbTBXaWxDaGVPMDZRanpJSXdaYndGSDNoenBUZXdYeHFXZWREa05tNU9WVVRpS3AxTG5mSkE3cVFUQ1h5LWJzQklmZXJkYzY0NWc3MVJNWW5EQzhEZ3V0SW01VFUwTm02c0VIWnBRUQ?oc=5,"Mon, 08 Jun 2026 07:00:00 GMT","BMW iX3 Goes 485 Miles in the World's Largest EV Range Test, but the Xpeng X9 Is the Real Winner autoevolution",2026-06-29 18:16:24
XPeng News,XPeng and NIO March 2026 Deliveries Surge as Global EV Expansion Accelerates - Electric Cars Report,https://news.google.com/rss/articles/CBMitwFBVV95cUxOeFEtZmxVanVYaWxWVXVtRUc0N2dxZkhMVUg2MlhXdjBjOUxaQkVaV3FxdnNublpjZlFKLVF6djdiZ2VqTWY5VGk1RFNXOVR1ZXVyYkRDa1BsSkxUR0xrQWlNMTZqUkxNTUZsbEd2VG93ZVZDTkJxS0pYV2RobkJ5SFR1RjhURGxFQ2JtaEhUMUNfX3RiNUtiZ20xWWtvLWxrN3dmdl9Fd1pGX0JDelkzZVJqZUlNTVE?oc=5,"Wed, 01 Apr 2026 07:00:00 GMT",XPeng and NIO March 2026 Deliveries Surge as Global EV Expansion Accelerates Electric Cars Report,2026-06-29 18:16:24
XPeng News,BMW iX3 tops 2026 EV range test as Xpeng X9 impresses - MSN,https://news.google.com/rss/articles/CBMi6wFBVV95cUxPTDhuRkl0a3hGRE8wb2EyRXhZT3VnS01MV0JhUE1KMXZwSlRWeUR1X1hTZWNJSmFmUWVYd1l2c3Z4MTJ6QXlvQkFnZnkwdnBJOEcxTEYyS3Uzd3FkRG5xdWJZX242NXVxeXJFS3FNY1pKdWlKSWJGM3NMSEJoRGtCcmZ0MktaQWR0SjNqLVpYMmVOekNndU9YUmNmZlVrTHhVcmhIemJSSS1TRzZXTWF4YkVpU3pCZlVLN3VkTzhFRk93bDVUWDJkXzNVV2VvUFVOYlN2R2I2NFd0V3U2emVnRS11dUg4N3U1U0Fv?oc=5,"Mon, 08 Jun 2026 07:00:00 GMT",BMW iX3 tops 2026 EV range test as Xpeng X9 impresses MSN,2026-06-29 18:16:24
XPeng News,China's Xpeng expects to start full-scale delivery of 'flying' cars in 2027 - Yahoo Finance,https://news.google.com/rss/articles/CBMi0AFBVV95cUxPQUVzeF9SRDhQU3FiSjhXOXlGdDJGQ25WOFdiTjJpeDBOWXlldjY1d1dxLTR6U3VyUG1UTm5lN0EzQUprN3VsVUx2d3B3OXFVY1MtQ1gtS0VOZ29ZU1lzRVJRaHU0X3AtdW4yQlVWN0h4LU54TzRULUgyLWtWN3lJTHVvdl9sSFlNRmQyNzBPSE9OVFM0Qkt1aThJT3pZZTN3bk1Tc1czRTdiV0ZfS3I1QTRvOXg5c0JLTk5wV3RqalUzclRHenRPbi1RcEpIcU5Z?oc=5,"Wed, 22 Apr 2026 07:00:00 GMT",China's Xpeng expects to start full-scale delivery of 'flying' cars in 2027 Yahoo Finance,2026-06-29 18:16:24
XPeng News,Chinese electric vehicle maker XPENG expands market into Europe - DC Velocity,https://news.google.com/rss/articles/CBMizwFBVV95cUxPZE1lN1Q5amU4U0NHMF9fMU85NVRDVlBZTFdzREFpTWg2QW1NVE5tSmMzTmh0TVFxTXRYU2txaVdWNFlONEtXc3N1OEJVelVHSWVRbGlERGUtRFJEOWxORlN0b3RGblJqeVdQWVlEVEhkRDVpMzlHTUpmWUVuQ3JyZkx4dzN5RTNEdXJ6UGhxVm54U2ZCSXh6SDNaOWdVXzdWRXZFVWN0OVhUZ2JoSU1iVjBabUJ0SWYxUl9Ta2hYcmdzNnQ1NFMwNnNpMVhIbUk?oc=5,"Mon, 16 Mar 2026 07:00:00 GMT",Chinese electric vehicle maker XPENG expands market into Europe DC Velocity,2026-06-29 18:16:24
XPeng News,"XPeng Hits 10,000 Norway Deliveries, Doubling Total in a Year - eletric-vehicles.com",https://news.google.com/rss/articles/CBMimwFBVV95cUxQSWZxLWZab2VLMlRReFhac0RhajNVWFdyTDlJRWkxTC1UUmRXUXBxQ3dGQ3o5Y2R2U3U4cDRJTDFfcDJyMG1NRVU0SDNlYWtYREQ1czdWbTNoX05jTHRGV2lBdTczZkVaUzVCR3BDSV9lRkp1b0hNQUdveWJDbTE1MVNSVU56aVVhWnpWejBYNmRzYWk0czctRUdkZw?oc=5,"Mon, 01 Jun 2026 07:00:00 GMT","XPeng Hits 10,000 Norway Deliveries, Doubling Total in a Year eletric-vehicles.com",2026-06-29 18:16:24
XPeng News,Xpeng launches its biggest EV and showcases AI tech at Beijing Auto Show - The Driven,https://news.google.com/rss/articles/CBMiqAFBVV95cUxQU1VqMGVGSi0tNGhBdE1Xd3JRdGlqUzJPSURxZUh4WlJrSzhsQVE1TG5NanNtVEhhSmg5eS1qWXZGZzIxSlRGT09aRnJ5RXFLTHNmR21ma3lTSFdoNjZEWXdpVjJzYy1tYWctT291M0dGMnJZcVM3ckJCSW5VOU1JVDZNOXNXUUpqNW9fN1liMF9JODU0VjVTU2F6Z0ttSWhDN2NURFp4Nzg?oc=5,"Tue, 28 Apr 2026 07:00:00 GMT",Xpeng launches its biggest EV and showcases AI tech at Beijing Auto Show The Driven,2026-06-29 18:16:24
XPeng News,XPENG Jan–May EVs cut emissions like 33M trees over 10 years - Stock Titan,https://news.google.com/rss/articles/CBMipgFBVV95cUxNV2xvd2FvWjBSU1BiRDRGYUZiLWRpdUZvVVVCWlFWTmg2UnRfcWx2RFQ3dVdhc2Z3ZVBWZ24wbENwVkFwZHB6NElQYm9hbTBEWEZHSk9vMGVPT2I3am5pYWJqSF9Gdk5MX3lnXzJ5MEdnMXZOVktRM01BZDVqT1JDOUMwNW5fdlR6Z3FSLVJGWmE5R0xLejZ1Q3Z5cXphcVozZXE5QVJ3?oc=5,"Sun, 31 May 2026 07:00:00 GMT",XPENG Jan–May EVs cut emissions like 33M trees over 10 years Stock Titan,2026-06-29 18:16:24
XPeng News,"XPeng Enters Morocco, Completing North Africa EV Push - Morocco World News",https://news.google.com/rss/articles/CBMiowFBVV95cUxNMXhpSE9qQUVtWExNUjhCWDNuZzZPRnVFalJhRjZPUTBJd2tEZGs4QllacGlRNG1tVlI3UFE3XzJER0lzeUZORG5ENGR1S053SmNja2ItU0ktRlJicUxQNTFiUHZySnhsNGZ1RlZNSDM1cnY1ZzhBUnhiSW12b0J4THJpVnA2X0RZM1lneXZOT1pZVFVYOGNEblFCcHBGZWFKSTJ3?oc=5,"Mon, 08 Jun 2026 07:00:00 GMT","XPeng Enters Morocco, Completing North Africa EV Push Morocco World News",2026-06-29 18:16:24
XPeng News,"'It’s real proof that the company wants to be more than a ""Temu Tesla"". It wants to usurp it’ — I’ve driven the new Xpeng G6 and it's more of a Tesla rival than ever, but it’s not perfect yet - TechRadar",https://news.google.com/rss/articles/CBMi4AJBVV95cUxNYWpEeDc3d1Z0NXVnRXZSV196Q0lKMzBtd0xwVF80REo2RnlObFkzZl9pU1A1U1FtbGd1aDNNUVNZLUVIMFhCOFllQlQwazJndXVIYTc0bXp4WDdpTUx2dkpiSXlVQ3FRMUdOT0xqekRhVEVJZFRDYjUyZU5kRUpMcHFnM0pKT3M0Q2JVU1JBTXRlZ1dJTXBvSk5KcHdyMl9FYWV2TGt1V1JxdDlKZkpMQ3JuNUszaTUzcWhTQWZVcm5MeXNiU3A1YVZHMTNQbTkzTmI2aEFfcWFQS09RSFB1YlE1UnR5clFaR2s0ZUdHbVA2RzZSM3JzQ1Uxa28tMVU1ejQzbHFnUnMzV2hsMmJ1VFFWbnZtYWNSeGxCb0NzWndQQzdYSXBVaF95enV5elRNUVN3SnI1cFNITjVJbjRGcDE3NWRYdHplbndPa3lfWlo2UXd0Y0hzRElzVUFGOFd6?oc=5,"Fri, 08 May 2026 07:00:00 GMT","'It’s real proof that the company wants to be more than a ""Temu Tesla"". It wants to usurp it’ — I’ve driven the new Xpeng G6 and it's more of a Tesla rival than ever, but it’s not perfect yet TechRadar",2026-06-29 18:16:24
XPeng News,XPeng Stock Hits 16-Month Low as Growth Outlook Dims - eletric-vehicles.com,https://news.google.com/rss/articles/CBMikgFBVV95cUxNUE41NHhfU1FQMW9jM1pFNnNDSnFfWjl3dGR3X3EzUWJkT2F4QXJTMlNnZjBTUU0wUGZReWV4RktwcTh4cWtjbTZwRll1S25WSUpzLU1qWjhXa1NjTDM1M0xzYzRQd3VWSTJzSTktc3c1ZFpUZ2lpcDc2Xy1EWFpwaGNhZE9UZGFUNFV6a2ZHNWtzdw?oc=5,"Thu, 11 Jun 2026 07:00:00 GMT",XPeng Stock Hits 16-Month Low as Growth Outlook Dims eletric-vehicles.com,2026-06-29 18:16:24
XPeng News,7000 Buyers Will Soon Avoid Traffic by Pulling a Personal Aircraft out of Their Xpeng EV Van - Car and Driver,https://news.google.com/rss/articles/CBMihgFBVV95cUxQS1ZsX0lxV3JpM0I2WjFNUF83VFoxcElzTW1IV3Z2emF6RTUzTGhZdmswY3haQThmWnhuRDNTRGszSHFXTFh5M2N5d1AwVTBDYnlTeDMwOHNDSmJnU2ZHeVZaUDRGWl9sTFJ2MldFeU5uaXJSd2k5a0pBTkZpRUdHblJ4SkRMQQ?oc=5,"Sun, 22 Feb 2026 08:00:00 GMT",7000 Buyers Will Soon Avoid Traffic by Pulling a Personal Aircraft out of Their Xpeng EV Van Car and Driver,2026-06-29 18:16:24
XPeng News,"Xpeng posts first quarterly profit, plots Latin America push - Automotive World",https://news.google.com/rss/articles/CBMingFBVV95cUxOQVB6VnJsQzRteTJhY1JBdGQxdEhwTXJVaVpVUU9CZm80R3lobllXOFZyWjUwWUN3SVVkenJBRV9DMk1BTFdoVGRxM0Z3dHVrVm9uT2RNYURubE5fLVBuXzI1aVhYZDlwX1J5eEdfbjBfT2Rodk5RVWNHT3BpLUZCMG42YTB6Yi1wSzFTN1FGcFpKR1UtUlpEeEFNLTI5QQ?oc=5,"Fri, 20 Mar 2026 07:00:00 GMT","Xpeng posts first quarterly profit, plots Latin America push Automotive World",2026-06-29 18:16:24
XPeng News,E-Week Highlights | XPeng to Rebrand; Li Auto to Buy Back $1 Billion in Shares - Gasgoo,https://news.google.com/rss/articles/CBMi0gFBVV95cUxPeG5pNGpfZ08yWjVTYTFpZHFfWUJ5YktmTkRLb3pWZndXRV8tbFczajMwU2YydS1pRkRYM1JuelBHN1Z6a3NBUEpsaEUtVDVlakhhcXBFY0NrQzAxTFZEQ2V0SlFwekZack11VjUwamYzVThSRlk0Qm5WdkRyLXRDM0J5bzJ0NXd3VUR0MWFac3ZKdEEwc2NPSVU1OUxIV0dXYWdVVFBKNXRDZVZQOFItZVpiemVBSXlGYTFNZmUyc3NBWEg1c2hQZmZqcjhhN2thUXc?oc=5,"Mon, 30 Mar 2026 07:00:00 GMT",E-Week Highlights | XPeng to Rebrand; Li Auto to Buy Back $1 Billion in Shares Gasgoo,2026-06-29 18:16:24
XPeng News,U.S. Automakers Panic as Chinese EV Maker Xpeng Expands to Mexico - Yahoo Finance,https://news.google.com/rss/articles/CBMinwFBVV95cUxQN3dON250bWV4ZmVueVU2aTNOV3ZZenJXRjVSSWVlaEk4WVhxU0VuV2hiQ3UxTzc4UEJEd3lrUHJQYmVHSkgtVHlFTTY2YUptVGhQOHRXRkROOExBZ19MNWFPZWVYNW5jQ3BqN19mSkxoaGNjc2RSc2wzSGE1VjlpNFcxNjRtWERVQTRSXzdnekpYNzJTQkxCZUNGVEpWUHc?oc=5,"Tue, 24 Mar 2026 07:00:00 GMT",U.S. Automakers Panic as Chinese EV Maker Xpeng Expands to Mexico Yahoo Finance,2026-06-29 18:16:24
XPeng News,"Xpeng Mona L03 Debut July, New Electric SUV with 650 Km Range - VOI.id",https://news.google.com/rss/articles/CBMiREFVX3lxTE9PSEJtQTBNZ3EyQXBMQVB0aFFnYXduVFZhXzJ6b3E2dVo0N2J2V1VUTEpOaFFVUFNyMUpydnBSUE1wQVk30gFCQVVfeXFMTVhfb2FfbnI0elBnYTJSbDRxc0w2NThpSG01MDRrT1JHZHdpTlVyY2VHdEtDWFhEeHdYSlhZRHRiZkV3?oc=5,"Tue, 23 Jun 2026 08:24:06 GMT","Xpeng Mona L03 Debut July, New Electric SUV with 650 Km Range VOI.id",2026-06-29 18:16:24
XPeng News,"Xpeng teases second electric model in Australia, a fast-charging people mover - The Driven",https://news.google.com/rss/articles/CBMirgFBVV95cUxNUW4wRzM3bFdJc3drT1BxMnBsOGw0cjhOcXRRTnNBdjdCU2pKQ3B5ZThlYlo4ZWNQTmpyM00yT1dqbl8zTUVHLS13ajVkcXNZY3VjN1RqOTViTDdhS3VEVXQ5Sk9SbUhzU0kxd0Z6X1daOGVnTHNxRThoc3V1ejViZEJHMF8xVnFlTUt2ZnUtVWh4YUp2bXppRmxrZnA0NmtKeUJtMkQ3QVBVOHd6OFE?oc=5,"Sat, 20 Jun 2026 05:20:44 GMT","Xpeng teases second electric model in Australia, a fast-charging people mover The Driven",2026-06-29 18:16:24
XPeng News,"XPeng GX Early Demand Exceeded Expectations, CEO Says - eletric-vehicles.com",https://news.google.com/rss/articles/CBMikgFBVV95cUxPR1V2Z1JRYmtMcjBJRWdIMWFUZUloOFN3RmZnX3BvdmFmNDYweEFJVEhIV3VLU3N6dFg3RWxLbzJTVENxQTRTV19FRE1nVllXaHE1MDdKNEN4NUVpbEN2WHdfU3NMVzhXTjZQX2JmbXhkWWdScHlBcVNBTGY0YnE3N0xLZDFoYUtINERHUWI1STNRUQ?oc=5,"Thu, 21 May 2026 07:00:00 GMT","XPeng GX Early Demand Exceeded Expectations, CEO Says eletric-vehicles.com",2026-06-29 18:16:24
XPeng News,Xpeng builds driverless cabs; Tesla launches FSD in China: 7 EV reads - South China Morning Post,https://news.google.com/rss/articles/CBMi0AFBVV95cUxNUFRlNHVHbGpSVzhQcl93RTREM28zYnhhWWtselVJTVpTVy16M2tveHVKRWtOTWVMOFhpVWlyLWVULVB1U28ydGdna1pkblBBM2tiaXBBYURwWmN5aHhXU3MyTFZ2aHpLWlNEaGxjeXU5RkFCemM4Umt1R1FnNGxIMkNHeHJoSHQzS2ZMeDNVYnFpbnhJM0syZjZMTmRlTTRvQi12cGx2R2dJdFZWTl9ya1BxVFFTa2xDWUtWVUk3Yi1YcUVVTTFyTDRWQXJZM2ZI0gHQAUFVX3lxTE93Y0xTbC1XVnFWYzl4ZENPdURjVERKWGk5aGd0MHdSbTVHaDFKZVZzaWUxMnVEOWMwN0RsQjJqTzRrZzhaT0MxUUtneTFTMHp2QVNTQlg1NE9iSE9IeXpYa3B5NG4tRWRlT2Y4cEd2MjZDWjAwczByT25BRFM2eDNpejljc05KXzNQcEhjamxPMU01aEZ3UW1KNHQyd3RXT3R3RXF2d3lDMnk4UmFTbW10SUE4WVIzaUM0cENQNVc4WEd0eVptb0RlRElHcU9fTzA?oc=5,"Wed, 27 May 2026 07:00:00 GMT",Xpeng builds driverless cabs; Tesla launches FSD in China: 7 EV reads South China Morning Post,2026-06-29 18:16:24
XPeng News,"XPENG Sales Up 4% Month Over Month, Down 4% Year Over Year - CleanTechnica",https://news.google.com/rss/articles/CBMimAFBVV95cUxOUlV6ZE5uRklSSUkxTFdkb1B1SmdMXzhialM3c2t1b2JmNXo3anR3TE9mbTI5LWd0Tjh4dUNoRENGLWwxcmoya05uS1hqYXhDNVM3ZXAyRW1UVnltTS04dmU3alkxQjc2TjBHZ01VTDJtYTVRd3BwR1hoYUZoXzdrSzZqSXB0QjhieEs5N091M2tUdGJqZEctZtIBoAFBVV95cUxQS1ViV0NlMC1QVzRaZTBBenZhYkdmc1BLZnJYSEdOdWdQUlB1aDB1d3JPYTFYZlUzcjFzQVFUalFoN3dTb3NSYWpyU1hSazBrYnZhVEQzdlZfOU9qOW1rd1pCQV9UcGlqUGhuenlHNFI4MU9oMmtpdklkZXRVQ3lsdERVaGVkZzExNVNVbjYwdjRIdUtwaDVRSUZVZzFYOE9R?oc=5,"Mon, 01 Jun 2026 07:00:00 GMT","XPENG Sales Up 4% Month Over Month, Down 4% Year Over Year CleanTechnica",2026-06-29 18:16:24
XPeng News,"Volkswagen’s high-tech electric SUV launches in China for under $35,000 - Electrek",https://news.google.com/rss/articles/CBMijwFBVV95cUxOYjRfaUh3eEN0T0Q5cEpMWnZ5cUtrejdCY1VhRWQwR0hNR1dJc0ZSbnFJQk16a2lBNGRVVjZzMHZfcDlxOXVSMk9nWHplakpWc254UTlRenBLOGs2ejdHV1B5dGRVM3lvZWZRM2RadnNVc1pFM2dPYlAwa2hXTHNFWS1kd01QLUZCX2NJVTkzOA?oc=5,"Fri, 17 Apr 2026 07:00:00 GMT","Volkswagen’s high-tech electric SUV launches in China for under $35,000 Electrek",2026-06-29 18:16:24
XPeng News,XPeng Forecasts Q1 Sales Slump With March Deliveries Between 25K-31K Units - eletric-vehicles.com,https://news.google.com/rss/articles/CBMirwFBVV95cUxNeS1GaWhxUFhvVG1lRzhBQXZpNmY2ZFAwdXdtZG9oZ05ub3JqZmNqOFM2WUZ4aV9TLVNUbGF1YnlkZlFHTGN2VGJGS1F3Qkk3YUgzYno1RDJtcF84SzMtXzViYmt0VXk3eXhtZEU3ck1QNTNnaUZ0QlRVVWlGMElQZFVuUVd1dGJnYzltcXgtX0Y3OExHVHZiZ3V1U04tQjBIV2VVQ1RmaVc4akZUSEQ0?oc=5,"Fri, 20 Mar 2026 07:00:00 GMT",XPeng Forecasts Q1 Sales Slump With March Deliveries Between 25K-31K Units eletric-vehicles.com,2026-06-29 18:16:24
XPeng News,XPENG Reveals Bold UK Plans for 2026 With New EVs and Expanded Lineup - Electric Cars Report,https://news.google.com/rss/articles/CBMirgFBVV95cUxOLXhwN1ZoQ3lTU2NNd0NVUkNpcUpENWFSSWg1Z2Y3WVJXNTdLYVNzaEZxdU5ycGVJQko0V0N4OGkwUFZLQWlEUjVRa3dkelJqZ3plODA3Nlh1Nk9KMWt2WWpIcWgyOV9qME14dGJ0WmNkQVR5eFBqSmxGR0JtZXJkem1WeGpWdWYteG9DRWRIMjh3OEw0SG5FY25uVTdEUkhXWmV4bUQ2RTFOb19UZEE?oc=5,"Fri, 30 Jan 2026 08:00:00 GMT",XPENG Reveals Bold UK Plans for 2026 With New EVs and Expanded Lineup Electric Cars Report,2026-06-29 18:16:24
XPeng News,Xpeng takes 90.1% of Erajaya’s EV manufacturing arm - Automotive World,https://news.google.com/rss/articles/CBMikAFBVV95cUxNdmFsZWZublB1bi1qblA5bWdJRnpIblBoeUF2Qmo4b01vRkt2ZnhkZnFmUzRlUGswMlFTQWpUdTRqdklibUZYVlROdmtOU0I3NWlQbFJDV0U5cG5KRkVVcklHM1ZKamtxZmJsRXUyQkw3Q2RHZjVtYVY5UVlnekVQWExOU2xOTTh2VmlrRHVSWDU?oc=5,"Fri, 22 May 2026 07:00:00 GMT",Xpeng takes 90.1% of Erajaya’s EV manufacturing arm Automotive World,2026-06-29 18:16:24
XPeng News,"XPeng Launches GX Model with Promotional Pricing Challenging Onvo, Li Auto Rivals - eletric-vehicles.com",https://news.google.com/rss/articles/CBMitwFBVV95cUxPTVNJekZobUZkZFMwdk1HSk81S1dXMEtaZ3owR3VGSkdVdjZfUEpyZnBYa2FObGdHNms4cXhlYmdNVjZmQTZEWHZObGE5SXd1dVNzVGp5UWg2dUJpeDM3c0dmSmRJV2hDZERnN09tMzRhSkU0dDlCbWJ5MVg2MU91MHFPT0VvTE1IVWl4ZXZfQXh4NlZvLXFBRm1yNFJXZl9OQ0w3VTVqUWNFSS1JTnpxblphV181R0E?oc=5,"Wed, 20 May 2026 07:00:00 GMT","XPeng Launches GX Model with Promotional Pricing Challenging Onvo, Li Auto Rivals eletric-vehicles.com",2026-06-29 18:16:24
XPeng News,XPENG Showcases “Physical AI” Ecosystem at Beijing Auto Show 2026 - XPENG,https://news.google.com/rss/articles/CBMia0FVX3lxTE1ic1cyVTZTb05DTTNRSGFSUk13SURyOHNIcUQwa1BzT1JpeTlrelpXak9KYldpYTV4Z2xKS1J2Zk0teWRGcngweWNFVTVuay1jald6N1FBU1FSVzlCLWJIeVp3ZmdxSk1Sclc0?oc=5,"Fri, 17 Apr 2026 07:00:00 GMT",XPENG Showcases “Physical AI” Ecosystem at Beijing Auto Show 2026 XPENG,2026-06-29 18:16:24
XPeng News,"XPeng’s New GX SUV Sets 2026 Showroom Traffic Record, VP Says - eletric-vehicles.com",https://news.google.com/rss/articles/CBMimwFBVV95cUxQeDM4alBWMU16clFEeVU1ZU96THdqRTRiNE04SHZka2RTdDV1bGJ5akxqdGxmR2JNTUJJVWZmSlIxendBZ3lYa2pRcTNPMll0RjMxYTFUUkg1a2FXTlI0dGdTUGxHU3V4TzZybE5vT2hJZjFUSDgxa2dtbEoxdURHQ2hrenZwV1RHTEplTU9wdjdTVnhUMGJSRkwxdw?oc=5,"Fri, 22 May 2026 07:00:00 GMT","XPeng’s New GX SUV Sets 2026 Showroom Traffic Record, VP Says eletric-vehicles.com",2026-06-29 18:16:24
XPeng News,"XPENG G6 Sets New 1,000km EV Record With Ultra-Fast Charging - whichev.net",https://news.google.com/rss/articles/CBMimwFBVV95cUxPTjEwdDA4TnhyWERQNS14Z0c1X0pfeEFSU2FnWXl3X3FmcGloY2ktaU5xLWdrVFlDLXRqNHZoSmctUWdaUzY5X2d3cmtfVzNfM0hoajRuaUduS1BJa05BOVdiWlFtTDBYdzhNckFTVWh1UkRHanRvYjZUSFNIT0c2ajVvMFJOeVNQa3NLU2QtaUtaa0NUSUVZX1ZjONIBoAFBVV95cUxPbTE2bnBzT3FYUU5lTDRuVlB2R0IxZzlkQlZkRjBRYmJsYXAwckNubzdEcF8wS3RCaGlIM3ZHYmxrVjBHdkNDYmRfSGlKWUlsbFA2eVlLQlhpdVdUYlR1VWRTQUhRT0VLaFd4aHZ2b0YyTmVNRG1faDBHcm8xVmdCVFJIakx4NDJsUGNwb25ZN1B3aHlZWmpwTVBPaUFPRWNx?oc=5,"Fri, 15 May 2026 07:00:00 GMT","XPENG G6 Sets New 1,000km EV Record With Ultra-Fast Charging whichev.net",2026-06-29 18:16:24
XPeng News,"XPeng’s Global Deliveries Fall 34% YoY in January to 20,000 Units - eletric-vehicles.com",https://news.google.com/rss/articles/CBMinwFBVV95cUxQQWVSWUg3WDc0Mm5GNFh3V19tY0ZZeG11bUlIT3R3ajhQOWpUTkhFaTREeGxndjJPVmkybV9GNldKT1ZFYlIweEp4RUhraXZWQ1hUT1ltdXJXRFBmaURwbkVpcXlqaW1jUjN5bVo3eXBIaXlSMkpJY1JKejRRcGkwcEpIckZyS1hCYXlBNzFvMlNxdlpjSEc5UkpnSGRneG8?oc=5,"Sun, 01 Feb 2026 08:00:00 GMT","XPeng’s Global Deliveries Fall 34% YoY in January to 20,000 Units eletric-vehicles.com",2026-06-29 18:16:24
XPeng News,"XPENG GX Popularity Jacks Up XPENG Orders To ~50,000 Vehicles In May? - CleanTechnica",https://news.google.com/rss/articles/CBMipwFBVV95cUxNVjF0d0h4OEFfYUROX3AzOTVvLUVseE5hTXZwYXF0T0RyQUd1TzMzUUJqSGFscE55c0w0MXN6LVAtek1pWldNZzdDaEx1ZEEzRHhaODVtOGZ6XzRhejl4WjZISXMydXhGcFJPbTlqNG5EMV8xT1hjdnNiWFk0Zjg3MHczcTlqUUhIVGpKOXA0T1dwd2RSQlFmaWFnY3QxNG92eVZMT1dwd9IBrwFBVV95cUxPUEkzaG1sdzFXS3F0QTdxRHBTR3ZpYV9oWF9PR1hVUjRNc3JYc1VMcmR3RnptUWRZNGlFX1prZFQwaTBLQm9RT2VmZ3ZDQ3dsY0d0ajJ3NXlSa3plUW01ekdJbDNidVQ3V3VPV0R0SERmZVZzcGxsREpSd3JKazRPQ3dBbDFhNWdXWmdEN1pubFppRkZpVFJFaTJUcUx1VmdTYWtrRnNvTkJxWndiVDc0?oc=5,"Tue, 26 May 2026 07:00:00 GMT","XPENG GX Popularity Jacks Up XPENG Orders To ~50,000 Vehicles In May? CleanTechnica",2026-06-29 18:16:24
XPeng News,XPeng’s Global Sales Halve in February to Lowest Since August 2024 - eletric-vehicles.com,https://news.google.com/rss/articles/CBMiowFBVV95cUxPZGc1MTFZS002bjA0S2hXcXMwU3hBOHZJWW1DQ3JiMFBPZzZEN3B2eGplSGI5dkV6X3pVYUJCTHdwLUxPTjNXLS1pQVdmR2ZCUWtTV3h3d2ZUbkk1d0g4T3RXWWxhclVfQUFTczE5enZ2UzY1R2loSEVkbGdrZ0dUVWdUVnZoVUlVS3lwR0NoLXd3cU5RUUhkNWtiLTdQaVYzb2cw?oc=5,"Sun, 01 Mar 2026 08:00:00 GMT",XPeng’s Global Sales Halve in February to Lowest Since August 2024 eletric-vehicles.com,2026-06-29 18:16:24
XPeng News,Xpeng reports April sales drop as it bets on new flagship SUV - CnEVPost,https://news.google.com/rss/articles/CBMidkFVX3lxTFBwZXVIRm52MFY4U1N4Tmd3dlRuSTQxQjZSRlJPQjdBNlE2ZmktWHc5YjNjSmJRSGZkS0tWaGhkcGlSc2o5MzFpc1FwalFhampyYmRBV09VT3NRRFpxREJkUmRqZEV2cWRZZmZILWNwWExrRzBjQkE?oc=5,"Thu, 30 Apr 2026 07:00:00 GMT",Xpeng reports April sales drop as it bets on new flagship SUV CnEVPost,2026-06-29 18:16:24
Li Auto News,Li Auto enters Macao market with first retail center - Gasgoo,https://news.google.com/rss/articles/CBMisgFBVV95cUxNVmRHV0pUUjdsOE5sckdRRUhDU1RzcjFuUFFYX2NhSnBrOC1Ya1BaUFpRZDhkTmVPbzJmbXJFQ2FNM2JSeXBVYkd2MkhxV2JIalRHN05yUU51ZmFiZVltN0J5NFhPRVExNHlRVk44WVBzaXNCM19RRVNLd2hoSlRnSk15ak42aDM2YW5YdHBZOEdvc0dxdWN5V2swUjByaGJ0Y1ZzeHI4Yk1qeVRhMkwyYXlR?oc=5,"Mon, 29 Jun 2026 06:53:24 GMT",Li Auto enters Macao market with first retail center Gasgoo,2026-06-29 18:16:25
Li Auto News,How to Play LI Stock as Li Auto Unveils a New L8 SUV - Yahoo Finance,https://news.google.com/rss/articles/CBMijwFBVV95cUxPUmROUzd6NkVsVElQSVBhN08zM2hfamlmRVcwS0VzeUozM1YwakFpSXlJeG1nU3EwMXJ1c3Vkcy1iQVRWUE5HM3U4TTVwcUVHSV9xanFwQXBUSjJpVTc1UFhQZUFwMUVyOWlsd1B3N245QS1NR3BpV1BwUFRRc2o0UU5Wd05xdWxDcGhXQ1NJNA?oc=5,"Thu, 25 Jun 2026 16:20:54 GMT",How to Play LI Stock as Li Auto Unveils a New L8 SUV Yahoo Finance,2026-06-29 18:16:25
Li Auto News,Li Auto enters Macau with localized EVs for cross-border drivers - CnEVPost,https://news.google.com/rss/articles/CBMiY0FVX3lxTE9VOVB0R1h0a2JSWC1UeDZWYnBoTHREQjZ6SmRjSW52bnByeUJJUmZ5cjd2cDY1cm4xX2J2bWJPVDJ2d0VnNUd1TzMwdzRacjVlc3FJRFkwOXRDWlRtMFBrRENuYw?oc=5,"Sat, 27 Jun 2026 06:50:00 GMT",Li Auto enters Macau with localized EVs for cross-border drivers CnEVPost,2026-06-29 18:16:25
Li Auto News,"Li Auto Launches All-New Li L8, Deliveries to Begin This Week - Quiver Quantitative",https://news.google.com/rss/articles/CBMinAFBVV95cUxNRGExNnNCYnFSN3labkU4Yzdad3JrQjhsbjN3b2doT1JJRjQ2ZVFqWUJCOVBGcDdOM2VKRWxCZ2NOTEtEZ2ZTVUVRT3Z3dUhlSGJ5RF9WR2o0OHQ4VlNUb242VkM1RVFfMzlqU0ZxckZIcVZZOEh1d2U0WG9CN0U1UU9GaEZkak1VcGNhQWl2UzN1QjhkRUdCVFJDeVU?oc=5,"Tue, 23 Jun 2026 22:10:00 GMT","Li Auto Launches All-New Li L8, Deliveries to Begin This Week Quiver Quantitative",2026-06-29 18:16:25
Li Auto News,"Li Auto Inc. Launches the All-New Li L8, a Five-Seat Flagship SUV - The Malone Telegram",https://news.google.com/rss/articles/CBMiiAJBVV95cUxNZTZiX0wzVk5CcXAyZGtvMzVFM0M5eExwTUlIYXNhVlh0eXd5UHA1QWpIeVBmUUo3QXBiaW9zTTdvNnhYN3NVUjFKMXpoRWhiMGZxMElNNGJ5MmFYcVMzRnVpNGp4b1JJMjA2NUNxaUhTMS0zeE5keXN1SU5laWhZVkFkek1FQV9MYV9UQWdXRl96ZXlXODNTbm5YaDEzMm1yUG9WcHVJQ2x2SkxxQjduN2tpV3lDT0I3WHYyWFRSTHEzazhxUnRLakIwZTdHM1FrYlBuR2s2RTFPUHlMV0g2YWJldXVUZ2E5VTVtNUFRWUVYVmNHSUxsRHNieDJia3BjSnlkR2hhV0Y?oc=5,"Tue, 23 Jun 2026 22:00:00 GMT","Li Auto Inc. Launches the All-New Li L8, a Five-Seat Flagship SUV The Malone Telegram",2026-06-29 18:16:25
Li Auto News,Li Auto’s New L8 Puts In-House Batteries at Center of EV Strategy - Caixin Global,https://news.google.com/rss/articles/CBMiuwFBVV95cUxNaUtCWHA3amM5cmUySFNfY3ZSM0R4cFQ3eG1vN1c2R0toeE9ZMkJidGNfQ3p2Wm9VRG4wQkhJT2NrMUxkTFljWUVOUlJERk5UTWlpM0R1TFV4RFVneTVjSkpBTzlVcFZJcWNubjd5SERoZ2JNRXlNcU9waEQySC1GMWJGenFfWHFPRnFIT0Z0RFRTc3ZFSTZqdkowUjZSX0RtR2czM1Z0dFd5VXU3X0dNbXItaFNkNDNiVDhN?oc=5,"Thu, 25 Jun 2026 16:44:00 GMT",Li Auto’s New L8 Puts In-House Batteries at Center of EV Strategy Caixin Global,2026-06-29 18:16:25
Li Auto News,How to Play LI Stock as Li Auto Unveils a New L8 SUV - Barchart.com,https://news.google.com/rss/articles/CBMinAFBVV95cUxNT2dMbXRBVWpiQlAyWlRuY3gzaUR5UFdpcDJWaTNyZ2llWGtqNnQtT0FCU1NkOC1PUlYtZGlLVEo3eGxkb0xScUd4QjNvLXJaR0JQV2NvU2xtb1Bvc09XVmNSbVowaU1XUGhWNVd5eFVBVHFwaUVyVDFuMEU0cGZMN1JaTklHM0h0dUxnUDMydnBLVFUzTXA3YmdGVzQ?oc=5,"Thu, 25 Jun 2026 16:20:54 GMT",How to Play LI Stock as Li Auto Unveils a New L8 SUV Barchart.com,2026-06-29 18:16:25
Li Auto News,Li Auto enters Macau ahead of Mega RHD launch in Q4 - CarNewsChina.com,https://news.google.com/rss/articles/CBMikgFBVV95cUxPcGVRanJ1ZzVJNnAyMUQzRktTNEZ1NGhITElaWktnbFRlVVE1T1ZVaXhYOXJ6R1VLSjdiVVRhSVZKTDZzMV9vUnZiU3V4ckg2NjBIVGJyQVV5SmpXRFVpQkJzamVnTm92cVdmb0ZMUHZFUkZ2aWl3Qms2QlI4cmtsM2dFQXhYaXFYYk1FNW16SERrUQ?oc=5,"Sun, 28 Jun 2026 05:07:00 GMT",Li Auto enters Macau ahead of Mega RHD launch in Q4 CarNewsChina.com,2026-06-29 18:16:25
Li Auto News,"China’s Li Auto to enter Europe with i6 EV, targeting Audi, BMW and Mercedes - Automotive News",https://news.google.com/rss/articles/CBMif0FVX3lxTE04dk9BN0tESV9tMDRua015VTRuVHpYUHQyeHF5N05MY3djcllRLU9taVJlNjJuLVJuVVBPMHJpVFVRSktaMlJpUFNXbFdYWE1aY2l4aEJYZl9PR1ZHOWZJeEJQSWVKTFNmdThWRld4VTB5NW1wVURLaGtFSWdCRGs?oc=5,"Fri, 19 Jun 2026 07:00:00 GMT","China’s Li Auto to enter Europe with i6 EV, targeting Audi, BMW and Mercedes Automotive News",2026-06-29 18:16:25
Li Auto News,"Li Auto (LI) Launches The New Li L8, Is The Stock Still Trading At A Discount? - simplywall.st",https://news.google.com/rss/articles/CBMixgFBVV95cUxPOE1SYV9LQzZDWXlhZldCSmJUTXU1NXBfOFlycU5BSmNLRlJKTzZEZDNDQ1duUHF0OU1jYTNYUTlkeGVsZlJyb2JZdldFX0h0U3RHbE5CdTE0YlJTTnJPekdoSWxzNldSYXFpRTQtZ1NyT0lYd1ZvcE1SaDd0N1hXQ2piVUtjMVBwYTNVdjgwSEgwLTNUak5kSkZJYkg1ZDVZOFU1QVdyV01Hcl8xcjhFUDZIMkEyMnBhbEREcGNHRkI1Y2VEWnfSAcsBQVVfeXFMTkdXUXlZQ0dEaTdJRDVvdHJQWVJSbW9PMjB4Q0JLa0hwVG5WN0RDWTI4Znk0MTlCWHBQaDdCcDBIR2lITi1qa2cwZ1lnVWtuSkRGRm1MQmpSbkxBX0l0cFF2Qk9pZVppeHlBX0NYYXFaczdJNk9zdEROTU5WMW5Qc19ERXdKbm82TXhRaDZnWjVDSjVlZnNjbE9CTWJsZzhoTHpXOHhVQlQ3Rkp6emk1U3ZwaHNYX0xRR3dlaGJ1QjAtbkNaTWpvbGdvWFU?oc=5,"Sat, 27 Jun 2026 15:25:24 GMT","Li Auto (LI) Launches The New Li L8, Is The Stock Still Trading At A Discount? simplywall.st",2026-06-29 18:16:25
Li Auto News,Li Auto launches revamped L8 flagship SUV (LI:NASDAQ) - Seeking Alpha,https://news.google.com/rss/articles/CBMihgFBVV95cUxNT05NOVkzZVZfYXF5ZUJId2FaYzNuTFYyVTlDVmd6bmZsS2oxVHJEYlE5QVdyLXl0V1lwVDIzS1JvUEtITVF0QVV5WHpLT0FzNUltWk9uWE05U3NST2lMR1R2d2pVQTlablFkdFg0TWFUSzdDWEpxSl9rRU5maURlYTVIOUNEZw?oc=5,"Wed, 24 Jun 2026 11:08:34 GMT",Li Auto launches revamped L8 flagship SUV (LI:NASDAQ) Seeking Alpha,2026-06-29 18:16:25
Li Auto News,"Li Xiang with $9 Billion in Hand Awaits Li Auto's ""iPhone Moment"" - 36Kr",https://news.google.com/rss/articles/CBMiU0FVX3lxTE83OTNyRlVPWGdQT3Y2YVV1YTU4amJ5TVhuS2tCNXhGYjlGTGZKR0Vmd3N1QVJ3WWFQLTh0Zm1kY1prcTFILU14eUV3YzQtUWVBTm1J?oc=5,"Wed, 24 Jun 2026 05:33:04 GMT","Li Xiang with $9 Billion in Hand Awaits Li Auto's ""iPhone Moment"" 36Kr",2026-06-29 18:16:25
Li Auto News,"Li Auto’s European Expansion to Include the Netherlands, Job Posting Shows - eletric-vehicles.com",https://news.google.com/rss/articles/CBMiqAFBVV95cUxPUWpQOHAtTjNZYWwxRzBtVTJXRU5HRGNvZDdKVDNEUDRId3Z4azd1MnB0S21ianptUlFoNHdmd1FwZjhFel82d05XUURFNWNwR2NlVEVMQ3QtdDAteGtZY0tSQWhZeEk4S2dLaFN6VDVORkxUY3FpY01SYjMwb2xOTy0tdlZRRlYycG5yWDItci0wRlJzSnd6cGVSV21KTi1neHFRbDNmNS0?oc=5,"Tue, 09 Jun 2026 07:00:00 GMT","Li Auto’s European Expansion to Include the Netherlands, Job Posting Shows eletric-vehicles.com",2026-06-29 18:16:25
Li Auto News,Li Auto Deliveries Hold Steady in April as L9 Livis Launch - Electric Cars Report,https://news.google.com/rss/articles/CBMinwFBVV95cUxPQ1ZXZmM4SS01c2tmeURTcGY0STlmX09GT29LM1hhM2F6QnE5YlpmblZTN2d5a2g0M2JkUWN2eTFoOFRIbUN4S3FQT2s2RDY1WEkyYmZRWm00Rl85TVhYUEphRDhnM21XaXIyeXJyODBTdlo1eEZjR1hiZG5JSlAwaVBUeVdrSXQ5eDZPMnVqSlZSZWJia2oyS19rZm9xUTQ?oc=5,"Fri, 01 May 2026 07:00:00 GMT",Li Auto Deliveries Hold Steady in April as L9 Livis Launch Electric Cars Report,2026-06-29 18:16:25
Li Auto News,NIO & Li Auto Diverge in Chinese EV Price War - CleanTechnica,https://news.google.com/rss/articles/CBMiiAFBVV95cUxPN281U1dLeWtaUF9UNHhRR3Q4LXNFX1NyY2p5cnNfMElrOTBZdUduN015UE4tR3hXd19aLW9neUxtT0dzWHUzTU1NVGJXZkdOM1lWaVZwaTFTTFlkcDJkOU9tMnpqWlhEUlFuQlFCNzJjSWRCZHF0RTRFd1NiTXdnWS15NEdmMFRD0gGQAUFVX3lxTE9rSGxpOUxoT1hhVFR4UTFNUkJzNnBPSG0zZ0oxZmZhRFB4M3hkdTkzNUo3bmx6VVFZbElkdWlFN2F1NFFiM2RTQnZTSWdtM1RlMmV4OUtDYzFoOFNBcXg0ZTJJS1dFczBGa3BOdWhIZGJ3ZnRrWllfTU9IYkd5OHRYZkRHbmNMYlkwa2JRcjZRNQ?oc=5,"Thu, 21 May 2026 07:00:00 GMT",NIO & Li Auto Diverge in Chinese EV Price War CleanTechnica,2026-06-29 18:16:25
Li Auto News,"Li Auto (LI) Announces Delivery of 33,350 Vehicles in May - Yahoo Finance",https://news.google.com/rss/articles/CBMimgFBVV95cUxPaDhPeFVwNm03TFFocXNyT1RjUlhsQmJRMF81MnVsQW40TDNpczllMWV2cUFMSV9YSk5qOTU5bThYbXI1WU5jZVlQUDg5dHlLRzVfdHYzbkJTWVN6X0RwcV9QUFZERTltOEY5M2E1Z3BDMVZJc09qc2FlTVEybkJoVFNXdVFobERmSTY4MVZ3NklYdXJ5ejRDUG9R?oc=5,"Tue, 09 Jun 2026 07:00:00 GMT","Li Auto (LI) Announces Delivery of 33,350 Vehicles in May Yahoo Finance",2026-06-29 18:16:25
Li Auto News,Li Auto to Enter Middle East and Asia Pacific in Second Major Expansion Wave - eletric-vehicles.com,https://news.google.com/rss/articles/CBMirgFBVV95cUxQR1BfUWc5dTAzMjdscjZEUUxBdmpMZ2dxZmVLWjBSNlhwbzJlSndjU2lid3NDSkx5M0hOeURHV0dQZlp6c0FFN1hST2N1Q21WMHFtMUJYaEZHM0tQVTllcGJSenVRdUVRVDFHM2hFUUlhSUR0ZERscGcxLV9mUV9WWk9ZUVFrY3F3UXJiR0l6UFVZbGp1R3k0OEQyaHlEdjdHV1F3U0VObHM3S3Rva3c?oc=5,"Sun, 26 Apr 2026 07:00:00 GMT",Li Auto to Enter Middle East and Asia Pacific in Second Major Expansion Wave eletric-vehicles.com,2026-06-29 18:16:25
Li Auto News,"Li Auto Inc. Reports 33,350 Vehicle Deliveries in May 2026, Launches All-New Li L9 - Quiver Quantitative",https://news.google.com/rss/articles/CBMiuwFBVV95cUxNbWNKRGRkNGtpZlltcXBFWmdUUXpyMEFYU0stRUZPVkpubU5wWkJydkN6Vk9DTFd6YVRwcnNySzZJTVBUbGc2dmNnS2toMzF6ZW5BMFBsVmt5Z0FtWXVob0ppejd5ZEVpMC00Z1NlUnB0NWFNbEJ3V0pzUHg2Z1NrM3o0S0J0Q0VpZE9aenZPYWpQbGsxY0hSRFoxWWVZUTBNdnExQVBTRTJiVndUZmVYeHVxZ2Z2QjdRVmN3?oc=5,"Mon, 01 Jun 2026 07:00:00 GMT","Li Auto Inc. Reports 33,350 Vehicle Deliveries in May 2026, Launches All-New Li L9 Quiver Quantitative",2026-06-29 18:16:25
Li Auto News,Li Auto's May deliveries fall 18% as it pins hopes on new 5-seat flagship SUV to revive sales - CnEVPost,https://news.google.com/rss/articles/CBMibEFVX3lxTE9yTm9meXFWVTFGbjZFNDJ3ckZQTFlhemRFTm9KUC1vZGRyMUZQbE95VVdHbU5kQXdZOThmdmFvMFl0bHhRdkxoMEtyR3Z6QktSUVhzSVRxVGR4VFcwTlp5TVBZRnVTV2RIdlJUcg?oc=5,"Mon, 01 Jun 2026 07:00:00 GMT",Li Auto's May deliveries fall 18% as it pins hopes on new 5-seat flagship SUV to revive sales CnEVPost,2026-06-29 18:16:25
Li Auto News,"Li Auto Inc. Reports 34,085 Vehicle Deliveries in April 2026, Cumulative Total Reaches 1,669,442 - Quiver Quantitative",https://news.google.com/rss/articles/CBMi0wFBVV95cUxOWEJVODNhVXBnR3hvdC1seUU0c3Z0NTg3T0ljU3gzeThaTGpiQUlzR0hhNUh2VWYyalI0Z1VkVG1RTWhycGZmVnRYR0lhVHhHenkxNmxnMFNsQlRiNmVKNzItQzh6UE53OHk3Z1NlWnV1cUJvUktuS2o3TEFYTkFhUXU2MTFsNE9pNlRoM2hWS05CSlpwRnZwUnZuWUpvV1BDVUYwSmlvWW5OTEZ0TVM1SVZpTHJtZDNUcE1WRXhKVVVkMUhKdzN3eGhWTTUteHhaS1Vr?oc=5,"Fri, 01 May 2026 07:00:00 GMT","Li Auto Inc. Reports 34,085 Vehicle Deliveries in April 2026, Cumulative Total Reaches 1,669,442 Quiver Quantitative",2026-06-29 18:16:25
Li Auto News,"Li Auto Deliveries Fall 18% in May, Breaking Two-Month Rebound - eletric-vehicles.com",https://news.google.com/rss/articles/CBMimAFBVV95cUxNTnY0dmVUUnkxVkxkdEJmcnRNLTVSbm1oUXhKa1NYODNVWnIyaE9KN3ZoMXdkWUhvTnVqWTZTSEF6ajIzb1hJN3JqczF6MkxFZEt2MTUtWWNfSjFEWE5hWnI0N3p4Z2xTVjJpUFdtbF9JOFh0aUdGaUV2UnVMc0J3TE1TdWxJcG9LMDBuejJpVGREWWlUOHAzbA?oc=5,"Mon, 01 Jun 2026 07:00:00 GMT","Li Auto Deliveries Fall 18% in May, Breaking Two-Month Rebound eletric-vehicles.com",2026-06-29 18:16:25
Li Auto News,"ICE car sales continue to plummet in China, the top 16 cars are now electric - Electrek",https://news.google.com/rss/articles/CBMipAFBVV95cUxPNTgya2JtdzNhMmZnTDdCWXIxWTBjaUFyakZpbnNrSHV6NG1rd3NvYy1CbW5Bc1JVTjd4by1idVNIUUZ6M1BTYkhqOGp2d2xmMnJEeEQ5Z2lQTDdIck9sQ0RoWFZwLXBtTWpVSUEyMFIyWjFRbW40YlRsNUgwN0dpX0dSR2I4RkNnWDFFRnBROUdqN3h0ZFI3LVlxV1AxXzVjeFFYUQ?oc=5,"Tue, 09 Jun 2026 07:00:00 GMT","ICE car sales continue to plummet in China, the top 16 cars are now electric Electrek",2026-06-29 18:16:25
Li Auto News,"Nio, Li Auto Top JD Power’s Inaugural China Purchase Experience Ranking - eletric-vehicles.com",https://news.google.com/rss/articles/CBMipgFBVV95cUxQcjZaRDNpLW9rZTgxbDdTVWEtSEEtb1BzVEdEZ3NnY0NlMU9nZUNGODBVOEtqbHVYZ0Z4UnlhR3ZFaHFyal80RmlfQmdRQ1pnLWNIdC1hQ0lvVE4yYmFEUVBZQkhfYVlFRkNGTHgxWGpfSDdNQ2oyd2ItNmdrVXRxdmhKOVZfMFBBWTRVMlBpWHRPMDA3SDRDU05hUklRbk1XeVZ2YzZn?oc=5,"Thu, 18 Jun 2026 07:00:00 GMT","Nio, Li Auto Top JD Power’s Inaugural China Purchase Experience Ranking eletric-vehicles.com",2026-06-29 18:16:25
Li Auto News,Li Auto unveils new advanced cockpit platform - Just Auto,https://news.google.com/rss/articles/CBMigwFBVV95cUxQWGhHbW05YWZCdEphTDRXRC1ISVRYSllyNk83dW10QXhQUk5DUFJETXFZWUJYemxUOURlNXRrVlhZMHZlay05VXlpV21hd194eHB6cFNQclZleUtTcmdBdVA4VnZicWdNY0k2S1MtYko5NlI3MzNVQUFPbnJUcjhveVZMdw?oc=5,"Wed, 17 Jun 2026 09:42:19 GMT",Li Auto unveils new advanced cockpit platform Just Auto,2026-06-29 18:16:25
Li Auto News,Li Auto's new automotive chip and what it says about China's EV market - digitimes,https://news.google.com/rss/articles/CBMilgFBVV95cUxNd0c4U2dhaFRqRHFBVHIxS1VNLUdrT2VaQ2NUNmV1RXBFSmlvaGJUTVlXcnlxVnVhX1lyU19zY0daenU1cUtwNU0yYTFsSEF4SEF5eDhSVTlJZmlVSERRcjJiVU83OWlTTVlyWDNScmFhTVlRVmFHTlJIdVFHamdzLUFvb252LU9OUFZpM1RidXhsY3JxR1E?oc=5,"Wed, 17 Jun 2026 07:00:00 GMT",Li Auto's new automotive chip and what it says about China's EV market digitimes,2026-06-29 18:16:25
Li Auto News,Li Auto May deliveries breakdown: Li i6 electric SUV accounts for over 60% share - CnEVPost,https://news.google.com/rss/articles/CBMiekFVX3lxTE1UVkZab2J4S2FzckhLN0EyWlRad0VQbFA2Y01ORklIQmY0SWxhV09FeXhYNDlJcHc2RmxTMVJ3WEdDTVlpUWF0SXR4Wm9lTjFNd1hrTUppNlVIRWs5R1lBZW9KT1N3MkhrRWdHcHctdlFfWVA1NVhpN3V3?oc=5,"Tue, 09 Jun 2026 07:00:00 GMT",Li Auto May deliveries breakdown: Li i6 electric SUV accounts for over 60% share CnEVPost,2026-06-29 18:16:25
Li Auto News,"Li Auto Suffers Loss as Hybrid Sales Slow, Margins Shrink - WSJ",https://news.google.com/rss/articles/CBMipgFBVV95cUxOMGlSMnY4SHVMV0N1Y3FDczRGTnZuNjZLa1NTQjI1bWVvN3ltdmNwNDlScDhiOTVMS3VkZUFzSG50Zzl0TjEta3NJYkhtM1MwNkx0Zk1xWjlCcG1SaXhheHhCTXBvcWpOeGZ0bzNvR3J5MWctUFhKNHRjU0lfZjR2Y3RFMVVPaktreG9zbFdPVHhkLW91cFJPMHBPX3BfdjI5S2lnUmpR?oc=5,"Thu, 28 May 2026 07:00:00 GMT","Li Auto Suffers Loss as Hybrid Sales Slow, Margins Shrink WSJ",2026-06-29 18:16:25
Li Auto News,"Li Auto Shares Plunge Despite New Model Launch, EU Expansion Push - eletric-vehicles.com",https://news.google.com/rss/articles/CBMingFBVV95cUxNN3U2WUNVQm4xbmlOSDY5Mlk2dmpfOTdlTEVsbDBxZ2VLMl9uWEphS0dnbnNJYzcxYWttZnJfV1dmWnpCbjRhX1ZFY0EzcmdzelRwVEpSNngzMlhFeUtTRXp4MHhTd29hM3hRTkRqb3RLUmNvZGtia2JDSExUVjFuekdOb1M2djBEamR6VEhKSW50aDZ5Q3Y0TldHZER6Zw?oc=5,"Mon, 18 May 2026 07:00:00 GMT","Li Auto Shares Plunge Despite New Model Launch, EU Expansion Push eletric-vehicles.com",2026-06-29 18:16:25
Li Auto News,"Xiaomi gets approval to build extended-range EVs, plans full-size SUV to rival Li Auto - Electrek",https://news.google.com/rss/articles/CBMilgFBVV95cUxNTkJTM3Y5VV9WLWx3cWpEVlQzTS1vWTZJamNlZ2JBZXlVOU1lbm1rRjk3TGJ6Q1NucExjaHBqSVVuV05ZUWM2TlZWYkNURC1PV1l3Z1hxbmtFTjl6d05MWGZRY096Y0FseHdyV1hWWWxXN1NXUWZMNDQ5SmdxNzVYakZlQVlzaU0zYVZqSHl6NGNQQzhTVEE?oc=5,"Thu, 11 Jun 2026 07:00:00 GMT","Xiaomi gets approval to build extended-range EVs, plans full-size SUV to rival Li Auto Electrek",2026-06-29 18:16:25
Li Auto News,"Li Auto launches 2026 L8 EREV with 5C battery and EMB in China, starting from 52,900 USD - CarNewsChina.com",https://news.google.com/rss/articles/CBMiwAFBVV95cUxNbHdlQVRnZmNyTmlKUTJLMThlbUxraDFnQ0YzdmRmRHY1cXNOQnZlOTc4cVlUcjZIRzMyR2NWbHdtVEtjTjJYR0VpREp6bzhqNFpySFVmazgycmpIOG9QQzRhdExURFFmeGdIcm9FbkNTREJyTkxXdTl4aDBMSHZrYWcwMDB1TnE2Tmo3bUFrRUJwaVpBQkV2dmliajdfaDZhUU1WdTJnWEMyS01vazBPSVFIRjVFcHVZLW5NR3hrUWE?oc=5,"Wed, 24 Jun 2026 01:40:00 GMT","Li Auto launches 2026 L8 EREV with 5C battery and EMB in China, starting from 52,900 USD CarNewsChina.com",2026-06-29 18:16:25
Li Auto News,China’s Li Auto Picks Benelux as First European Launch Market - eletric-vehicles.com,https://news.google.com/rss/articles/CBMimAFBVV95cUxPWmxZdFZLemNzV2FQTkowdjBhY0VFSjhsWHNsdTJHSlY4TEhfMkU0bmVabW5PODV5U3hKMTQ4OE9zV0pXREt3MzZvMTNZaWVWbXp6MXVxVUxFeXAyb3kyZkpnbFhFWThQZVZnWDZHU1BhRHRDeFgwSEFqOGJMTXVyRnpkS0JKZnFucmQtcW42VTBwT3BCN2p5cw?oc=5,"Wed, 13 May 2026 07:00:00 GMT",China’s Li Auto Picks Benelux as First European Launch Market eletric-vehicles.com,2026-06-29 18:16:25
Li Auto News,Li Auto leads retreat in Chinese EV stocks as price cuts raise profit concerns - South China Morning Post,https://news.google.com/rss/articles/CBMi2AFBVV95cUxQaXFHWmlxamFsdHpidTc3TVFJUi0yM1gySmhROXU2dy1ZRmFBVTNJZzBTVG1MRnB5VFhNcEZJeWRySGljN3VvSkEydjkwdmg5XzBqYjNwQ3JFaUVHcF9sN09OdXhaamhJTkpyOVBXLXNlalhvLVBYQmFPZUhOaVFMenIxUTFWTmZBMXNNcGpTUlBPTWwyRk9Qcml3cUlKMVhRLWVzUzBGalZnTEM2SUFwX1Y5YVEteGZ1YnR4YmJVbjJNUHJSWkJyZkhwSkUxZHVhMFU4c0ZqcELSAdgBQVVfeXFMTnRJMlRlRDNza2pzMUs2dHdYek5GYnR3RUJrQTdDQmRxbHUtQ1JXOFJHcVVhZjgxZl9MV1ZZeWdXU1hyMTZlVzBNU25KZFotZ3VlVTNlaFZjR0M0OVRWVGFTNDdIbGlGTTFaZGJhUVNJUGxoYTVKUm8wRUFnOWtkQnNBWHktanF1ZXVPUEdGTVA3QUcwb09QMnNsYnBCeDVpSFV6alUxblBOZi0tTU0tdVhBNUZHUlBmZkNTcjkwRDNiMnRzMGN5cENubzdGcWVJM1huaF9rUm5B?oc=5,"Mon, 18 May 2026 07:00:00 GMT",Li Auto leads retreat in Chinese EV stocks as price cuts raise profit concerns South China Morning Post,2026-06-29 18:16:25
Li Auto News,"Li Auto, quietly - Gasgoo",https://news.google.com/rss/articles/CBMigwFBVV95cUxNaWtiUThLZmV0b203Z2IwUGQzdHNrOWd6LVlsYWU2dm1CcHNyb3g5azIta2lqb3JaOElEM3c3anhITVlPYjBibUFldmpfQWdhWFM2Yk14Y29keFRkZ1BqQ3hTYkVUOGl2cTR4Zi1YdW1GQlBoeWNvMHhrSHY2dU9RN2pTZw?oc=5,"Fri, 12 Jun 2026 07:00:00 GMT","Li Auto, quietly Gasgoo",2026-06-29 18:16:25
Li Auto News,Li Auto May deliveries fall 18% Y/Y (LI:NASDAQ) - Seeking Alpha,https://news.google.com/rss/articles/CBMie0FVX3lxTE5aWWtKUVlRSzJqMVY1V1hvaHViYlZ6dlV6cEtQd3JoVmNSVUxGX3ptS1FkSTNpM01ZdVBoVEdrWVlhVDlseXUtU0Faa3pmbmZVYmtEVFJkOVdYTmxjTmczVHVZd2R0cGtLancwdXZoNnE1SjV1TGViNzczQQ?oc=5,"Mon, 01 Jun 2026 07:00:00 GMT",Li Auto May deliveries fall 18% Y/Y (LI:NASDAQ) Seeking Alpha,2026-06-29 18:16:25
Li Auto News,Li Auto Stock Falls After the Chinese EV Maker Posts Mixed Earnings - Barron's,https://news.google.com/rss/articles/CBMiekFVX3lxTE5YNHVURkR4SUYtdlc2RmdlVTZ2eW1JZU1QY19ESE1GcE1lbTBwWk1Ga1hNaXhvRDlBNllqTDhpSVgwVGhkdjdDYVNoV29KbWhTT3ROLVR3UGwtLXN4SGRyNVVyLUtReXZibi1PRTNObDNGYlFtWW5JSlRR?oc=5,"Thu, 12 Mar 2026 07:00:00 GMT",Li Auto Stock Falls After the Chinese EV Maker Posts Mixed Earnings Barron's,2026-06-29 18:16:25
Li Auto News,Li Auto to Make European Debut Later This Year with i6 SUV - eletric-vehicles.com,https://news.google.com/rss/articles/CBMilgFBVV95cUxQblJzenhZNDJqNHNESlo2YUlEcEswR2dhNWxlNnZlcGRMQ2x1Ykp3bGFUcDRmZkNWd0hSTFN5WW9LRFp5ZDMtcGtjSVVnU2RlNFBfSVU1SFZBSUV4aFhJdzcwdUVoVzFmRWtrZEVKLW1KQzZqNmFRbGRaRXhkLXpWdjNJSmczV3lWeEVQdURENWpoNllIREE?oc=5,"Thu, 28 May 2026 07:00:00 GMT",Li Auto to Make European Debut Later This Year with i6 SUV eletric-vehicles.com,2026-06-29 18:16:25
Li Auto News,Onvo Chief Cites ‘Unpleasant Memories’ With Li Auto as Rivalry Reignites - eletric-vehicles.com,https://news.google.com/rss/articles/CBMirgFBVV95cUxOU3BkckZkMmVUSkx3ZmZpaFhzNnNtdkxKUm9CNnI3Nmw0VE52SEt3TVJzN2hTVEgtclBmMWlaanh1S0JFSGtDSWk5eEdVOVJLM1F2YUJlbnRjNkR6SG9zaGk1MF9nZlYwa2lpQThPSzlJNXlHaHAwTkVvNE9YalUxTGdpdEJiVEZEOEJOWmNvWTA2WHJwQnpleUZ1S3VxdGhmYXYzbDU5YjV1NjRRUVE?oc=5,"Mon, 18 May 2026 07:00:00 GMT",Onvo Chief Cites ‘Unpleasant Memories’ With Li Auto as Rivalry Reignites eletric-vehicles.com,2026-06-29 18:16:25
Li Auto News,Li Auto Inc. May 2026 Delivery Update - Investing News Network,https://news.google.com/rss/articles/CBMicEFVX3lxTFBZYnZ3VFFNSGpjbTloOFplcjdYbVJld00zWEgxdEN1X245eXpyTUU2MkZ3U1ltT25KS09WVHlVOGpYLW9uU1hrUkZYMk5YWmZFUE9wNXo2cTZmVmFQNHFsbllXSWVtb3c1VXZ4MmFwdGg?oc=5,"Sun, 31 May 2026 07:00:00 GMT",Li Auto Inc. May 2026 Delivery Update Investing News Network,2026-06-29 18:16:25
Li Auto News,Why Li Auto doesn't make sedans: CEO explains - CnEVPost,https://news.google.com/rss/articles/CBMiggFBVV95cUxOdTdjOHdmS3Zyc0M2T3RxelpTRnhrQ1lDSGg3cDkxZTdDX2NOVFZ3eW5iUHRnSkxXT2xWLW9WMzR4OFV3VHBlbGVvNUliYTRLdDRlMnVYNTlKc2t1d09leFdUazlwdTdUcERubVllRk5qOGFlZGdXUW56dU1aREtxYUtB?oc=5,"Wed, 06 May 2026 07:00:00 GMT",Why Li Auto doesn't make sedans: CEO explains CnEVPost,2026-06-29 18:16:25
Li Auto News,"Li Auto's luster fades with record quarterly loss, raising export stakes - Nikkei Asia",https://news.google.com/rss/articles/CBMizwFBVV95cUxONnV2eUJIeS04SFQtZVNySlRCTTBBWUZCSXdZUEtva2dXcjFwbzlIaEtRU0pWUHZZVlBBQmNDX29vdEdFWmpWZkdlb2ZHWk93azlyWWJXcGVWVlR6RUxnLV9ySzd3U1dDQ19ZWXZZOU51SjlPSlJYUnNWTkg5SkMzRnJRZWZkVlFraDdxUG9ZeEpkbXJXNGJ2SkE0VEZUTzFJeW54WWlVR01TczFWTGctaGg2MGZEb3FIOGo3OWZDczU3OTV3aUxPTEh2Wk16SWM?oc=5,"Fri, 29 May 2026 07:00:00 GMT","Li Auto's luster fades with record quarterly loss, raising export stakes Nikkei Asia",2026-06-29 18:16:25
Li Auto News,Li Auto to Hold Software and AI-Focused Event on June 15 - eletric-vehicles.com,https://news.google.com/rss/articles/CBMikwFBVV95cUxNSGRSblZveExyNG1DcTQ0NE9USXNuVzNicTd3UFB4eVRQcFMtczhKUzBwLTBwdVY2TGZELXVRSTItX3o3Yk1hZmNxeGNkWnM4RnZOSlBsM2tQNXByNGl5VWZqdWNMNFR3R1hEWVJna2hOUTEwMFAySWZJcExlWGlrTkU4aE02QVdYanZnYkdhdjQ2YWM?oc=5,"Mon, 08 Jun 2026 07:00:00 GMT",Li Auto to Hold Software and AI-Focused Event on June 15 eletric-vehicles.com,2026-06-29 18:16:25
Li Auto News,"Analysts see upgraded Li L8 averaging 5,000 units in monthly sales - CnEVPost",https://news.google.com/rss/articles/CBMijgFBVV95cUxNZGNzTmdPVUJlalRfRVBKWEV6dDFPOTFXbmh5cGRPWWdJam1IZ0tiOHB0QlQ3cjRQSDF0WENBT2tKS2ZNWE5ZMjdINXhES2QxdlhPUTVZbE9ZaG9hSHoyMXVMOHYzSU4xSVhQSF9ORmFDalhzcFljOW55bmphUnBLQVVITEt2RWRzSHBjUFhn?oc=5,"Wed, 24 Jun 2026 07:00:27 GMT","Analysts see upgraded Li L8 averaging 5,000 units in monthly sales CnEVPost",2026-06-29 18:16:25
Li Auto News,"Li Auto (NASDAQ: LI) reports 33,350 May deliveries and launches new Li L9 - Stock Titan",https://news.google.com/rss/articles/CBMiqAFBVV95cUxQMEIwNzNCQ3dtZHA0cF9JeWtmWkoyU3NjbDRYQjlkNG5tS2UwLTlXS3pQZDZINnN3RmViUTFESTlxZ1oyZndXUXItbXF4OGdhd3BpMzF5bF95S09OWEcya1lCT2ZrVHBCRDhMdWtzR1NhLURhamtiMmdQZExSYXI3Yl84S3BERWRSTldNX2FMSTBPNHZVU29kWVBEVmtraWNRS2dORWZDR1Y?oc=5,"Mon, 01 Jun 2026 07:00:00 GMT","Li Auto (NASDAQ: LI) reports 33,350 May deliveries and launches new Li L9 Stock Titan",2026-06-29 18:16:25
Li Auto News,Nio Challenges Li Auto to Verify ES9 Chassis Test as Rivalry Escalates - eletric-vehicles.com,https://news.google.com/rss/articles/CBMipgFBVV95cUxQbTY2M2I4VUdUTHBjZWJKRXp2c1lBUW5iaEFoRFVXbGYyd3RFYlBiNGNKRU5NTzNVLUZXT0p1Vi12QmVYMkNldHZiQWxZaERfaWRpN0tqRURtT3BJTmF0RE43djBxMnh4bFdtQjJTOE1sa1Jmci1oWkRHRW9aQU5ORTJ2QjBvR0NvN3pZbTFqZ1FMV0wzcmtuV0RpZ1I5WFEyOHppTFlR?oc=5,"Fri, 05 Jun 2026 07:00:00 GMT",Nio Challenges Li Auto to Verify ES9 Chassis Test as Rivalry Escalates eletric-vehicles.com,2026-06-29 18:16:25
Li Auto News,Li Auto April deliveries breakdown: Li i6 electric SUV contributes over 60% - CnEVPost,https://news.google.com/rss/articles/CBMiekFVX3lxTE5KYW5TckllWUd6TVhsOXpEamJTMDBYZ3RESUJxMUVOWmZWUndEdXNFVmhnSUZ6amZ2a1FwR3dnQ2xNMmpvS1FhZUpOWkhvNDVuUjkza2kwbDRFbkVyUmxWeVBValBuSU9jOVhVeWVJU3pFaHVIN2ljVmFn?oc=5,"Mon, 11 May 2026 07:00:00 GMT",Li Auto April deliveries breakdown: Li i6 electric SUV contributes over 60% CnEVPost,2026-06-29 18:16:25
Li Auto News,"Li Auto launches revamped L8 SUV with in-house chip, 430-km battery range - CnEVPost",https://news.google.com/rss/articles/CBMic0FVX3lxTE9EVk1IT05vWkdDUnBLMVhxODlXYUNhZEcyUk9sRmh2VHZLNTdqSGl5U3RCbFdzMExnM194MjkyVENjOGFUYkxQR1o5UnM1LUt4QnZWTEM1SmJ4RlNHSmxkNXdLSWd1Mm13RFRhSk0wNXoxLXM?oc=5,"Tue, 23 Jun 2026 14:29:07 GMT","Li Auto launches revamped L8 SUV with in-house chip, 430-km battery range CnEVPost",2026-06-29 18:16:25
Li Auto News,China unveils new blueprint that could reshape global EV and AI standards - South China Morning Post,https://news.google.com/rss/articles/CBMi2gFBVV95cUxOOTBFZU9hdjVJWFlET2U5djczclV3RHpqM0NNMVlpWDZxMVFGNzNVN3lYME01QXJGUnVIdnRGR19nY01GZVRsMmY3aWtOVHNUc2x1YXNKS01ZSHVici1Najdfb3VlNGpVYjYxVUwxZ0ZNa0MzVkJaTG51U3VLT0hRTHJCRmpxa282Z1YzQloyZW8wUnJnN0FpNGZWMDlNSmRZZkUxcThuWnYwUHBVZzlMaFZQN0dITGl2TkVfZFY1dXN4MlNBYkNJOWQ0dlRhYVRHbllUakttMWlHQdIB2gFBVV95cUxNUnBQRVpxdF9zYkpQMzhTX2Y3NWVaeDUwUzlUYk03QXZEbkdyU0RFSGVkVk5qOTlhaFoyRXVhNWcxalM5UzJzOU5kV0xmUUdWd00tS3FZZnV4MDhibndYZ0psUHdQUk5IYW1NTHZUNmYwRV9Wc2E5Rmd1TDdhYWE1UFBEYXJLem5BVHh0VWo1cjZkbzJSMkRhaC1DR20wdkNoTGpobk9MbDVGZTdOc1U0bVF3MzZobkpDd0txZVF3Q0RLS3R6d3p6T0l5UEJsZERMWEhJRnhrMmltdw?oc=5,"Wed, 27 May 2026 07:00:00 GMT",China unveils new blueprint that could reshape global EV and AI standards South China Morning Post,2026-06-29 18:16:25
Li Auto News,Li and XPeng Both Miss Earnings Estimates. One Chinese EV Maker’s Stock Is Rising. - Barron's,https://news.google.com/rss/articles/CBMiigFBVV95cUxQY0dsdDNBLUw5ajRJZFRIOVdOVzdoQVBNLXFYY0hQTk1BNnNMMFRZT3FsZklqQnNRa19Zblc3N1FlVDhyai1JbFBGcGp5YzQzU1NTd2FRNVZ6YWR6UG0zN1hOU212XzcwRFhFZ29iakZsdm45MkZRQndLMWdMSFFNSElYbUxrMmhhMlE?oc=5,"Thu, 28 May 2026 11:04:00 GMT",Li and XPeng Both Miss Earnings Estimates. One Chinese EV Maker’s Stock Is Rising. Barron's,2026-06-29 18:16:25
Li Auto News,Li Auto CEO says healthy gross margin is core goal to weather competition - CnEVPost,https://news.google.com/rss/articles/CBMikwFBVV95cUxOSkZibS1PWGIySHlYN0ZyWmZvdWVpbEw3ZGV2S3o2NHFzaUJwMVU0VUtvaG5ZN0ZEU2VHcF8wV2ttNmd5ZzNqVGowZEh6bXZfX1lBM3ZvQUYyZzFmNEZsRTdINC1rcUZuR1JMODZXaVJLNmpnWHZ1WkY0SHNYakF4NzV4Rkx0bnludWRhbUswb3A2LWs?oc=5,"Fri, 12 Jun 2026 11:04:03 GMT",Li Auto CEO says healthy gross margin is core goal to weather competition CnEVPost,2026-06-29 18:16:25
Li Auto News,"Li Auto Inc. Launches the All-New Li L9, Pioneering Embodied AI in Mobility - Scott Coop",https://news.google.com/rss/articles/CBMi2gFBVV95cUxNUVdWZktTR08zd1pncFI1SDE4ZmZXVWRBNThVeFFid0k4ZmtmREJGd1RFdmhnRENlODlfaDZwTVdOdWM4VHRGeldDem1rRlJJeVZta01TM3JoTWE4ejNWRkhEZjJkRUcwbWo4WjdlUEtmLWhicUZSMUJRNnR5aE5POEFvbWh2NEg3cXdnNHRUV2pibFJzNzJ4eEJ3WVdGUDRhX2psZ1JLUTZkTVpTZE1zTmFtQnY3bXJBSjAxcEh1dlIwZjBhSVVhT2tLMm1YeENaZWxCM2RFSktGdw?oc=5,"Fri, 15 May 2026 07:00:00 GMT","Li Auto Inc. Launches the All-New Li L9, Pioneering Embodied AI in Mobility Scott Coop",2026-06-29 18:16:25
Li Auto News,A Look At Li Auto (NasdaqGS:LI) Valuation After Weaker May Deliveries And Rising EV Price Competition - simplywall.st,https://news.google.com/rss/articles/CBMixgFBVV95cUxNM2kyaFFnSTFGU1k5SEJaMGFEVlBISUhZV0JpUHBwZXJUSXUwY3lqLUhhVXJrczRkZzNGdFYtQXRNbl9sNlRvNFh5aE5VeXljT2dnRUd5SDJPcWZOTnU1WnVzc3ZiRDljWWJ1TlhiMnB2TWRIMm1BYUY5QWd3ZG5PUmdHQUYtVlFrdVZTbnhjUzhuajhkM1VUelFuakQ0TkF5Q0FJbWRJV2dTaHJjZ3JJUm9DX3JWeElEN2dLTFUteWw1VVJwVGfSAcsBQVVfeXFMT1ZBSFB2WGJFZVRnWERaZGx2dEhtQU54b1lCMkpYdkJCRU5MWnd0X0luZDJjNXNhcVRqWWtXYzBrVW9BbmJlcE53UmltZ0hzWUNvRVpUSzZTRkhSSnhnZHZHbnUwd2NSVE9ubkIyY2ltMkkyU0dURnkySmxuTEhVMzlRN3FUdDlDR25XQ1ZLNldLdm03MmNXNVpvMXprNDZXOXBoenFqMXdYV0dzNFIzOWVjbHdHVGc0YlFrVllwaFdqTXdCZl9MTEtadnM?oc=5,"Wed, 10 Jun 2026 07:00:00 GMT",A Look At Li Auto (NasdaqGS:LI) Valuation After Weaker May Deliveries And Rising EV Price Competition simplywall.st,2026-06-29 18:16:25
Li Auto News,Li Auto Launches All-New L9 Flagship EREV SUV - The EV Report,https://news.google.com/rss/articles/CBMieEFVX3lxTE45QnVtQTM5bkdteENoY2ZzSURmSjg5VjF1b3RnQ0MzSWp5aUdZZEhFX2FYTUIwQXd6aDZxT3dnNk5nV2l5VmZLckZHTTl3NmJxTzlScmg0YmJUYzFxWTJleHVINFQ0MWsyY2czRjZ2YThTdndScENrWA?oc=5,"Fri, 15 May 2026 07:00:00 GMT",Li Auto Launches All-New L9 Flagship EREV SUV The EV Report,2026-06-29 18:16:25
Li Auto News,Li Auto: Too Cheap To Make Sense (NASDAQ:LI) - Seeking Alpha,https://news.google.com/rss/articles/CBMifEFVX3lxTE5VZGZ5U0F2VWxzc3NneHh2Um5uY1dYN2RqWXNUY0dIaUJrUWdiN1VGNUVvNnUyTmZBazNSUHQzVGdybThwWTRjcVc0SktYZzFDVDB3Qm5iT0N0cWxkcS15eEVIZkhBOGFJb25mbjllSDNqX1U5UXRUNmVEVXE?oc=5,"Thu, 12 Mar 2026 07:00:00 GMT",Li Auto: Too Cheap To Make Sense (NASDAQ:LI) Seeking Alpha,2026-06-29 18:16:25
Li Auto News,"Li Auto aims to deliver 550,000 cars in 2026, with increased focus on EREV models, report says - CnEVPost",https://news.google.com/rss/articles/CBMijgFBVV95cUxQT1VCVzdzVjdPNTNTaEdIR2x3QkhURXE0XzZPQ0o4RlhVWVJuQU1uTHFwMGtLV0lYYzNDRENDUVdWdWpkVHVQWk9mNi1zYWhBVW9tSmV1ZjFUVE1xdFNnYjh4UTE5M3pkZW16NmJWWWVTTDdJb2Nnd1ptRkFRYXZmaC1TTlBwc2JBcXpadmNn?oc=5,"Tue, 20 Jan 2026 08:00:00 GMT","Li Auto aims to deliver 550,000 cars in 2026, with increased focus on EREV models, report says CnEVPost",2026-06-29 18:16:25
Li Auto News,Li Auto plans to launch i9 flagship electric SUV in H2 - CnEVPost,https://news.google.com/rss/articles/CBMigAFBVV95cUxOVjRQZWdyTXNzeGZ5V2ZuZWpVaXZwVFB6Z1NZLTVab3NjVC1ZMFNIck1EUld1MFZVVU9DV1RpZHZZTU4wSGtvNWhqaTJ0UjF4d00ycGRYVjFNNWZ3cDlpZnB0eWs4d1BfNzZ5dTh5cUMxOEc2eHJRNExqUkswYWQ1Zg?oc=5,"Thu, 12 Mar 2026 07:00:00 GMT",Li Auto plans to launch i9 flagship electric SUV in H2 CnEVPost,2026-06-29 18:16:25
Li Auto News,"Li Auto delivered 406,343 plug-ins in 2025, down 18.81% year-on-year - Electric Cars Report",https://news.google.com/rss/articles/CBMiqAFBVV95cUxPRXNBWjhndHNsNmdWdzc3TTREZG1LYUtIMlJqdndHdzZHMTJTaFZnNUpKQnVhTDV2SGdvUC1WVzVXLW9GMmRoYlQwaThKWmJjNkd3T1JVM1JDOGN0cHZLT1VhZXZWbjVJRXRXRWZfQ2NYU3ZXamtJdjFORmZuVi00eTdmczMxSmlFZUZwRDNJYnczc1ZZS1huSUFla2c4aXhHSWNza0pIUjk?oc=5,"Thu, 01 Jan 2026 08:00:00 GMT","Li Auto delivered 406,343 plug-ins in 2025, down 18.81% year-on-year Electric Cars Report",2026-06-29 18:16:25
Li Auto News,China Is Backing EV Stocks Again. Does That Make Li Auto a Buy for 2026? - Yahoo Finance,https://news.google.com/rss/articles/CBMigAFBVV95cUxQa0x5TVBJOHNDaWRzYXVRVlBlZFpLRU1LbVVucFRfcjRVRDZaT0VVQmVMa01KRWwxT056MkJDUHNkMHpoTEstNllJNy1Ld01mT1RYc0xNc21PSlp5T0tlYnVsRXdEYnBSNW9IZ1JDV3NkWDBzR2M0ZjBuMk8tSERhbA?oc=5,"Fri, 02 Jan 2026 08:00:00 GMT",China Is Backing EV Stocks Again. Does That Make Li Auto a Buy for 2026? Yahoo Finance,2026-06-29 18:16:25
Li Auto News,"NIO, Li Auto's Shares Rise Before New Model Releases - marketscreener.com",https://news.google.com/rss/articles/CBMipwFBVV95cUxOT1FNQmYtMG1mcHV0bTBiWGZjM3ZWcndFc3BGMm9iRTBnU3YtNl9MdHJwUnZDOFpTNFZlZENlRG1RdWJUMVNuRXRmMmxJZjhRSnFBZWNzODFzdFlPMlBLRmc0RlliSXhMcHV2UFJMMldEbzlYaTZRMGZfV1RSdVVOMjhkQjZGR2V2ZWdDS0loenVDa3hUa2RDTWg2WlVpVFY3M3JJUjVXTQ?oc=5,"Thu, 14 May 2026 07:00:00 GMT","NIO, Li Auto's Shares Rise Before New Model Releases marketscreener.com",2026-06-29 18:16:25
Li Auto News,"Xpeng, Li Auto given approval to test ‘hands-off’ L3 cars amid slowing market - South China Morning Post",https://news.google.com/rss/articles/CBMi0wFBVV95cUxOTDlfR2RveUljVzVKejlld24zY1JPZjlpWlhLLUpBNDJzN294Qk9rczcwMllsak5HX0d1aHlOMW10cnN0c3p2ejVlZGpMRlBtMmZ3M1ViN1FFcy1MMjhfcW1rUlZjN2pacDBVXzNiVVJ2NlNjSEptYjRfb25LTFE3dGoyLVdRb3JxTHh4TzI3R0s4QlNvbXlrUlJtY2llQjR3LVUxQTRVUkplWjRlRmI1SVZjNjZaTnJOM0RDNzZiMWhVR3hDSGVyMEJQekgwTHJBZDZj0gHTAUFVX3lxTE95clFycUM5aHBKQmV5NUx2MnV6M0g2SHhLN19fMnBUUU1EU2M0eUJJUDg3RmFOYlNyVWRHWko5dmZYUmt0cDRNeko5eTdzR3VJVGJjWlFCdmZ1T0VuQ0hhZ19iQlVYN29LQmtLSk5BODhtSXZmYXRXUHNYeE5qQmJrRHdPSlNrdmhlakRRQk9LMXJWTTN2blNEM2d2Y09GVjJaVV90cWhmQkRZT2czNVRrY0JVdUxsOGoxUTZoc0NfVWNaRG5yeWVNeEJGV3ZoZmE0SFE?oc=5,"Tue, 16 Dec 2025 08:00:00 GMT","Xpeng, Li Auto given approval to test ‘hands-off’ L3 cars amid slowing market South China Morning Post",2026-06-29 18:16:25
Li Auto News,"Li Auto (LI) Reports March Deliveries of 41,053 Vehicles - Yahoo Finance",https://news.google.com/rss/articles/CBMikwFBVV95cUxPUHFpVFNnU0tpVTJQeHRzQ3E3RmhvTnRIM01kODREaWFlblVDZ1BXMWRpbFktbWJVelYyM3BCZi1tOHluc21jYWQ1SVFOWTdwbXlxZ19aZXMtWnp2TDZxZmQyejlCbFJoMklZbDdidGRrTmV6SWhmbFlNZFZLdzRuRnVZSXJCVGU0TXk1R09iNmlaSVk?oc=5,"Thu, 16 Apr 2026 07:00:00 GMT","Li Auto (LI) Reports March Deliveries of 41,053 Vehicles Yahoo Finance",2026-06-29 18:16:25
Li Auto News,The Mapless Revolution and How Li Auto’s MindVLA and NVIDIA’s AI Infrastructure Just Rendered Traditional Autonomous Driving Obsolete - Torque News,https://news.google.com/rss/articles/CBMitwFBVV95cUxPN2otNWZtRi1kUktpR0hteFd0Z1QwTFFBWnZ2bVkzSlFXZk9lTWplYnJhYUFsS0NSRld5SUVxLXBmVHBxNVJ1aVA2RFNPNWNpbDNQQl8wNVdEbkZBVFROTmdEQTZsaXJ0LUIzMUxOcDBiellRZXRVcFVLa2xKdlFPd1R5c3ZiYmd4clNGWWd6NjBFQm1JNG9fQ0NVV1B0RDFMMlZVWW81MmVNdUxGSVRrVkJIU3ptUUE?oc=5,"Fri, 03 Apr 2026 07:00:00 GMT",The Mapless Revolution and How Li Auto’s MindVLA and NVIDIA’s AI Infrastructure Just Rendered Traditional Autonomous Driving Obsolete Torque News,2026-06-29 18:16:25
Li Auto News,What's Going On With Li Auto Stock Friday? - Li Auto (NASDAQ:LI) - Benzinga,https://news.google.com/rss/articles/CBMiwgFBVV95cUxPMDNmV2M3RlFXY0dHWTZGN3o3clJWRlZuckxYVGFueTRZb2tRM3VhMzhHUkpPYURobmEyMDRPSHE0cXpEQlNzeUtOYlZjVG9kWWwwSGFaWC1VbHB5TFhQdE9jaUZoM2RSMUVlRFlZQU5pV3pUT3FjWTlRMXFKVE9oeWNINldmNWZwNkNqem1wd2tOLWwxODlQT19oOU1xd1NRcEtJY1g0U242dmhoclRrSzBVek5hTWdGdHVIcGNWdTlqQQ?oc=5,"Fri, 01 May 2026 07:00:00 GMT",What's Going On With Li Auto Stock Friday? - Li Auto (NASDAQ:LI) Benzinga,2026-06-29 18:16:25
Li Auto News,[Gasgoo Express] China's auto exports expected to exceed 10 million units this year; Li Xiang says Li Auto will not actively lay off staff - Gasgoo,https://news.google.com/rss/articles/CBMiogJBVV95cUxQdHl3NEFvSGZzdVl2UVVFeFlXYlI5MHFMTFFXbnQ1NDQ2WVVFQXdlUkUyaHJHY0NvU05sd1lxZm5HR05iRUN5X2hzMC1DNGhnSzhrRmZRYTZwaTBZdnVKUlM5V0VqVVBJQVhCYXdPNnRhdzRsWnF0RTdRb0c4eTF4X2xVWTN6bU5ZMGlfdk5XbjZWcnNiQWdoR09qUDZrcmtzbENKY3d0aUZZZWFsWlRiUFpZSF9BLUhUN2V3YV9vWHZRUUNmNWtBTDJwTlhyTWZJV2tCQUxjWjAtU0ZQU0NTTTNoX1dpbXFjeFNyWERpdVhLa2o2SGNzU2lDSFpsMTlMMWI0czk1bFZKU20xYy1kYVFHZ1p4WWR4QnMxQUNXOE02Zw?oc=5,"Thu, 14 May 2026 07:00:00 GMT",[Gasgoo Express] China's auto exports expected to exceed 10 million units this year; Li Xiang says Li Auto will not actively lay off staff Gasgoo,2026-06-29 18:16:25
Li Auto News,"Li Auto Inc. Launches Li i8, a Six-Seat Battery Electric Family SUV - Li Auto Inc.",https://news.google.com/rss/articles/CBMivwFBVV95cUxOWWU5MjVXV2NEclp5dnU0Snc5LW1Fb2ZyVGFRclYyYTFzaXIxLVY1dnZqd3pIMUctRlQxWG1xYmZnYmEyQ3hnQml0MUp6MVZOMUljUVZYN1ZveVY1UlpzNlphVmtmRTVuZVFTdzltUWIxaGpSMTVYbHlPcTA1bHl0V01CTXRBTEFZY3JuV3pOdXltZnQzM3lVVEZaQ0g1Vy1rSGR4ZkMwWGN3VGNaZWg1U0NSRGE4VDlVMF96cW5UWQ?oc=5,"Tue, 29 Jul 2025 07:00:00 GMT","Li Auto Inc. Launches Li i8, a Six-Seat Battery Electric Family SUV Li Auto Inc.",2026-06-29 18:16:25
Li Auto News,"Li Auto Inc. to Report First Quarter 2026 Financial Results on May 28, 2026 - Investing News Network",https://news.google.com/rss/articles/CBMiogFBVV95cUxPWUs4TkVYUi1oREhSbVhWc0hNeTZ6WmN0Y3NiMkhUMTdxT3U1UVlRZjJjNlMxbFNqWXA2SVhqNGZjOEJfTzF6TG14REpxeUwyMXRiRlBNbXVac3lOZzgzN2xYQ2Z4ZWRXejFkdFEzUi1CbHF5bDVBX2dQNGtTQ0dEMndwb0V1N0t4TnExUVR2eXlJb0lXWTRMN3VRRU1ObE1CREE?oc=5,"Thu, 28 May 2026 07:00:00 GMT","Li Auto Inc. to Report First Quarter 2026 Financial Results on May 28, 2026 Investing News Network",2026-06-29 18:16:25
Li Auto News,"Li Auto Delivers 33,000 New Vehicles in May, Down 18% Year-on-Year - Gasgoo",https://news.google.com/rss/articles/CBMiwAFBVV95cUxOcEtfZnhfNVRwZkFlQkFJbUtWR09MX1RFYzdiUzVwYTZfcmQ5SlJGM1VFWTg3dmdkZXhVOV9zY3dFdmhmcGtYbFZFclJ5WE9qbFRaM2hnSmlQZkVmVWFrYTZJcFdhUnF5dWtabnFHa1FqMmFJNlJBaXB4SDhzaDZnYVNXMllhclFhX0JYM2Z4Z3plS2FmV2thcFVlSkRyTFllNVduQy1FU3liS0hPUl9BM1ZJb283QnE4cTRiU21tNGM?oc=5,"Tue, 02 Jun 2026 07:00:00 GMT","Li Auto Delivers 33,000 New Vehicles in May, Down 18% Year-on-Year Gasgoo",2026-06-29 18:16:25
Li Auto News,Chinese EV Shares Slump in Hong Kong: Li Auto Drops 14% After Price Cut - News and Statistics - IndexBox,https://news.google.com/rss/articles/CBMikgFBVV95cUxNTURycmEyckxNdnRKbHppMks1Mkpza3pFZmgtZGhpWkJ3UW1nekI2MmVsZWNKX0IyMlpLR3EyVWU2QjBVR3F6WGJvcmRHNDN2NHFBdmV4Slp6RmFvUzJTOXFjN1VQV2s3QlQ1emllN1dyWlNCUWdqOWVfSDBENGxGWGxwWnRCRE4wSF9lTTJuc3RlUQ?oc=5,"Mon, 18 May 2026 07:00:00 GMT",Chinese EV Shares Slump in Hong Kong: Li Auto Drops 14% After Price Cut - News and Statistics IndexBox,2026-06-29 18:16:25
Li Auto News,Li Auto Joins the CCCEU Ahead of European Expansion - eletric-vehicles.com,https://news.google.com/rss/articles/CBMijAFBVV95cUxNbnVlcEdwWGlpeDlaUkhUdmN5TDJWRmR1cGZxbFFjUUJ6bHNPa3R3dVFNNDZMU2s1cEV5MHNIWjBFeXRSd001RlRCVjlsRjNXSjZVTnhoa1ozOWhJSHRTQ0hlQnRmeEwxRDJIbU5BS1FlSDA4YW9wbTRZNFBmcmdaZERySjNLUkhXdHRLbw?oc=5,"Tue, 24 Feb 2026 08:00:00 GMT",Li Auto Joins the CCCEU Ahead of European Expansion eletric-vehicles.com,2026-06-29 18:16:25
Li Auto News,"Li Auto's new L9 draws over 10,000 orders in two weeks - Stock Titan",https://news.google.com/rss/articles/CBMiigFBVV95cUxPU1hNbjN5UVRRY3ZYQjk0UVB1WHRQbnRzYlRaOGxvQklZeno2aFI1bmx2UEJMbkxHc05hNEdfZXphVWxYV0dZc2RrYlpQZTg3U3hIV01YbXVPSzJhd1NIblpVYVJ4bFdVUjhXZVUtSWNIeE8tZW5nNTlWYTQybE5sSnR6dGZPZXNXN1E?oc=5,"Mon, 01 Jun 2026 07:00:00 GMT","Li Auto's new L9 draws over 10,000 orders in two weeks Stock Titan",2026-06-29 18:16:25
Li Auto News,Li Auto Inc. March 2026 Delivery Update - Investing News Network,https://news.google.com/rss/articles/CBMic0FVX3lxTE5BeHFpNHRmbDZMbURRcllBZVU0OU9YUERjS3hsQ0JzSWNKWGlyOExGU1BuZ0hPZTNuRk9BRHliYjUzenBXRXdRNVNIR3l5V1BVUmlFUEtSdDltTjVDYTJDTjNtRWcybnN0NTk5U3VrS0JaNlk?oc=5,"Tue, 31 Mar 2026 07:00:00 GMT",Li Auto Inc. March 2026 Delivery Update Investing News Network,2026-06-29 18:16:25
Li Auto News,Li Auto: Margin Plunge (Rating Downgrade) (NASDAQ:LI) - Seeking Alpha,https://news.google.com/rss/articles/CBMihgFBVV95cUxPVHlkV252ekJnM0w3LVhteExVcTMtQTc1V1p3aEdKZVBPeUhZY0M4WHE4NXlKZGlSUHZhWmpRSWtESFpQZTJEcTNfblFvbWZKY3pzSUFhLXFjRTZBblNVMGtsV3hka2g3WHkyX3N6QXEyRUZSZzBPZFNyUnFLbUNLbzV6TTFpQQ?oc=5,"Sun, 31 May 2026 07:00:00 GMT",Li Auto: Margin Plunge (Rating Downgrade) (NASDAQ:LI) Seeking Alpha,2026-06-29 18:16:25
Li Auto News,"Li Auto Launches L9 Livis With 1,650 km Combined Range, Same-Day Deliveries - eletric-vehicles.com",https://news.google.com/rss/articles/CBMiqgFBVV95cUxPUFVsWmUxQkxoTHYzcXltTkdwRzFuaUU3SjZwMlRfTENaY19GTElEWHdoWFBIQjFCU3AwTGZMbW1UTXgwWXlpMEtWWUJiWThfa2M5b0MtTVVxeTBmNUZNc2xWRDFfODRPcDlRakZSVXR1X3BDOGsyVzhWczdid0lhc0NSTVVwOXAwZXQwX2g1WTMtbXNGbHJzVUtFMktEQUZzYUdGSk8wUGhXdw?oc=5,"Fri, 15 May 2026 07:00:00 GMT","Li Auto Launches L9 Livis With 1,650 km Combined Range, Same-Day Deliveries eletric-vehicles.com",2026-06-29 18:16:25
Li Auto News,Li Auto Shorts Climb to Record as EV Competition Intensifies - Bloomberg.com,https://news.google.com/rss/articles/CBMisAFBVV95cUxQV2ZDdFQ3a1dwY2E0aGNZVkoxcTFYZnNCbUhFczBsdW9CdmJ1R1paQlJSdUJaNmdGT3VKYXFlaUh3SzdpbnVqRFRwN0ZFTktqSFR6NnNjdEp2SE10NGk0RXhHZy1zMU9QclVhMnhDMkhHNUM1T0JiVHh4NjBGOC1LLU5UeFY4aGtZV0hReE1RLV83X0tVcUI2dmFJZUxaR2FRRm1HYjltUC1PMXgxZWFtZA?oc=5,"Thu, 22 Jan 2026 08:00:00 GMT",Li Auto Shorts Climb to Record as EV Competition Intensifies Bloomberg.com,2026-06-29 18:16:25
Li Auto News,Two Chinese Electric Car Manufacturers Clash over the Future of EREV - VOI.id,https://news.google.com/rss/articles/CBMiR0FVX3lxTE1HbTdYenVGeFg2SmVCNnZob05uQXBwTFg2VFpiaWsxT1J4ZFlhZ1pVbmd4V1VJMHdoTV9IaGZSQnlRTDRaSkR30gFCQVVfeXFMTXdnZ2xvYi1neWc4QUtISEdrUFhOeG9NU01PUmNjaTNFU3phMmxMNTdRRXM0NlE4VmRsM1R0QWV1UGlR?oc=5,"Sun, 21 Jun 2026 22:39:05 GMT",Two Chinese Electric Car Manufacturers Clash over the Future of EREV VOI.id,2026-06-29 18:16:25
Li Auto News,Li Auto launches the all-new Li L8 flagship SUV with deliveries starting this week. - Pluang,https://news.google.com/rss/articles/CBMihgFBVV95cUxONXpVQ1QtbG80WmlQYkpGSG9pNTJ4YWRNbjJsVnlOQnpaVl8tc0NFWEN2ZF80MDV3LUNiZ1hDby16eTlETjVKVS12RWZJQ3J1NDhYemlXTEhoT0NlU1RvQlVETFBkNnVHS0NDdFlOZTVKdTRySkgtUElnbll1UFJYZ1ZkdUpWZw?oc=5,"Tue, 23 Jun 2026 07:00:00 GMT",Li Auto launches the all-new Li L8 flagship SUV with deliveries starting this week. Pluang,2026-06-29 18:16:25
Li Auto News,"China EV exports jump 40% to 278,081 units as shipments to Brazil skyrocket 221% - Seeking Alpha",https://news.google.com/rss/articles/CBMitgFBVV95cUxPMXhQTUtIV0tTQ1ZqUkFCaHZ5ZV81cy1SeENva2U5UFNfSjJYVTNTSV9HZDFNUUo2RDI0WU1iZV9BOGJnM1NFSmlIbDlBVFhlbGJQc0dZbUh4d2UycnNKcml5eHgtTHQ1TmhNbEtQY09Eamo2Q1lNczhfTGdydEtrSXNEOS1KRUxWZzJWTDRlMDZ3aUQxSEFQdHJKN0VjRjV3T19fV1hsS0UzdHltcVZTd0RjS1BBdw?oc=5,"Tue, 26 May 2026 07:00:00 GMT","China EV exports jump 40% to 278,081 units as shipments to Brazil skyrocket 221% Seeking Alpha",2026-06-29 18:16:25
Li Auto News,Li Auto signs new distribution deals in the Middle East - Just Auto,https://news.google.com/rss/articles/CBMikAFBVV95cUxOaHRvODFXcW5XTDFVTDdoZ29NdGhBR28tNG1LYXFadkpLYVIxbFdja0tieHVBVmRvRk95aTdldUZfc0R2TnV6RG4xUkR0dmVnOUFkeVU4UUtndGFtR2lNaUpRdE1ZV0cxVFBOVlJKb0lVSDYxYTFEYTJHX28wb0tBT2tJdEtCOGpXb2xNTkVBUmc?oc=5,"Wed, 29 Apr 2026 07:00:00 GMT",Li Auto signs new distribution deals in the Middle East Just Auto,2026-06-29 18:16:25
Li Auto News,Li Auto Inc. Files Its Annual Report on Form 20-F - Investing News Network,https://news.google.com/rss/articles/CBMigAFBVV95cUxOdW9MREdib2tPVDBBMHVRLV94SUZVRjMtV2haakw0RzVPcm9VME80SlJyaF9WLWFKQ1ZfMFliOXRNMVFQNzJ6cmRuUEV6dk1Fb2ptZnRiQnBWYXRZTXhNb2ktMTVNNjVBWElrQkdnNGJLZi1HRG14aGJHY01nVkNjLQ?oc=5,"Fri, 10 Apr 2026 07:00:00 GMT",Li Auto Inc. Files Its Annual Report on Form 20-F Investing News Network,2026-06-29 18:16:25
Li Auto News,"Li Auto Aims to Sell 550,000 Vehicles in 2026: Report - eletric-vehicles.com",https://news.google.com/rss/articles/CBMijAFBVV95cUxPV1VpclpBUG5HVVltNElOWkJpRlhMclE0eDNVeGpUbzJVVXQ1bXlzUTg3TlNsLVc3OW9zbG9yTHdKM2FLX05yYTdBM0lzSUJhd1VRc2xpRWJ4WFRabUdUNWZTOVE0eVpDS29BUDBPeXZfak1VMVJHeVFrZlQxcE1LbjEzOHltSlhpUEdiMg?oc=5,"Wed, 21 Jan 2026 08:00:00 GMT","Li Auto Aims to Sell 550,000 Vehicles in 2026: Report eletric-vehicles.com",2026-06-29 18:16:25
Li Auto News,Li Auto unveils in-house developed M100 chip to power new L9 Livis - CnEVPost,https://news.google.com/rss/articles/CBMidkFVX3lxTE03cXJfNVFzQ0Z1SDJ5VUc2OUo2YjJDNFR1X1RRaVA2b1FiMGZtRmxWaHc3QzJvZW1oeHlFUWlGTzY3bDhDX056djdQQ3c4N1NxZXJRNXVQbHlpaWtKMEJEbjVVemJzME5sTmU3YW1fTThNSE5VaEE?oc=5,"Tue, 12 May 2026 07:00:00 GMT",Li Auto unveils in-house developed M100 chip to power new L9 Livis CnEVPost,2026-06-29 18:16:25
Li Auto News,"NIO, XPeng & Li Auto Post Delivery Results for February - Yahoo Finance",https://news.google.com/rss/articles/CBMid0FVX3lxTE56Q2lNWHJObGw2bUFyTE1ncEg5emZwdnR2YTQwUHFDNnpqVXNFcHJ3bGcxeWRCSDJwM2oyREFjd1NHU3FfVHVGdE1VU01jT0dHemdLYk5NUFEzTmtaeEQ2UVluSFZoMGtyOE5KY2FKMnlaUjRWLXBB?oc=5,"Tue, 03 Mar 2026 08:00:00 GMT","NIO, XPeng & Li Auto Post Delivery Results for February Yahoo Finance",2026-06-29 18:16:25
Li Auto News,Li Auto Inc. to Report Q1 2026 Financial Results on May 28 | LI Stock News - Quiver Quantitative,https://news.google.com/rss/articles/CBMilgFBVV95cUxNelZnNE1EUTlSMzlNZGNMUTBPa1JMVGV3Yms5aVBOY1V6eTFSQ1kxYkNuMjNVUHYwWWVhMDNvZUVGV3BlXzVkSXp0QklkLTRiU3pXNVpFZTBjVG9CelBOUHluZ2VzNk1qdWYySmd2WjNKdHJqMUJUdk9HaExDcUR0cGhEQjNJclhfM0t1ZS1YbDlFUkRfeFE?oc=5,"Tue, 12 May 2026 07:00:00 GMT",Li Auto Inc. to Report Q1 2026 Financial Results on May 28 | LI Stock News Quiver Quantitative,2026-06-29 18:16:25
Li Auto News,Li Auto Stock Rises as Deliveries Fall - Barron's,https://news.google.com/rss/articles/CBMihgFBVV95cUxPOE5rNWxiM3NMbmNzNlVmTzM5MEFZeGJncVVjMWQxeFdHcDNjUEN3QUpzYkpfT0IwMm1OZjcxd29ZdFRlc2hINGVDazFvU2NMRVhFdmQxTjJFOVFEOFAxTTJwLTlKY0pHc2xRUm5hU2RqcV9LRGw0Vy1VZDdMWmFZaVVacVptZw?oc=5,"Fri, 02 Jan 2026 08:00:00 GMT",Li Auto Stock Rises as Deliveries Fall Barron's,2026-06-29 18:16:25
Li Auto News,Ferrari's First All-Electric Car: Collaborating with iPhone Designer but Eerily Resembling Li Auto L6? - 36Kr,https://news.google.com/rss/articles/CBMiU0FVX3lxTFA3MU5KbHhiZ3JwS1JDcEFGQ3Z6QVVDR1dDbXpqT2pUWGpoVmdQRkRURGlST05Cc0U3ZlV1ZWY5MnRBVVVyWlZoaGJGa0puZzE4d1lJ?oc=5,"Tue, 26 May 2026 07:00:00 GMT",Ferrari's First All-Electric Car: Collaborating with iPhone Designer but Eerily Resembling Li Auto L6? 36Kr,2026-06-29 18:16:25
Li Auto News,"Li Auto i6 surpasses 24,000 deliveries in March, on track to 100,000 next month - GlobalChinaEV",https://news.google.com/rss/articles/CBMiqwFBVV95cUxNTkl3RG90STBLZ0JfOEZFTXAxaG5Bd21CNHRCQUNxbHh5NUlnU3lES1JWbDFRNXZ2bVJKdllXWjY1UkNsOHc2WVZrZ0pLTWZ5V3hYUGpfbUEwR0hBa2tTM09hdkN0eF81YVRVMFBoSktWbE5ZY0FXS0w1ZlpHWDl6MW9KOV9maDFmeXVsNjZwaUlPTWJGUG9ZTGVaZ2JVQzNQeFozSEc4UlBDaFk?oc=5,"Wed, 01 Apr 2026 22:05:15 GMT","Li Auto i6 surpasses 24,000 deliveries in March, on track to 100,000 next month GlobalChinaEV",2026-06-29 18:16:25
Li Auto News,"Li Auto May deliveries fall 18% to 33,350 vehicles - Investing.com",https://news.google.com/rss/articles/CBMirwFBVV95cUxQa2Z1ejk4M3VKQWhaMS1RMDA3NUhGS19sR01TMzNIdVlhOE9vbHdQaVN6UC1FdVlERzZ2TlhKRnZRb2dWdUR1S0JETi1rcXhvRUFZYXJKM2oyNzBSVFo2c3ZhQlIxdTE3V29qRC1FazczUXlNSHZacEtpMlNWSXNaM2llMElkR3FTYU41QjNpeDBEZ3VKYkJsNWdvUGtXV3ZnT2JsZXNvbzlhYkUyV3ZV?oc=5,"Mon, 01 Jun 2026 07:00:00 GMT","Li Auto May deliveries fall 18% to 33,350 vehicles Investing.com",2026-06-29 18:16:25
Li Auto News,"NIO, XPeng & Li Auto Report December & Fourth-Quarter Delivery Results - Yahoo Finance",https://news.google.com/rss/articles/CBMiekFVX3lxTE5YeDJobE9JRXZOYmFwTUVYUFg5TXFGSzhRRHZEV1pnZlcxaHBFSldsZ3RxMlpoWU9mNVk3OEZhX2doYXFfN2VNdVZhOVo5OXJkLVJid0FxTG9teURHYUpxREFDclFDTEREb2JZZ05Cejl1TWR6cmxmeXh3?oc=5,"Fri, 02 Jan 2026 08:00:00 GMT","NIO, XPeng & Li Auto Report December & Fourth-Quarter Delivery Results Yahoo Finance",2026-06-29 18:16:25
Li Auto News,"Li Auto rolls off 80,000th i6 SUV as deliveries accelerate - CnEVPost",https://news.google.com/rss/articles/CBMic0FVX3lxTFAtVU5sZW4ta1JkV2gtbGJiTXlvdFNnTUVTRXlLMzBpdENhZmZkVnJEV2FoaEM1ZHFJbmZJS1g2bHYwVFlBM3lXZm1OeHczM3VUZ3NfRjV5dzlOQnhjYi1OX010ZTlfZjk1NmJBdnExSm9fYm8?oc=5,"Fri, 20 Mar 2026 07:00:00 GMT","Li Auto rolls off 80,000th i6 SUV as deliveries accelerate CnEVPost",2026-06-29 18:16:25
Li Auto News,"Li Auto Inc. Launches All-New Li L9, Deliveries to Begin May 17, 2026 - Quiver Quantitative",https://news.google.com/rss/articles/CBMiqgFBVV95cUxPRnZaeVdzcFNGa3U4RVNJcE5IclFOUnVUdVNtN0lLQVU0dUdQZVhnUTJja05wMUVHNmtVdThKVWJHc2JCWVNrN09CLVVRbkpGN2l1U19XSGNlQTlyUTI5R09wVjh6dVRKanFyWDQ0bXQ0Z0N0LXBmdmgxM08tYnZYeDB6akFUSXFSbVRsTTJ0anJyYmRQWGJVV3c4X25oaDhmZGxiUDFPM0RSUQ?oc=5,"Fri, 15 May 2026 07:00:00 GMT","Li Auto Inc. Launches All-New Li L9, Deliveries to Begin May 17, 2026 Quiver Quantitative",2026-06-29 18:16:25
Li Auto News,"Li Auto CEO slams unfair competition tactics, pointing finger at Nissan - CnEVPost",https://news.google.com/rss/articles/CBMiggFBVV95cUxPb2hMR3ZMLUlZdlpVcnNFdlpIOWpYTHp0azA5OHBHNmstM2daREY0X2d0RTFBU1A2eUJKZEJCUnZ1OVFOTGJkZnQ2S3dmclhSY245UnFVQUVuNWt4a3pIWS11cWluRHZfYUU3cnB1QXhwZXJYdXI5MWVuY0I5THJMb09n?oc=5,"Sat, 11 Apr 2026 07:00:00 GMT","Li Auto CEO slams unfair competition tactics, pointing finger at Nissan CnEVPost",2026-06-29 18:16:25
Li Auto News,"Li Auto Inc. to Hold Annual General Meeting on May 29, 2026 - Investing News Network",https://news.google.com/rss/articles/CBMijAFBVV95cUxNTXhTMU9wNmtPdm15eDNOUDhzX2RqUnhzV181eUlkdERLVVhZVFhaSEhDaEhyWDRIZkZfVUF5cXRRNF9JSHJhVWkzejh1by1UTkc2Sl8tdzd6ZkppVVo1T0E0UkJjV01BUmd4RVRqanpCY1FvRUpuOEZtQXNKQllaN0VTcVQ2aDhYZWVKZw?oc=5,"Fri, 29 May 2026 07:00:00 GMT","Li Auto Inc. to Hold Annual General Meeting on May 29, 2026 Investing News Network",2026-06-29 18:16:25
Li Auto News,"NIO, Li Auto, and XPeng Break Free from the Constraints of the Automotive Industry - 36Kr",https://news.google.com/rss/articles/CBMiU0FVX3lxTFBzVDBxYl9FZzlsbFk2cnh4VFRpSTJpSnJfZHZqbDlVTzBtQ3B2UjJZT2hyM2ZjQ0RaMTRFNUFKdGRUX0tFRzhnT05WTVJaTkdMcGpR?oc=5,"Mon, 15 Jun 2026 07:00:00 GMT","NIO, Li Auto, and XPeng Break Free from the Constraints of the Automotive Industry 36Kr",2026-06-29 18:16:25
Li Auto News,Li Auto Inc. Announces Completion of the Put Right Offer for Its 0.25% Convertible Senior Notes due 2028 - Scott Coop,https://news.google.com/rss/articles/CBMi_wFBVV95cUxQSnpuYjA5UlBZRjJXUnBlcWhvcjFGYkt2SUhQMEQxTk5xNnllNGJrUEstMjZoc2dmRGVmUVZQcHlIT1FRcHlxdjUxUloxVXZoRjh5WC1ubWhnMkltUHZlQUMybFNfdGdQczVSS0VZTGpxRWtTZlhFYnMwSHJYTXZnSHBreFFWWS1FY0l4TFp0alFvU09JZ2RGdEppMU83LWowOWFPSkJ3cEwyeDhUa2RSQUw1VlhKMnZuZDFHbUJLcjViUGlyRXlHQmI4SUJxejZLRVNjTFpuMS1pc20xdllPOGNocDR6cDdwLVBUcXNkY2VIaEVCSG15akgxaWtvTTQ?oc=5,"Thu, 30 Apr 2026 07:00:00 GMT",Li Auto Inc. Announces Completion of the Put Right Offer for Its 0.25% Convertible Senior Notes due 2028 Scott Coop,2026-06-29 18:16:25
Li Auto News,Li Auto (Nasdaq: LI) debuts Li L9 SUV with embodied AI tech - Stock Titan,https://news.google.com/rss/articles/CBMiqAFBVV95cUxQc0ZiUFJmVzl4Um54dGd4VkdhWERTdnBab0dSMVRKQ29hV09Bd3JBRzlBSUg1eElHckt2ajFCY2FCRG9sYUJmS3N5VnJuai1LU3dMbmRkNVJIZWxlclR3TzFwTTF2QXFHcm9FeHlwN0ppNy1Za3FJQkMwWVVHVlQxS1NMbkhIYV85MWNHRWZEYUh1eDFxLVhnbC04dWcwOUkyMDFhVC1qc2I?oc=5,"Fri, 15 May 2026 07:00:00 GMT",Li Auto (Nasdaq: LI) debuts Li L9 SUV with embodied AI tech Stock Titan,2026-06-29 18:16:25
Li Auto News,"Li Auto halts orders for multiple models ahead of lineup refresh, report says - CnEVPost",https://news.google.com/rss/articles/CBMiiwFBVV95cUxQM2xsbGY0S2xsMkFMbFpycUExbjY0MVhsVWkzT0JDU2dwQmx6U0JuQUpBald6ZnBXQWRpVXJQdjJvTTNXLXluN0RJZks2Q0M0R3hxSnJKVzBWS2NEVlNISHd3eUs3a0tuSmlURnpJcEFWd2RYMGFKMVdBNlN5QXRLTE5KbGlVVXFZLWdJ?oc=5,"Tue, 17 Mar 2026 07:00:00 GMT","Li Auto halts orders for multiple models ahead of lineup refresh, report says CnEVPost",2026-06-29 18:16:25
Xiaomi Auto News,China's EV Companies Aren't Just Making Great Cars. They're Making Money - InsideEVs,https://news.google.com/rss/articles/CBMifEFVX3lxTE9KWF8yTTBfNEdBdjk5VmFsSXQyenpzV2xKZjVNakNHbWxNUjF6MXY1VFZJb3hLQnNueXNrbGVWZncyXzBON3h4TTByUGJYMWs5M1ZVZURnN2dOUVJzMVEwTmpUV1NrOVl6NTY3ZEoxSEoxUU11ejJiSGYzaXA?oc=5,"Sun, 28 Jun 2026 10:24:14 GMT",China's EV Companies Aren't Just Making Great Cars. They're Making Money InsideEVs,2026-06-29 18:16:25
Xiaomi Auto News,Xiaomi EV completes autonomous driving lap at Nürburgring - Just Auto,https://news.google.com/rss/articles/CBMikwFBVV95cUxOMi02REZpVG5CdWdWd0JzUWxZZVBXSFR3TzB3WmRsS3Z3bDdtaFNJaml2Si1VRmI2MTF3dHk3YWI5dkhnakllLXNLNmFPYW13OVJRa1c1eXQ1QXZRUXBNU0hOUV9TeWk3SEd5bjllLUFPNzZQcEZaS2lEckp4UUMtMGpWbDJOQTdmMlV2em15c0VrMjA?oc=5,"Wed, 24 Jun 2026 11:33:53 GMT",Xiaomi EV completes autonomous driving lap at Nürburgring Just Auto,2026-06-29 18:16:25
Xiaomi Auto News,"China's Xiaomi YU7 GT SUV Makes Nürburgring History, Runs 10:29 Lap Without a Driver - Road & Track",https://news.google.com/rss/articles/CBMiogFBVV95cUxQalozTVZaQnpsVDFrdmdnR29uVnZoZ2o0OVlzV0xwbW5mZkVNd1pYa1g5MHBLc2ZOOGlHX2xyWWh2ZTJrR2FxVWhpWTBLSDRLMzNKbHNZcWVHdUF1dXM4Q2R6LWhuRXprM3ZiZ2hnOFZRZERPVGFxdXNlbjFCRW4tSjUzQ3NHcXc1dGlWWlJhN2ZldXpRWHNEOVJIS3A3WU5sSkE?oc=5,"Tue, 23 Jun 2026 15:06:00 GMT","China's Xiaomi YU7 GT SUV Makes Nürburgring History, Runs 10:29 Lap Without a Driver Road & Track",2026-06-29 18:16:25
Xiaomi Auto News,"Xiaomi EV delivers 32,759 vehicles in May as YU7 continues to slide - CnEVPost",https://news.google.com/rss/articles/CBMigAFBVV95cUxOenZYeGtudnpMU2lJNGlCTnA0b25lR3NOVXgzVFVMVHhQb3dCMHV6cDdaMjBEZ2lyS0trX0l3TWpsRWFjenFfWVZzY2tNei1YNFpyRnZKdFVIM2V2M0tVb1NUUTZWanhtLXB5T0dodGdGVVpOY21GYzI2aHljRTU3MA?oc=5,"Mon, 08 Jun 2026 07:00:00 GMT","Xiaomi EV delivers 32,759 vehicles in May as YU7 continues to slide CnEVPost",2026-06-29 18:16:25
Xiaomi Auto News,"Xiaomi Launches Robotic EV Charging Arm That Automatically Plugs In Parked Cars, Reviving A Tesla Idea Elon Musk Never Delivered - Yahoo Autos",https://news.google.com/rss/articles/CBMipAFBVV95cUxOd3NIR1o5MjFWZ2duaTRDY2FRUVd5cmYxRTA4aFV2cndBMEt4LVFiQlhRdENxdFc1N1ZMeUJOeUhYcVBleEpkQ0lWcVN4OEc0b01ocmdERUM5aWU3M0otRDFUcENOZ1FTZER3VVEya3ltWk9va1Y3T2VvVXBMOGc2QS05OXNGU3ZWUXFYaXVEQlM0WmxSTGxyOGhQblB6UHY3bnF1YQ?oc=5,"Thu, 25 Jun 2026 00:31:00 GMT","Xiaomi Launches Robotic EV Charging Arm That Automatically Plugs In Parked Cars, Reviving A Tesla Idea Elon Musk Never Delivered Yahoo Autos",2026-06-29 18:16:25
Xiaomi Auto News,"TEN 588 | Slate Confirms Price, Xiaomi Autonomous Record, Polestar BANNED In U.S. - transportevolved.com",https://news.google.com/rss/articles/CBMivgFBVV95cUxNYXE1eFZIUl9RZG9yYTQ1dTUzOENJcm5jZ05qSDQyWE9qRlZKaXJZR0I3S0hRSmxBQTktQXZSMzBPZDFxTzZTNlFkcXlkdE1kWFctWkVLZ1JlYzRYQ3NsVHBTQjNqQ05Rcl82Smt6bVNWc3JQVDJGVkFON0FsRVV5T0hvYzRCZ0JocHp5LUtfSWVXWlpBbFBqZTFYWlR0SUU4VWV2VG8zU3d2STdPdjZLQVRxd1B4X3hXMmtsZ293?oc=5,"Sat, 27 Jun 2026 14:00:00 GMT","TEN 588 | Slate Confirms Price, Xiaomi Autonomous Record, Polestar BANNED In U.S. transportevolved.com",2026-06-29 18:16:25
Xiaomi Auto News,Xiaomi EV Announces YU7 GT Sets World's First Autonomous Lap Record at Nürburgring - Gasgoo,https://news.google.com/rss/articles/CBMi2gFBVV95cUxQVXZUdHZyRTVDaVpqUWxnRTF6ZHZaYkw0UldSNzBlQVRCemhIc1lrQmVyZUJ0ZWlyZFFKQkp4ZmR4eVMwVjNKUVRnRXRjTGxrRFJjZUpNeDVRTlBGbC1jX0V4QXBqYzdyVUNoWWhxaDJocTJIZUs1TklqU2dWYVF5WHpBbHZNNFljem93bGw3eE52cUttWEs5RWpMazdHLXlCRXdnOWxwdnQxNTZVZ2VuT2RxV0kyU0JUcUVTMUxiNjB5X0ZianVXcEk0emR5dFQ3SUs3VXFreWN0Zw?oc=5,"Mon, 22 Jun 2026 13:57:49 GMT",Xiaomi EV Announces YU7 GT Sets World's First Autonomous Lap Record at Nürburgring Gasgoo,2026-06-29 18:16:25
Xiaomi Auto News,I Test Drove a Chinese EV. Now I Don’t Want to Buy American Cars Anymore. - WSJ,https://news.google.com/rss/articles/CBMihwFBVV95cUxNcUJuYUc4YXhYNU1KTk9Vb2ZoclEtMEoweHJHOUJwREVuaTN3elBQNjRBMUJOeUl0allEbk4xbUIxNzc1MmpMc2NaTUpEZFFEc0pTdGp6WmMwYkVZU3U4SmxKVENlcWVuN3AtUmY0cnloQlBBVHZPZnNIaW1adERGc1FfRS16cUk?oc=5,"Thu, 29 Jan 2026 08:00:00 GMT",I Test Drove a Chinese EV. Now I Don’t Want to Buy American Cars Anymore. WSJ,2026-06-29 18:16:25
Xiaomi Auto News,Xiaomi Launches Robotic EV Charging Arm That Automatically Plugs In Parked Cars - XIAOMI CORP by Xiaomi C - Benzinga,https://news.google.com/rss/articles/CBMijAJBVV95cUxQRHR3Q2M5UVJJbENHM3duaWxoOHFqa2ozbjc2TW5xb3ZHeDBRX0VEMWVVT3ZKWkFfdVU3NFpWb1R4RUlwY2ZtZzhLNC01LUU0dlpDd2xya20wNWZuaGJNelk3MVNzVTcwbWhHUGc4T3NPXzJhc3lmZXZ0Z0NkZmtIby1Kak5MdC0tT2ZOMFpyT2pjU2pmdU1lOGdiMHp2NlBFTmZTVnN6RVMybGg1cFJxMVZZX1d1VHpsLWFxU1NhQ05FcTE1NHRseDdielFhLTFlZFFFdXRPdkhzS1prbXM4YW1laGh6bnVMTml6WW5wSFlEdG1kTkpOZng1bUVKalZXczNHTWItd1lmaUpo?oc=5,"Tue, 23 Jun 2026 08:40:27 GMT",Xiaomi Launches Robotic EV Charging Arm That Automatically Plugs In Parked Cars - XIAOMI CORP by Xiaomi C Benzinga,2026-06-29 18:16:25
Xiaomi Auto News,Xiaomi EV sets world’s 1st official autonomous driving lap at Nürburgring - GadgetMatch,https://news.google.com/rss/articles/CBMiowFBVV95cUxQNXd6YnJfS3RhUVNES255WnVwaXBYTWhTWXVCdDR2MkRsM0ZxUlVKTXQ1VV8zZHhzT0FKMDktRVNNRWtQSk9OcjkxWXJNV1JmdGsyQ010ZkR5ZHB5bVdyTF9ob0R3VWQxenM1YmgzNVVJQk14cmNFaWZCMFUxZkJ5OGN5cGs2WThlVllkdGZmUk5DX0IwUElveklUQnBXb3V1Mlow?oc=5,"Thu, 25 Jun 2026 04:06:12 GMT",Xiaomi EV sets world’s 1st official autonomous driving lap at Nürburgring GadgetMatch,2026-06-29 18:16:25
Xiaomi Auto News,Xiaomi posts EV business loss in Q1 2026 - electrive.com,https://news.google.com/rss/articles/CBMijAFBVV95cUxOZ21iQ2hOUkFXeFRnbVR4SjgtODFfTEJxbnNiWVFzTThhNUNMOWdkY0NfVi13YVZROXNBNVRsaGh3S1Z6S2VkR2FKUHYtQTNaQU53SEJTcTR4S0xoRmVCTDVIb1A2WnA1NHZDeW5LOV9UcUVoQ2M5RGdwZUFJb1d3YjZJWFU3c2NvUDRhaA?oc=5,"Wed, 27 May 2026 07:00:00 GMT",Xiaomi posts EV business loss in Q1 2026 electrive.com,2026-06-29 18:16:25
Xiaomi Auto News,This robotic arm charges your EV so you don’t have to - Fast Company,https://news.google.com/rss/articles/CBMidkFVX3lxTE1QS1hCU0trZnAwQXVWT2dEMmtVUUx0NG9TbXZJd0ZaWUlPOTduNHdYcTdBcE9GN0ozb3dhSVFoekFFQW90S0dJZTVmS3NfY2NZSkJBM0FKeG9iVUpiN0FUTjBSSHBnUGExOGZRRS02YnpBTFIyNnc?oc=5,"Mon, 22 Jun 2026 14:37:26 GMT",This robotic arm charges your EV so you don’t have to Fast Company,2026-06-29 18:16:25
Xiaomi Auto News,Xiaomi’s New EV Just Set the First Autonomous Speed Record at Nürburgring - Robb Report,https://news.google.com/rss/articles/CBMilgFBVV95cUxOVzhneHBsU1dCVm5Ub2FjbDdDUmgxRUZFNXVMVHlvR1pvQmNKRlRFZWNadWl4YU5GQWtPZW05QmJlVzAzQ0RMYUhVZHk3Zm5GbTlIX2xjdUxQaUF1cFYwcXo5bU0xelV2b0w1VFNYaVFxUmUzVUFrQ0hnSW9pMDFyd1VtV0RMd1lqSnBXWXh0V3RpelI4eVE?oc=5,"Mon, 22 Jun 2026 17:00:00 GMT",Xiaomi’s New EV Just Set the First Autonomous Speed Record at Nürburgring Robb Report,2026-06-29 18:16:25
Xiaomi Auto News,"China's Changchun unveils auto revamp plan, seeks BYD and Xiaomi to boost EV push - Reuters",https://news.google.com/rss/articles/CBMi1AFBVV95cUxQVDZYWmFUeHY0RWRvVFZ6dlpsWTN6cjdzVVg4VzI1SDlfQWhMajRmNWowQXBvZ1VLd1VsWlBkVXc0Z2k1a01CUElhbUZhWTh4ZWtuY05YYW50cnE4REtxaTh2ZUViV29LUFJqRktIQ1JZakJJQjNmVUpfVm10dmtlb3V3ZUlGSjYxRllxZ2JpcFJuUy0tTWo1Y0VEVVhsWFF4a1RScGZyZW5vWWk4ZG1GOGVKYktUbXNvNXY0U0k0RTMyWmhKV3JrMUgzOTZVeFQ2T0hQZg?oc=5,"Thu, 11 Jun 2026 07:00:00 GMT","China's Changchun unveils auto revamp plan, seeks BYD and Xiaomi to boost EV push Reuters",2026-06-29 18:16:25
Xiaomi Auto News,Xiaomi YU7 GT Sets Nürburgring Autonomous Lap Record - Fuel Cells Works,https://news.google.com/rss/articles/CBMi7wFBVV95cUxNVE5XcE5ZaVF2VWRJdjRhbU1qc0gzRTJHdkFKM3FScC1rV0hmRDl4LWtETVZDNG1HSnN5NmFCSU1KX2w4bHV1eExqNlMxUzNpRzQ1bHBGdmtfUWpoVnd5V01YWGxmZFRKMDJwYlFlS0JqdFl0TGIyanQ5Ym9BNmJraVVGR0xHRmxDRm9EbWpGTS1RVmRIUFpORk1KN2pKbjlHM01WYUI4MWVRbWF4ZnJkWXNhZDF2Ml9QQVMxbVNHOW1CenAwUG10WmNMeHQ4XzZWNmZYVTZtYndRTWY3RGRRRFNFSGk2LVE5QjNnU1hNUQ?oc=5,"Tue, 23 Jun 2026 13:57:00 GMT",Xiaomi YU7 GT Sets Nürburgring Autonomous Lap Record Fuel Cells Works,2026-06-29 18:16:25
Xiaomi Auto News,Xiaomi YU7 GT Sets Autonomous Nürburgring Nordschleife Lap Record - Electric Cars Report,https://news.google.com/rss/articles/CBMiqAFBVV95cUxQbGdyaEtDX0xZZWRYM3J2MEphcmJlaC1kZW5fa0thaVF5MURuOTdZREpyV0tkZ3cyYXlxUTFHRG9yNzdFaWpHVWhNNnRFWDVUWVJrdWFIeUhzUklZZ3hUb1o1ZG1yNWtSZHpOVFNqZllGSHh5TTE2U1cxN0UtLThHb0tGWFNDSGYtVUt6UUl6bWVRSUFXd3ZDbWU2N2o0MHluSVlyc1RWNHk?oc=5,"Wed, 24 Jun 2026 12:45:03 GMT",Xiaomi YU7 GT Sets Autonomous Nürburgring Nordschleife Lap Record Electric Cars Report,2026-06-29 18:16:25
Xiaomi Auto News,"Xiaomi EV delivers over 30,000 cars in May as lineup expands - CnEVPost",https://news.google.com/rss/articles/CBMiggFBVV95cUxNVk1UYUxjLVFLZUhLQXYyY08zdjRDam5fLVBRRktCLW80TFJLbGRobDlweTVUV19EQ1pPZ0pSV0ZOTXBLR0VqTTltblRNVXRDcERuREJVc3BGb0hDeXV5aUc4NmlyTDJ5ZjBTTTN5YzM4cjgzUjg5ckw1SnVDVm90MG1n?oc=5,"Sun, 31 May 2026 07:00:00 GMT","Xiaomi EV delivers over 30,000 cars in May as lineup expands CnEVPost",2026-06-29 18:16:25
Xiaomi Auto News,No Driver? No Problem! The Xiaomi YU7 Has Lapped the Nurburgring With No Driver at the Wheel - Yahoo Autos,https://news.google.com/rss/articles/CBMimgFBVV95cUxQTFBGVXVnSHVmbzM5VU0tcktQZWZHVjhmMDBwVW1vRnlaTVFhQTFfc1Q3ejJCOVkwM1hXbUg4LUl3QS1QcXBSZUpVMVU3R1FSVVlfOVRzNTc1S05GQXVyM082T1NSdEdFT0xYZUJtNkREUHVkY3JYejBuT25rbVh4N2Q3c1pUWmtXc1JTODZBTVdSVC1KYk9SZUVB?oc=5,"Tue, 23 Jun 2026 17:45:41 GMT",No Driver? No Problem! The Xiaomi YU7 Has Lapped the Nurburgring With No Driver at the Wheel Yahoo Autos,2026-06-29 18:16:25
Xiaomi Auto News,Xiaomi touts self-driving feat as YU7 GT laps Nürburgring autonomously - CnEVPost,https://news.google.com/rss/articles/CBMiggFBVV95cUxOOGhOVmQwOGp5a1U0THRqX2JiLWlQV3lacy1ucUF2TGxleWlHWlJFcXdYZDJaV1c5aVE3ZHRfRXNKbHV5Xzd4SlBJQzNjRWsxS0tSTWFOWkxaZHRZbG9KUFFjeFpmT0dtWXVZWW14RVhwT1I4ZTFJeDZfZ3Z5Rks2ZzdB?oc=5,"Mon, 22 Jun 2026 03:30:00 GMT",Xiaomi touts self-driving feat as YU7 GT laps Nürburgring autonomously CnEVPost,2026-06-29 18:16:25
Xiaomi Auto News,China's Xiaomi files for new extended-range EV - Yahoo Finance,https://news.google.com/rss/articles/CBMipgFBVV95cUxORkU2YzJHLThsbXNVM2NGSUdYcURiajJjMTNxOVNJUkZSMzZqNWdISXoxam1DcVZwM1AyclYxZDllRXRzeHBTc05tWm1Ob2t3TE9qSU1pRERtY1JBOWNBaWZJSlVEM1drYlVsZDVhOEJ4cnhwRTl3NnNZakRyaWhNOFZRX3dlOTBBYnZreC1YMGtiWGVBUGxmOE1MMi1NbGstZXZnUjhB?oc=5,"Thu, 11 Jun 2026 07:00:00 GMT",China's Xiaomi files for new extended-range EV Yahoo Finance,2026-06-29 18:16:25
Xiaomi Auto News,China’s Xiaomi SU7 is the Apple Car That Apple Couldn’t Build - MotorTrend,https://news.google.com/rss/articles/CBMid0FVX3lxTE8weHVQNXNOZ2RZbW9uNVFWRWpGZzZQei1US0w4YVRndGxyVVFzZ2JSR3lLOXZDOW1ReFhENHM2cXhNcW1XcFd5MFpsNHRmYlhHWC03UGw3RFlXV0hJZnFvMkVhU2lVVlZWZGMzVER2SHVtRFgtT3Mw?oc=5,"Thu, 28 May 2026 07:00:00 GMT",China’s Xiaomi SU7 is the Apple Car That Apple Couldn’t Build MotorTrend,2026-06-29 18:16:25
Xiaomi Auto News,Xiaomi EV introduces world model to advance autonomous driving tech - CnEVPost,https://news.google.com/rss/articles/CBMic0FVX3lxTE1KYXE5U3Y5LUJMYUVGWTczXzM1RzU0SmZRSlVUUUtjVmtqT3A2MERwMGloR3dpOEdoT0s5MS1EbDloSlhjUVJmTkZiZmtzU2lsUkt0NC1pTmRhWEF6eVdxTFl2SFl4alBhWExNQ0xHVlkxdHc?oc=5,"Mon, 25 May 2026 07:00:00 GMT",Xiaomi EV introduces world model to advance autonomous driving tech CnEVPost,2026-06-29 18:16:25
Xiaomi Auto News,Xiaomi YU7 GT Drives Nurburgring Autonomously - Design News,https://news.google.com/rss/articles/CBMi2gFBVV95cUxNZFBBM3Jva0pocTZtYkNQSWxFLVpPeVdlNG1SaThnSWlSTzBKSGxpUENrSXUzaW56NEF6VmxlUXgxYnR0U3F5aWtTdzZBaEVxZ0l2WHQ0cVVjNUNEWFBxa1c4VWh4cVFCb2xLYzZjb25TTWRvajQwVmdqaF94NzhWT0FwWHBVNGVmdFB5QWpPVUZmRV9NWnIzUTRtVm93Wktoa2RFQlJXYWlxOGV0Um1aUV9XRzB1aXh3ZFdoZUd4Z3ZsSUc2YkM3S2JtT2gyWUJPYlktYmtzQS1QUQ?oc=5,"Mon, 22 Jun 2026 20:37:49 GMT",Xiaomi YU7 GT Drives Nurburgring Autonomously Design News,2026-06-29 18:16:25
Xiaomi Auto News,"Xiaomi EV Q1 Results: Revenue of 19 Billion Yuan, Loss of 3.1 Billion Yuan - Gasgoo",https://news.google.com/rss/articles/CBMizgFBVV95cUxQZ2hZeHAtTHlzbDJRejZkM0dJVlJFR3d0U0JqQlZYcDNiNFV6STFRaG5wYU9TTzFLVEl4Z2RJUkpMTnJ0eDQ2QURwM3R5VlNzMnVLdk5TTDVlT3QxanJtQzRDZGxYd0RyYVkwSVBkN2hSNlBZaV91MVJkWUc2YTVIUEVuSDNiY0JNdXRfTEtndkdkQ0Z4YmNmUng5NUZKQmt1ajNpN1N5Vno3QWtyQlBySXpUdFg1d2VsbEtoZDZ5aVI5YmtMOFJaUkVQbi1HQQ?oc=5,"Wed, 27 May 2026 07:00:00 GMT","Xiaomi EV Q1 Results: Revenue of 19 Billion Yuan, Loss of 3.1 Billion Yuan Gasgoo",2026-06-29 18:16:25
Xiaomi Auto News,Xiaomi EV's Second Half: Lei Jun to Bet Another 200 Billion - Gasgoo,https://news.google.com/rss/articles/CBMiuwFBVV95cUxONktEWDR3TUg3c1VmYW9JZ3hoY2gyREg0U2pWa2VIc24zTUhHMEVUZDFiWU5XblhlX1g5djdGOERzbC0tbnloMlA4VFFfNVRtRElBeFc2MHFtSF9ZQ1ZLQWExZ3VHOVNhdU5WZEJRQWk1VjcwS01XUHZlN3ZkbXU3UWpnX2F2WHJhUjN6eVRQamNLXzVVMmNpZmFMcFFpeUdxUS1sb0x4cllmX3NrMnJBMFkwUU0yOXFyR2w4?oc=5,"Fri, 22 May 2026 07:00:00 GMT",Xiaomi EV's Second Half: Lei Jun to Bet Another 200 Billion Gasgoo,2026-06-29 18:16:25
Xiaomi Auto News,Xiaomi May Have Just Invented a Robot Arm for EV Charging - cnet.com,https://news.google.com/rss/articles/CBMiiAFBVV95cUxQZmVTMG16clNLTmEyUXFCQTI3LUNZdnVUMzRiQ0hvLUhtUUhNQWstWWxneG5CVHluS1hkZTdCT0MyeGhoOERjNG9iN0xGNklQMzM0VlJvTUNyak1yeWpmTS1qdHdQdWVEZnY3VFREUEJJSElSZHpUWFNWLTEwY3lEWXdoeXdrY2Q4?oc=5,"Wed, 17 Jun 2026 07:00:00 GMT",Xiaomi May Have Just Invented a Robot Arm for EV Charging cnet.com,2026-06-29 18:16:25
Xiaomi Auto News,Is Xiaomi also planning to build range-extended electric vehicles? - Gasgoo,https://news.google.com/rss/articles/CBMiwwFBVV95cUxNWExJeklzd0d5MG4yd0FQeW11VV9SUWEzZzhIVkhjdGJoUktvdjNRZURCMTd6T0JGN1d4ZlJMTWRJelV0MGJwWmJpOE1CY3JBeGtDTHZqVExKdGxlOTQ2UXdYOWZCSE5kOWpCMW5NMWM1T1p1d0VBM3p4dDRTai1JbWtXVFZsWnZCWkZZUVhjMThac29UOEplX05SNEZBdFYxU1IzQUdsZThFeF95VjJVakF2QWRESVQ3OUFkYS1GQTg3dDg?oc=5,"Fri, 12 Jun 2026 07:00:00 GMT",Is Xiaomi also planning to build range-extended electric vehicles? Gasgoo,2026-06-29 18:16:25
Xiaomi Auto News,"Xiaomi’s EV Sales Are Booming, But It Is Losing $5,600 On Every Car - Autoblog",https://news.google.com/rss/articles/CBMimAFBVV95cUxQNlIySGZOZVNEX2x2WEszNm9telVYLThWNVg3Q09saHVuZ1Y4SVVqajU2U09nVWxxY2NuVm05ZkkzcDVScUh4ZEg4U1g0U3FkdExCQTZVcjhVeHdUa2FCbmpDd1d4RkpLcFFKX2NBeFgyN0o5dWV6X0xabHR5eF9DX3NRUTQtVzU3ZUV4aHNqMktJb2p3UFlneQ?oc=5,"Thu, 28 May 2026 07:00:00 GMT","Xiaomi’s EV Sales Are Booming, But It Is Losing $5,600 On Every Car Autoblog",2026-06-29 18:16:25
Xiaomi Auto News,Xiaomi's EV business defies industry slowdown with standout profitability - Gasgoo,https://news.google.com/rss/articles/CBMizwFBVV95cUxQbllNQzIxZkt4TG0zR2xqSlo1aE9qMTdjNmRyd1RQQVYzOF9LdmIxN3FjSGpRNVFqc2dyS1JLNkFQamV2bnRHZ3p6cF8tbGcyRkVLOFNqSnM0NlRmNTlWaC1GY0hnV3ZSRVRZcXNWclZXTGt4ZHlYT1Zack5BUXZzNFVBUW1qRUtYelNfT0tvZXVhQlFwcDhRQjNsSDItVXFPWE5PM2JTWm5sR2VDelpqdmg0NzBGWDVOMUI5RUpiTXh4b1NlZGNZTjJNc0VFSXM?oc=5,"Thu, 26 Mar 2026 07:00:00 GMT",Xiaomi's EV business defies industry slowdown with standout profitability Gasgoo,2026-06-29 18:16:25
Xiaomi Auto News,"Video: World’s first autonomous Nürburgring lap completed by 1,003-hp Xiaomi YU7 GT car - Interesting Engineering",https://news.google.com/rss/articles/CBMilAFBVV95cUxQYXFJSW0tN1BhdVNFRHNyMnBMb1VIbDZXUWc3TGV4eGRnbFdQeVRHNkY5Q0N0V2RCSUF6bmdCMkY2eXYwanV2N3ltc3Nhc2NmWkozcDZUOUc2TWhhQ3VxVEoxa2VEWk9lek9aZ1RqV1dHMkl2WmlYZUZqTkt1eHVxcHRVcjJmeVowNElOOEVVeXJPUHNt?oc=5,"Mon, 22 Jun 2026 10:36:00 GMT","Video: World’s first autonomous Nürburgring lap completed by 1,003-hp Xiaomi YU7 GT car Interesting Engineering",2026-06-29 18:16:25
Xiaomi Auto News,Xiaomi uses Nurburgring lessons in production cars - ArenaEV - ArenaEV,https://news.google.com/rss/articles/CBMikgFBVV95cUxNZk4zNngzWHNSYXRBRGNZRFB1dFRWMld5VEZyYWR6M2lBTWtlSmhReWNneVRXcnRMUDZzbUlkVE1FZGNLTGwtSnowaGNCRTUyX1lUQ1R1ZmtJZDR2Vk1OWVJzRks5ZWw1Qnluc2tjZmEyd0tmZHl5WV9jM2F3UjIydG90LWgxQ2F3WEQ3YU1HTjZYUdIBjgFBVV95cUxNVmw5N3dvZC1wSUUwMWpoZWRSay1FemcxX3lhM3dnSDczdGFneDJfTnJRX3RlSDZma1hRYWYxckFIb0d0aWFhTVJrYkR1RGNUMXA3LUhCUjBXelpLX0t3TGxmZGJneVcxc1RiMjVMamlnbVgteVdXUGE0VDhpYnQ4aEctM2RnbkgwcWhyMFlR?oc=5,"Wed, 24 Jun 2026 16:29:01 GMT",Xiaomi uses Nurburgring lessons in production cars - ArenaEV ArenaEV,2026-06-29 18:16:25
Xiaomi Auto News,Full charge: Xiaomi shares surge on EV sales boost - South China Morning Post,https://news.google.com/rss/articles/CBMiqwFBVV95cUxOcDloSElMUU5NQ0JfNTR3a1Z1MERXT0ZQZHZKSkJQUlduWTJMTGNJc2I4VGlWd2s4a1k5U1BULUJtd3BkT2dhaVR5WVpyTUJuYURLR3BIZUtqSFRKZ2NWaXJIXzVxTDNSMjBpakNYR3NQN3lUZlZIaTN4d2xlMUhZRE9tbFRnbjBEd0hoeGthWlRKbHJCX2VCY1g2MXBtWk5yZTRjaE1HMFVhUXPSAasBQVVfeXFMTWxsVXVqcl93RndocllOWFNyUGlFY0E1c0ZaVTdHbWFkQTdmdFRLMnZ6WUd5WmNCYUFZc211WVUwS1RWZXZLXzdWMVVrXzlCUWZlZDZraUdPaEVJQ0wya0Fib1JhOU5Dd25WdTlrczNSZ0RRVTdPbHFYc2lMTTZqc2dqLWJvZjlfUmRVQkxvdWt3U0wyTWhQclozbUpaRjlHOFlTRThQRVI4Mmdv?oc=5,"Mon, 04 May 2026 07:00:00 GMT",Full charge: Xiaomi shares surge on EV sales boost South China Morning Post,2026-06-29 18:16:25
Xiaomi Auto News,"Xiaomi EV delivers 36,702 cars in April, SU7 contributes 73% - CnEVPost",https://news.google.com/rss/articles/CBMie0FVX3lxTE9xLXhTX1ZPOG4wdF9UZGhqMjhoNEN5eWRLLWRLaHJjTFA0MjBPVE1mTXVNSkc0c2JndlUzUGExLWZqcnVhLUVYbkRXNm52eGx3anBYMHhXV1BCYVBTS3hWTWJkSHpLVTlwd3VySGMxaXZ3VkNiZjRoeFpMWQ?oc=5,"Sun, 10 May 2026 07:00:00 GMT","Xiaomi EV delivers 36,702 cars in April, SU7 contributes 73% CnEVPost",2026-06-29 18:16:25
Xiaomi Auto News,Xiaomi just built the EV charging robot Tesla promised us back in 2014 - Gadget Flow,https://news.google.com/rss/articles/CBMipAFBVV95cUxPaXgzallFY0oxbm04eGdqN3MtT1Q0ajBNZFpqbldtSmpPY3RkQjZISjVWc2tDNXNDdlNIUjBra09OcUNHQlRtTi1CbUFGVGtneTdXd2xDS2Zsd1dDM2k2S3VKOEgwWkJZTy04VzBNMHpkaGpTanNzMWxKcVRIYXF0dWY0ZmVlcks2VU50d1A1Sk1CelNVSXU4dXhMOVNYTG9EcmVSbg?oc=5,"Mon, 22 Jun 2026 05:33:00 GMT",Xiaomi just built the EV charging robot Tesla promised us back in 2014 Gadget Flow,2026-06-29 18:16:25
Xiaomi Auto News,China Auto Chongqing Summit | Xiaomi EV: Supply Chain Capabilities Set the Ceiling for Brands - Gasgoo,https://news.google.com/rss/articles/CBMi5wFBVV95cUxQMWxpMGpyLXZKeVg4R2FVb2plbmI3dFR3dzUyYnd0dlNuRDVySnpqak5wekItMS1Jc01CZm05UEpiVzZmLUpZVjJNM0ZoRW1DVUt1LW5BcEFvMzVRWVlmcXBkeXdKaURQMDdPbHRSTU9kWTRiUDBMbnBnTHplMUVSVF8wMW5UQ2JjdHI5LUsyZ2tsSzJmbVIwVVpYMFByNGhyN0h6MHJncUdWdFd6MndNeEpuQmRXSnJtTmRoQXZMUjVJRjRLdnRZak43U2hrcGpZTmVhVF9KZk1TeXhNRVBqWnI0emhkcVk?oc=5,"Wed, 17 Jun 2026 04:19:03 GMT",China Auto Chongqing Summit | Xiaomi EV: Supply Chain Capabilities Set the Ceiling for Brands Gasgoo,2026-06-29 18:16:25
Xiaomi Auto News,"Xiaomi EV April deliveries top 30,000 as new YU7 GT launch nears - CnEVPost",https://news.google.com/rss/articles/CBMijwFBVV95cUxQME1BQko3QVNxSDlIQ0I0VWphTEN2RFpFd1gyQlEwX2FLRWFNY09YU1NHOUxUVWJfelRIR1VuQlNlY0JsZGcyQlRJSUpabWVyUVIzSlVUQUFHejNqajd1MmZMajh6cDNDZU1jQkxmSHdhcllpUndUU2xlVE5XY1NPX0pJQ040a0JRSTJVb1hnQQ?oc=5,"Thu, 30 Apr 2026 07:00:00 GMT","Xiaomi EV April deliveries top 30,000 as new YU7 GT launch nears CnEVPost",2026-06-29 18:16:25
Xiaomi Auto News,Xiaomi YU7 Sales in China Extend Slump to Five Months - eletric-vehicles.com,https://news.google.com/rss/articles/CBMilAFBVV95cUxONXlSTHdFWktETmJoSkJNSUlXLUdTNUFTdDh0bFNPekUwdnlhLVdNZ2thQmxLUXZ5eW5pLWpQUHVsbmdZWGdkdmRYT29mU3BDQ2FxTk9EV3VzYjBpNmhJTnF4a0lmd2tmdG5UNUJjalZGc2drU1BVamRJZkJTQ3pmanVrcE1TTDFVel94RHlUYUFUU0tB?oc=5,"Tue, 09 Jun 2026 07:00:00 GMT",Xiaomi YU7 Sales in China Extend Slump to Five Months eletric-vehicles.com,2026-06-29 18:16:25
Xiaomi Auto News,Xiaomi Introduces a Robot Arm That Automatically Plugs Into Your EV - Autoblog,https://news.google.com/rss/articles/CBMingFBVV95cUxPRUVfSTg1OUIydjRGQzJ4cUdqa0diRWowNFFCcFNaeVJlR2Rwbjh6TWJua0pBT0NWd2VQOGxMako4RF9GZU5MM09FdXNuZm1MQmNPX1lUVUxwM0tPUmdjak8xWFhnSjNmUlRNd09hcHRzdU45TGpKZklUOWRNVjJKc05odmlNMFY3ZjJZTlBwUHRBUlFWU3N2bnhEWWJHdw?oc=5,"Sat, 13 Jun 2026 07:00:00 GMT",Xiaomi Introduces a Robot Arm That Automatically Plugs Into Your EV Autoblog,2026-06-29 18:16:25
Xiaomi Auto News,"Xiaomi EV April Deliveries Top 30,000 as Growth Momentum Returns - Electric Cars Report",https://news.google.com/rss/articles/CBMipgFBVV95cUxNOFFyb1dIbkwzT1djQUxCaVF5Vno2b0RMeHl1cFpHRGZ1Uk1QdzJtLXBqUGYtXzUzRjJHTUJOS3l4ZDhVcDlkTUVhLUdCZmxjRF9uNGpVUjNnbzZ6cld3alhLOWEzbzFfRmdVVm40bTgtZThOV3FQY2RLczVhbzBxVkEtMnB6QmxHTnJIZk5zalhfemlRa1pOUGJvX2llem1pb0tKcTZR?oc=5,"Fri, 01 May 2026 07:00:00 GMT","Xiaomi EV April Deliveries Top 30,000 as Growth Momentum Returns Electric Cars Report",2026-06-29 18:16:25
Xiaomi Auto News,Xiaomi begins deliveries of cheaper YU7 standard edition to rival Tesla - CnEVPost,https://news.google.com/rss/articles/CBMihAFBVV95cUxPQmNmbUhtMkpLRGZUR1pYZEJMWDZMOGFCb2p0OEZTdlU2REQ0d3B5Q1hLY1Byel8zV2ltbkI5dGtOQk1LM0ZaeWZySzJOYmJra0gwQXpJQkNFN1BPWGpzaloyWmhwQjUxbm9ONmxYU2RtbUxhQkF1eXFXdVZSU0F2ejgzaDA?oc=5,"Mon, 25 May 2026 07:00:00 GMT",Xiaomi begins deliveries of cheaper YU7 standard edition to rival Tesla CnEVPost,2026-06-29 18:16:25
Xiaomi Auto News,Xiaomi launches safety advisory committee after EV accidents in China - Reuters,https://news.google.com/rss/articles/CBMivgFBVV95cUxOaEoxQTR5VkVabU44YjFfNVhwakhfNElIMDdjUWZJWWQ0c1A5QXRhalZlZzFUaVZJUlRrVDVfNTE4blFGQk9JMS1lZGdCZDZtOWo4WUJSbjA5ZTBTNzh4VmlKRmV0NzRTRXNJZmEwUTJGNHZBdERBeVlBSHZGVW81Zjl1TV9OandEZVU3SDBROTItNXRSd0ZUQWo1ZXhSRWMtV3pNVU41cWRSQ2s1UGlWNkZ0eERldWdScjd6SndR?oc=5,"Fri, 27 Feb 2026 08:00:00 GMT",Xiaomi launches safety advisory committee after EV accidents in China Reuters,2026-06-29 18:16:25
Xiaomi Auto News,Xiaomi's EV business posts Q1 operating loss despite delivery growth - CnEVPost,https://news.google.com/rss/articles/CBMifEFVX3lxTE9waEVRLWF6eU10YXY0WGRIY2FGbE1BT1JTOERVV0FQV0xPSWVvUUZjQVZmY2p6aThDcGN6eV9MWHhRUDBUWlZHcUh0WXp6YWNnRzBTRUN2R0paeDRPdzRXUEJrZ0JQMlJJc3ZZaS1tbFNuei1TWERYYkxtbF8?oc=5,"Tue, 26 May 2026 07:00:00 GMT",Xiaomi's EV business posts Q1 operating loss despite delivery growth CnEVPost,2026-06-29 18:16:25
Xiaomi Auto News,"Xiaomi facing 550,000 target pressure as YU7 inventory controversy sparks “Xuntian” EREV push - CarNewsChina.com",https://news.google.com/rss/articles/CBMixgFBVV95cUxQTnF3N3p3UlBGQ19OVGdLTU96dFl3VnJ1eEVkU0VMYXpPNnVLQW1rVmo4VzhPcVlDUHpQb3JVS1Jvd1BxeURrcE5tM0M3eVAxbHZ1dGh4UUFCNEpiNGxnd25OdHM1QXZwUWNYVDVtd20td2VWRXRxTUJXeFNqUFRZbm1PSmdkeXg5QjF1SjVoR1I4a25RTjJKVGpwVW5vTXVfSE92WjlEOGhIbkZxQXpLc3pJb2pleEdLcDVsOFNjWWxjWExUMHc?oc=5,"Wed, 10 Jun 2026 07:00:00 GMT","Xiaomi facing 550,000 target pressure as YU7 inventory controversy sparks “Xuntian” EREV push CarNewsChina.com",2026-06-29 18:16:25
Xiaomi Auto News,Gasgoo Daily: Xiaomi EV revenue hits 19 bln yuan in Q1 - Gasgoo,https://news.google.com/rss/articles/CBMitgFBVV95cUxNamRjZWdQVjdIV1BOeEpjcU1ESzAtUl9jUll0eGlWUTV5ZDlGWkl6WkhjajBtcWJnZkJwT01CMXY5SXhDRXctdkJKVHYwYi1rY3NuV0M3Vy1EenJlTzBzZklpbC1pMGV2WEJQaEc1djZkVlB3eWZGU1JJODlfTU9xRDNCcThfWG5qQlRYdXVVM0tiZVFfR2F2eWl4S29leXhNYTVWN2lrZnFHSWxPQ0J6dFoyaExvUQ?oc=5,"Tue, 26 May 2026 07:00:00 GMT",Gasgoo Daily: Xiaomi EV revenue hits 19 bln yuan in Q1 Gasgoo,2026-06-29 18:16:25
Xiaomi Auto News,"Xiaomi SU7 Ultra catches fire in China; data confirms battery did not fail, company says - CarNewsChina.com",https://news.google.com/rss/articles/CBMiwAFBVV95cUxNc0VVa3gxMVpUWFJlQ0pxZ0QyOFdXYklwWndEcmlWdDNMZzEzSWQtd2F6ZGFkVEtmZkFQakNlNU1pSUFNVUNMaHhxNDE1aEhNZUNESGx6eXpxb3lycENDOWlFci1GajNtQm5OUG9CUFdRS2tyNVJUTzZzbDdYbENodUdSLTVSSXFiUXUydWpPRFBCc1JJT3p5Ykp0NktYU0tzemk5OVZRd05DallhWmpuU1lGRnR5emwwcFpQSG9uMmo?oc=5,"Tue, 09 Jun 2026 07:00:00 GMT","Xiaomi SU7 Ultra catches fire in China; data confirms battery did not fail, company says CarNewsChina.com",2026-06-29 18:16:25
Xiaomi Auto News,Xiaomi EV launches YU7 Standard and YU7 GT variants - Automotive World,https://news.google.com/rss/articles/CBMikwFBVV95cUxQMU1zTlBWVTdJRTdhTUY1ZFlXdDhlcm44Rm9sRWRGbjJsRVo4eVdDNVVnR2ZGZnN3TERSU2t5Vk9qUmN2NGpXY1JPZHprRWtubHRZeVV5b180Z25jM2x1TzhBTEJBeHlNRDhLd3VSWjBiaG1kZjl5dFd4V3JyMXp2dkdfY0VLcUxPdF96eDNmTG11TWM?oc=5,"Mon, 25 May 2026 07:00:00 GMT",Xiaomi EV launches YU7 Standard and YU7 GT variants Automotive World,2026-06-29 18:16:25
Xiaomi Auto News,Ford's CEO said he chose to test-drive a Xiaomi and not a Tesla because the latter doesn't have an 'updated vehicle' - Business Insider,https://news.google.com/rss/articles/CBMiigFBVV95cUxQZmlVeWhkcXBBQy0wT1JyS3pEVUZSeGI1eWp0bnlQeGpJQlZHQ05LOWFHZlQ3WWVXNmVlQlFobThrSDk2SGYyVGdyTWxKQVktd1NqSG0zS2ZJTVVBWUhsWHVmc2tVS19weFVjUERwekh0LTBxQzNFMVN4Q1JRQ1B1aTFfWHRsV1luREE?oc=5,"Sun, 19 Apr 2026 07:00:00 GMT",Ford's CEO said he chose to test-drive a Xiaomi and not a Tesla because the latter doesn't have an 'updated vehicle' Business Insider,2026-06-29 18:16:25
Xiaomi Auto News,"China’s Xiaomi unveils robotic arm that enables remote, hands-free home EV charging - Interesting Engineering",https://news.google.com/rss/articles/CBMilgFBVV95cUxPM2prbEFSYzZuN2NOU2pFdWRvbFJ3SkFSSEdlWlRUbjdtOTVRWHFwaGktQkhEOHhuTUlUZzZ5RkRLMEFrY2N6RHJBb2c1N3NjcHV4RXl1NUxEOE9UeEgyZmdJZllmOEFlbE15ZE5OVXdSQkQ2bmdVUFhJbTZMVEdCLUNKMkZtVFhndjBCSFlZQ2YwT0N3Unc?oc=5,"Sat, 13 Jun 2026 07:00:00 GMT","China’s Xiaomi unveils robotic arm that enables remote, hands-free home EV charging Interesting Engineering",2026-06-29 18:16:25
Xiaomi Auto News,Xiaomi EV Unit Appoints First-Ever CTO Ahead of Beijing Auto Show - eletric-vehicles.com,https://news.google.com/rss/articles/CBMipAFBVV95cUxNcUhUQjAxQlpoQVZBOVR2NHRUbkhSdlExcG55WVN5MUVpVHctWlZWdGxXeEVuUEJWVTIyZnF1cVBCaXRjSTNKT2IwSHRlM3lHSkd0U2lDeHpEbUZpZXdZeUwzMzhsOWlJSGZoclJsX0JuSmJPQXh2TU1ZQkREX3BwY2lGakVWSE40SzMxZmQ3dnNKekdvdm5IZEVfX1phVGVCTjRGXw?oc=5,"Mon, 20 Apr 2026 07:00:00 GMT",Xiaomi EV Unit Appoints First-Ever CTO Ahead of Beijing Auto Show eletric-vehicles.com,2026-06-29 18:16:25
Xiaomi Auto News,Xiaomi (SEHK:1810) Valuation Check After Sharp Pullback And EV Growth Ambitions - Yahoo Finance,https://news.google.com/rss/articles/CBMingFBVV95cUxQbDNkZE1XNWVMd0dPbTl6aEFWclB1SUpRU050aUNBblNUZTQtT3Y1XzVWX25iSUYyazNNZmhJZDYxWV9qSHpRRXE2WVVjMWc3SzZ5NEFSblNzWWY5cHE1bVMzRkZyZVVzRXlneDhKVUZpbE9lbDNlRE9ydnNJTF9SbnE4VmRoQXI2dUEtMVBmVXkwai04R0FhQkF4bmZwdw?oc=5,"Sun, 31 May 2026 07:00:00 GMT",Xiaomi (SEHK:1810) Valuation Check After Sharp Pullback And EV Growth Ambitions Yahoo Finance,2026-06-29 18:16:25
Xiaomi Auto News,Xiaomi EV Attempts to Regain Trust - Gasgoo,https://news.google.com/rss/articles/CBMinAFBVV95cUxOUVF4YW9IUmk5elNBcmFuUDNYTlI1Qm9icWZHajlJcW9fR3VqVUJmb2ZoQTB4S1VLZjdGNUtJUFdSNHpPN19EaWVvcm42Z20wVk1JUHRrWEpXakNObmNweGZWSzRyaDhfc3RvODhKR2ZTSHEwellOVmFkdnNPTGFYZGI2d2h5Ny1ycXhid3phcHpCeUNEOS0wRExHTEo?oc=5,"Sun, 01 Mar 2026 08:00:00 GMT",Xiaomi EV Attempts to Regain Trust Gasgoo,2026-06-29 18:16:25
Xiaomi Auto News,Xiaomi unveils robotic EV charger after Tesla abandoned the idea - ArenaEV - ArenaEV,https://news.google.com/rss/articles/CBMipAFBVV95cUxOSlB1V09lWlZSM3UxVVc2bUdObUtEV2RadW5sVE1wcVE2RzZPbzBkU05xVG1uaEs2Y1pLRURBSXRubjdsOUM4NW4yY1lHYlFmMjBZRi1wbDgwVDJhdm16MVltX1BqbVM0eDh2TThRN1I0SXREVHI2VXNRelA5UGwwZlMyX05MR0ZZMkhYbS1ZZ3JGQmFhN1h0cjktX2draGdtbjlRddIBoAFBVV95cUxPd2ptOTZTYnh0S2drRTM2bmx1NXdza0RZSTR5RFlIeTk5RF9lNG5CV2liMm9yZVRwRkpZcVkxSWRCMHExOEZaZjRWd3cyV2kxcFlnS0ZxSW1JVXV6dV9hZU84c1FXVm5oR19SeFZPMzZWODgzbHZUQzNQRkJMOF9idkJfZGVVQ1FpZ0J3anROYWRJM1JIS2MxT3VSQWpQYnBB?oc=5,"Sat, 13 Jun 2026 07:00:00 GMT",Xiaomi unveils robotic EV charger after Tesla abandoned the idea - ArenaEV ArenaEV,2026-06-29 18:16:25
Xiaomi Auto News,"Xiaomi says February EV deliveries topped 20,000, down from January - Reuters",https://news.google.com/rss/articles/CBMixAFBVV95cUxOckFXcFhpamNrU3lJanFPc3VTTFpJUlNRMF9QRTlKX1BDS2x3UGlGbFVnQ1VaM1dWWVFFXzhZdnkwY2o1QnVuVnc5ajhfRm5xeUxHYUFGOERrT01iYXk3UkktY2l4UnVQQkJiVDAtR2JFeDM5VHdkRi1qbGVMRUZsNExmMHNaeWxubFBWdE1NSmpHSmpHREhhNmt6dVF5ZkJwQ045Wk9FUmw2MDhUR0RycUNnNnlQRkd3MzZ1b2hnd1o1YTRB?oc=5,"Sat, 28 Feb 2026 08:00:00 GMT","Xiaomi says February EV deliveries topped 20,000, down from January Reuters",2026-06-29 18:16:25
Xiaomi Auto News,Xiaomi EV Launches New World Model Framework - Gasgoo,https://news.google.com/rss/articles/CBMiqgFBVV95cUxOUzRMT2Q4TjlkTFhMWTE0V3ZTWGxRWEZJR3FMUXozMkVZeUNtOVpyUVNhMXY5SU02NDNxOHhXWHAyNDNzOFB0ajg5UUhVa0lhSTNtejdLeUFvMWxVVEJfeHNNTXMtS1FtQUdfM2hpQ2NTSEwtTzFLbldEUnN3UmNqMlVNMFV2MGFYakM1dnN4clo3aklZZnpfcHFYVWN4dWxzT0RuREl4V1pzUQ?oc=5,"Wed, 27 May 2026 07:00:00 GMT",Xiaomi EV Launches New World Model Framework Gasgoo,2026-06-29 18:16:25
Xiaomi Auto News,Chinese EV Xiaomi YU7 GT becomes first ever car to do a driverless lap of the Nürburgring - supercarblondie.com,https://news.google.com/rss/articles/CBMihwFBVV95cUxPYmpuMDMzaVpfMmt0LXM1SjdSVkJ4MEVmT0djeU8xV2U1cTJGcGs0ZTFiOXQ1bW04OGRtbkd5VmlEMTVtRUN2REQyOF8zVzQ5alBsNU5nUTV4WE1GTi16aENMcVJ4dENCdDZtVUZfSUJBeTlsZHFvNEZNVjdwcFRlRWlpQUhxVTQ?oc=5,"Mon, 22 Jun 2026 14:42:00 GMT",Chinese EV Xiaomi YU7 GT becomes first ever car to do a driverless lap of the Nürburgring supercarblondie.com,2026-06-29 18:16:25
Xiaomi Auto News,Stellantis Talks Put Xiaomi EV Plans And Valuation In New Focus - Yahoo Finance,https://news.google.com/rss/articles/CBMiggFBVV95cUxONUpkM3dpeFRvVU1FNVlRenpIRWtCdGlNNkEzOExpR3hqbk4tM09tNE1wWkFTbi1MMVNnLS1qbzhiX2w5TGJaYW16VjBUXzIxYWtmam01Y3dadVFiQXRFS3lucVNIUG56c3lETjVmRjBVR3dlbk5naGZhTGQ4aExQTHRR?oc=5,"Mon, 16 Mar 2026 07:00:00 GMT",Stellantis Talks Put Xiaomi EV Plans And Valuation In New Focus Yahoo Finance,2026-06-29 18:16:25
Xiaomi Auto News,Xiaomi sets May 21 launch for high-performance YU7 GT SUV - CnEVPost,https://news.google.com/rss/articles/CBMifkFVX3lxTE1KVERZeWZSTFpBZ0JjaC1YZndkNWszbF82cG51QmxmT1NIYnVUM1dzc2tob2FJRWV6cnVJZk1NaFlSS285TlRRRDZabTJfdW5lVkhFU1FzMFFVNFM2VWVvNEdHVTE0ZXBVeEtmVzRMYmY2SWpOakxkbzZVWkJCQQ?oc=5,"Sun, 17 May 2026 07:00:00 GMT",Xiaomi sets May 21 launch for high-performance YU7 GT SUV CnEVPost,2026-06-29 18:16:25
Xiaomi Auto News,[Gasgoo Express] Xu Jieyun responds to Tim Cook becoming Xiaomi EV CEO rumor; reports say HarmonyOS Intelligent Mobility planning Luxeed coupe model - Gasgoo,https://news.google.com/rss/articles/CBMisAJBVV95cUxPbG9OdUp5VTFxUWNxMXlieUluY2FHTHJrNHlfV0RqczctektqQ0ZERDA3OUZqclJUWFduM3lMcTQtQ0pGR19SRHhrNzI1RkdoTGt2YkpjWG44b29iekJHNm80ZFVTcFhFbTVtbGJJYkx2ZlNmd0dlMHdQOXZGRDBsQVRodlJCMUVseGZHRk8xZ21mcDVuczlmTjQtbjREMUVtOWF0R0NTRXg4dEFVdHRKZWt4ejZweW9lZ2h2amNuLXA3YUJGcU1PRTdhc3N5TUJaMDVvNm1kWjJyMm42aVpTejV4SmV5VWZ2aE5zV1lEMnA1RG1wSWFFZlQ3X25vMXBpN2s1UWlZOExCaDVYMXYzcjVjdENHcmFrLU1aOXI5UHg2X0pBZGJqRjdOUG9rYnoy?oc=5,"Thu, 23 Apr 2026 07:00:00 GMT",[Gasgoo Express] Xu Jieyun responds to Tim Cook becoming Xiaomi EV CEO rumor; reports say HarmonyOS Intelligent Mobility planning Luxeed coupe model Gasgoo,2026-06-29 18:16:25
Xiaomi Auto News,Xiaomi EV reportedly taps new battery suppliers for second brand to target EREV market - CnEVPost,https://news.google.com/rss/articles/CBMisgFBVV95cUxQdzZoT1VYakdxWTJkRUVIdHpPdWp6QU1nVGoyZVY0NURaWnZJRkpiRWRtUHhGaUJUWXpyWTRZb1BNdVBJLW1PeXlaOGJHTDd1ZGZkc3hCczA4bjllOVVEMkxJdTFHbnFDTVZESU5PVTJwbWpHZjRKcDBXQlBnOEdjdUNaakk2M1dhamM5T2Z1NVItMGNjUzlBYkNHU0NySng5VDd1Wlp5UFdfZHM0UG5udWJn?oc=5,"Mon, 18 May 2026 07:00:00 GMT",Xiaomi EV reportedly taps new battery suppliers for second brand to target EREV market CnEVPost,2026-06-29 18:16:25
Xiaomi Auto News,"Xiaomi’s New Nurburgring Record Didn’t Need A Driver, But Might Have Required A Sundial - Carscoops",https://news.google.com/rss/articles/CBMid0FVX3lxTE01NFpmUVVSNUxoNzZyN0tRem9XWjg5OFNSbkpWUG40QkJfM1RCaVMyNDMtUWtUZWpnYkFXdUtmTVl2ZWRydWpnV0h6S3FOMHctYTh5WVJiQ2Z5TVFkWmJ2SmxvWUx5X1o5ZkM5WWRCcHQxcUxGdGtV?oc=5,"Wed, 10 Jun 2026 07:00:00 GMT","Xiaomi’s New Nurburgring Record Didn’t Need A Driver, But Might Have Required A Sundial Carscoops",2026-06-29 18:16:25
Xiaomi Auto News,"Xiaomi EV Deliveries Exceed 39,000 units in January - Gasgoo",https://news.google.com/rss/articles/CBMirwFBVV95cUxNWTI5b3VYdldJYUVmbGlvcFcxR0hRRlZFdjJXYWtNS0JiTU1kRWt6NE5ERTQ4aWpBaWpQejRVR0JoZFZNWnFVZU1UN2phNXNnSl92dUdQUjB4MS1QZURLVmQ1ZlNmdm1BbW93aDZKbTFaU2V3WWJ3dk9UNk13MlVhbTBpU0RaMEhGaHcteFNsd0tFdnFsb2dXdnJ5OFRCbGVNOHRsTzRDZnBvSk1raUFJ?oc=5,"Mon, 02 Feb 2026 08:00:00 GMT","Xiaomi EV Deliveries Exceed 39,000 units in January Gasgoo",2026-06-29 18:16:25
Xiaomi Auto News,Xiaomi EV launches updated YU7 SUV lineup with GT performance flagship - Gasgoo,https://news.google.com/rss/articles/CBMizAFBVV95cUxQcHlEenlBQVVQMG5TUnJqWkZLd1FzSnhIeFNiZUZWU0h1dElvSkEwOEZRSXdXVHJwWTB5cFVsdUp2VkhLc2NBR19FNFFEbnVOWlJLYUlqcnhZLXFoQ1FjXzVGM05lQ3ZtemIyZ2w0UFFEUVh6b1BKVVJ2NDREVDA2OVNSbmFLazFxckE3OHRxczl6U08zekUwVlVyY0xxd0FFeHowVjNnYjgydzNBVEpoY3psaUdOQ21rdWlVMkt5ZzZYNDRPSUFlTU5pQjQ?oc=5,"Fri, 22 May 2026 07:00:00 GMT",Xiaomi EV launches updated YU7 SUV lineup with GT performance flagship Gasgoo,2026-06-29 18:16:25
Xiaomi Auto News,Xiaomi EV to debut 'Jiaolong' smart chassis on new-generation SU7 model - Gasgoo,https://news.google.com/rss/articles/CBMiywFBVV95cUxON21VQ2dubTBYZm1FN0d2SlFka2F4dlhxRERlZ0E0a2JzTDJSemN5Uk52akJ0T05qalAzei1LUzV2TVFnaXB2MWJrZFQtbU4zRzIyaG05SWJqeDE4eklwTkw0NnIwUUt5UloxN2RLdmhkTDJra3JUa2NTeXVqNlZIY0h5c0Jrd2x1dlg1S3MtV3BkZ2hEUVlwdXRZUUF1NzFfem5XbEJJU2tlSWpIOTJCSkFRZnIzMURIa0V0SDNRUjRQSVpDVkQ2bUJzaw?oc=5,"Tue, 17 Mar 2026 07:00:00 GMT",Xiaomi EV to debut 'Jiaolong' smart chassis on new-generation SU7 model Gasgoo,2026-06-29 18:16:25
Xiaomi Auto News,Xiaomi founder says no plans to bring EV business to US after YU7 spotted in America - CnEVPost,https://news.google.com/rss/articles/CBMiiwFBVV95cUxPcm5laUpLX1ZqYnVvZFFkdDVsSVZZQWlKb2F0VXRaRzdvLXVjMTBsNWl0SkxPcXdhV1dKNGkzQk10cEJIWXJlaWdrMWllT0RLb3preS12Qm41Rk1RVGFwXy1KQUd3NlhtRjc2bjE2cWYzVnlzblI4bWpIYk1qWFFTMFVTVlBHQ2Zac1Jv?oc=5,"Mon, 09 Feb 2026 08:00:00 GMT",Xiaomi founder says no plans to bring EV business to US after YU7 spotted in America CnEVPost,2026-06-29 18:16:25
Xiaomi Auto News,Xiaomi Has Conquered China. It’s About To Put the Screws To Europe - InsideEVs,https://news.google.com/rss/articles/CBMieEFVX3lxTE1WR2NPbnpnVEd5NFptN29BcFowVUY3eFJBUm5MaGdCS1pxdVc1S1I3bVRJa2ozTndXdU5MYmc1VkRBT1cya0ZqMUoyalRIVnZ4d1pKV0ZsNWd0TmotcGRJcnllaVFBakw0bS1KRERHX3hMTFpEQmg5Mg?oc=5,"Mon, 04 May 2026 07:00:00 GMT",Xiaomi Has Conquered China. It’s About To Put the Screws To Europe InsideEVs,2026-06-29 18:16:25
Xiaomi Auto News,Xiaomi YU7 GT secures world’s first driverless Nürburgring lap in 10 minutes - CarNewsChina.com,https://news.google.com/rss/articles/CBMitwFBVV95cUxOTXpMSUtPMXVfa2Ntd21QTDdZOThTaHlJWnlsT0dOeG5vbkU5SnZMZHZ3ekhaa3JfSHhuakx6SHpON3gxS3N0ekNpWEZNYkQ3d3RMZzJtaFhQWVpPdHVYeUswV21fU25mc29BUk9FckdJVk9iMFJiRDVwSXY5UTVhWWxtY0NMTHlnRk1UbDQ1NXRkSVBBcWJNeWtBRVpJbkNJU2tCRUN1dHlkaFNfSjU0MF9iUjYtU2c?oc=5,"Mon, 22 Jun 2026 03:35:00 GMT",Xiaomi YU7 GT secures world’s first driverless Nürburgring lap in 10 minutes CarNewsChina.com,2026-06-29 18:16:25
Xiaomi Auto News,Xiaomi reports first annual profit for EV business - electrive.com,https://news.google.com/rss/articles/CBMikgFBVV95cUxONVVVSVZOR3RSVGdBalJ3NllDcHJsLWxkTG51Rl9rQ0xvZXJ1c3YtYUh6LVpnYkQwRGUwOTAxZ1RzNFl2S0dyT1hTeVF2ejAzMEJiN3R6bTJrM3NtcllDSTlTY0ozeV9UYk5ObFI5cUZpUGphVjRsY05zMmRnY1l4bmhMRnpaM050SVYyRlU1ZnplZw?oc=5,"Wed, 25 Mar 2026 07:00:00 GMT",Xiaomi reports first annual profit for EV business electrive.com,2026-06-29 18:16:25
Xiaomi Auto News,"Xiaomi Stock Forecast | EV Losses, $20bn HKD Buyback - Capital.com",https://news.google.com/rss/articles/CBMif0FVX3lxTE1XTjRFSFRKOVJlYkdMMjJhQWRwREpSVEpxY1FnMUNhV09KeXNfQU82Sko0Y2VaTmhaQVlDemxyakxzUkdSdnJvYVdhbDFTaGxxQmt1MUotZTFzdmtRdkVZY3BiRUlhYWtkSkZRajQ0ZzJ3ZkZ6cThCRjJLcEgxazg?oc=5,"Tue, 02 Jun 2026 07:00:00 GMT","Xiaomi Stock Forecast | EV Losses, $20bn HKD Buyback Capital.com",2026-06-29 18:16:25
Xiaomi Auto News,"Ford held talks with China's Xiaomi over EV partnership, FT reports - Reuters",https://news.google.com/rss/articles/CBMiywFBVV95cUxPZ3piTGNwYndfNFZwOHAzeEZ2SFI4dGpmWHVwS1VTb09mS0ZpSlRrRDVfei1IZFh3eEU5dEhrU1VMOTFVRzZHY0JnR1pfaFNfQ2NuZlFzUWxtSXhrZW9UWUlOREZVSkNXX0lVYXBGRnBwcnlVeFlqWF9sQjBIbmY1VTdZNnB5b0FHLTZQcjk0QUpxbEdYbERYSjNSSUVvT2JkLVhJTDVGWlpsMnhrZm50Y0Fmc01DMnVmMlN4LWN6d3NSQVgwcDRfLWV1cw?oc=5,"Sun, 01 Feb 2026 08:00:00 GMT","Ford held talks with China's Xiaomi over EV partnership, FT reports Reuters",2026-06-29 18:16:25
Xiaomi Auto News,"Made in China, engineered in Germany: Xiaomi's EV push for Europe - Euronews",https://news.google.com/rss/articles/CBMiywFBVV95cUxOQ0RRaGJkc0tGSWFJMU9ZR1YxV3Y0cVdsRG9vZG9ta2VJYVRYYUFMdDBudWVWZjFLbnJTalpUUzZyRlU3YmJWMHY2c0l3ek1GNU12VkIzdmE4R2tEUHQ4QXpBazBZaGVyTGxVWXlzc0NWT2h1Z2lzakp5Yjc0Z0lHVTdSMTJZUkpWN1NZTFZtVTB3V2JlNHFVdTd6S0ZnRk5JNUZaSzFHdHdheVB6d2NjOGhxWEF4YTFNVGlqNDB0djd5bEI3SWRzNF9HZw?oc=5,"Thu, 05 Feb 2026 08:00:00 GMT","Made in China, engineered in Germany: Xiaomi's EV push for Europe Euronews",2026-06-29 18:16:25
Xiaomi Auto News,Xiaomi EV Factory Draws Global Industry Attention - The EV Report,https://news.google.com/rss/articles/CBMifkFVX3lxTE1LbGVsMFYzSXZQWjAxN05oMEpYMnVGMUNXZS1DZGVQS09Ua1NJRDFiaWJvN09aMzFSVV9SVjdZR0Q1UHBPNV9lVUllNGdfdjl2RHBlU1h5QnpkVzU2OTJrNzhCcmVkQ0EzTm9VTXFWZ1ZmN0h6TkNPelRuRmt4QQ?oc=5,"Fri, 16 Jan 2026 08:00:00 GMT",Xiaomi EV Factory Draws Global Industry Attention The EV Report,2026-06-29 18:16:25
Xiaomi Auto News,Xiaomi trials humanoid robots in its EV factory — says they're like 'interns' - CNBC,https://news.google.com/rss/articles/CBMie0FVX3lxTE54ZEpURENxSjZCX0xlUHMyTTBpandqMUNjejdkaEE4X0x5TWxVWTRod3k2a3RkNjdnM0Q5NUJhQkxLV2F1WURTNUhWb29neHVjY180TTR4Z0xnMGIyRXptb0thMERyc0RXR2V0cXg4ZlEwa3QtX1ZWdGRWSdIBgAFBVV95cUxOR3pPdERoeXoxSDVwakpzWUUyYy1rdDdxSUhmbUxlQVZmaXE0eDBGTnZTVFJQdDRPcm8yNnJRZE0wNDViVkZoeUNma1FVVUlMTFo0WlIwYUg3MGRnODFGV0xmUVpISEJLWnY4S3RQRmh0a2VEX2JhWEJmT2JpU0VLVQ?oc=5,"Wed, 04 Mar 2026 08:00:00 GMT",Xiaomi trials humanoid robots in its EV factory — says they're like 'interns' CNBC,2026-06-29 18:16:25
Xiaomi Auto News,The Xiaomi YU7 GT has smashed the SUV record at the Nürburgring - Top Gear,https://news.google.com/rss/articles/CBMijwFBVV95cUxPM1UwOGlKVHFBaldONm50XzVJNktkQ05IeWc1d2Iyb2JxbU1FYmUwa1ZidXI5aTNabFltQ2YtQmtqa2ZQTHZPMjM1RnNIcVFsdjZIcVhoWWxKM3A5cTlFWUY4TVhhMHVnLUtZTkRPQmkxOE9SMXdqd0ZMVEN0aGtWbHRsLTZzTFpwQ0JrYlFBTQ?oc=5,"Fri, 22 May 2026 07:00:00 GMT",The Xiaomi YU7 GT has smashed the SUV record at the Nürburgring Top Gear,2026-06-29 18:16:25
Xiaomi Auto News,Xiaomi Rides EV Success With Ambitious Delivery Target for 2026 - Bloomberg.com,https://news.google.com/rss/articles/CBMitAFBVV95cUxPMGRVQlFFVU9NY1NlckZvbktONHpzN1czeV9rdWFGWnFlV1JDcnd4eWZteHA1RkxvdXhoMGdGVVl5TWQyaXY2amhlQmFxZENLU0g2bHdNY3d6a0RvbXA5ZU90cXlWZkUtVEFUeDdFSVNaajl2Yk80aFd1ekFTdlNkZFBvMEd3eGF2N0tocWhoZmN3aGVmYlNJLXhiZUQxYWR0MHpCY1lwWlJxRWMtaXhqLTJFMks?oc=5,"Sat, 03 Jan 2026 08:00:00 GMT",Xiaomi Rides EV Success With Ambitious Delivery Target for 2026 Bloomberg.com,2026-06-29 18:16:25
Xiaomi Auto News,Xiaomi EV reveals 'Crimson Red' YU7 GT ahead of late May launch - CnEVPost,https://news.google.com/rss/articles/CBMikgFBVV95cUxQRTRJS3hfT3J1aXNpMXMtNFdCeVhmR3U0QmkxaWtfN2dvQTFCQzk2TVZlWEpzRkFxQzctNHl0cThXZFdaLW5QX0hmZEVhZjJNeDNFOU5OWVBXYXp0SXRpdHZ2dWh3dnNvODZSMGoxelluVzd5czgyekRocHNQdFhjQ0JPWmFkRVIwbXYtb3ZHRTZrdw?oc=5,"Thu, 14 May 2026 07:00:00 GMT",Xiaomi EV reveals 'Crimson Red' YU7 GT ahead of late May launch CnEVPost,2026-06-29 18:16:25
Xiaomi Auto News,Xiaomi EV Details New SU7 Female Safety Testing Advantages in Q&A - Gasgoo,https://news.google.com/rss/articles/CBMixAFBVV95cUxQMEZVRXVNeU81T24ybTlNMkcybE5IelVVQW5MaUhqMVdyNjNtd19kM09RZ1ZMRUFsQ011c3hXOVhzclYtYjRxTkM4ZmFPY3dDVlhEZEV5TWtLLWtfbnVLc1hERWlVS0lldnFUOHlIcDFyLTZCNHNJaUl3UlJPZDNqd2pfaFh4UWtvTGpuaHR6ZkhGa1doYU5HOEhGQzhYRTBVZDhOaUJpRmZkN290cmRUa2pVTU9HbmEyazJyNGJlMEFQeHlJ?oc=5,"Tue, 31 Mar 2026 07:00:00 GMT",Xiaomi EV Details New SU7 Female Safety Testing Advantages in Q&A Gasgoo,2026-06-29 18:16:25
Xiaomi Auto News,Xiaomi’s new-generation SU7 launch sparks fresh EV fight with Tesla in China - South China Morning Post,https://news.google.com/rss/articles/CBMiwAFBVV95cUxQV1FlX0xXQXA4UC1UMlFDd2g4SUlQdWdWY3BsSnRzVG1ySE02UGZZMzdJcXdHdnlfU3I2YkFaX3Z1MU5Rd3Y5b0RtUHdwRnJKanFFRVVMM3lpWmtjUk9ZcGU4RkVuWUJ6N1BQZ2VLVTBvY2lZTVhDazVPdUFIZkUtSERGeEhFY1F6dG1iU2JzaEVLRC12NGQ2b0FZSHVPV3NQZElEUWt5N3ZVb1BObnV5VTZRU0kzUXpxNHhYejVFNjnSAcABQVVfeXFMUHZaNENvcWNIdkE5bzVIMTNqdDM5OHJMZU5RM2RMWDNGZjgyakk4RUo0anpEcGJYbmlPRlNNRml0MDVJNU5yWnZPR2hJVHNoTnpUeVRIRThOVXRhRE1IeWtVYnRCZzVRcW10YlFEYWJsOHAyeG5jZ0dmT0M1VWNfTnVKMnFDTC13RVVpOGltTHVlS184YzE5VzBuMzlYMzFvV3Q3aWM3dUFMa2NhRU5PRGdpb3pEdEQtSVlwWmNtOEg4?oc=5,"Fri, 20 Mar 2026 07:00:00 GMT",Xiaomi’s new-generation SU7 launch sparks fresh EV fight with Tesla in China South China Morning Post,2026-06-29 18:16:25
Xiaomi Auto News,Can Xiaomi EV Pass the 'Great Trust Test'? - Gasgoo,https://news.google.com/rss/articles/CBMiowFBVV95cUxON0FzYmlyaGVnRGdOTWd1bzVzRVViNGh2WWZTYkNyWlJxYWhBMUNtRVVsLXNqZFkwV2VJQW1WTFdXZGFDNEI3RjBMb3FKNm41dlBWSUcyTUlIdE9BUHFYcUw5Zm05V2RYd3A1STdJYlBwdktLVnlrZjRTTEVfSjR1emtleHIyam4xal9CTGtuSVhleTgtMUNHcG5XazhjbHUwUExr?oc=5,"Thu, 05 Mar 2026 08:00:00 GMT",Can Xiaomi EV Pass the 'Great Trust Test'? Gasgoo,2026-06-29 18:16:25
Xiaomi Auto News,Self-driving Xiaomi EV sets lap record in Germany - The Straits Times,https://news.google.com/rss/articles/CBMilwFBVV95cUxQZEFmM3U1NDFZWTcyRTZjaFBHSDlEckcya1BVUkRRNHVSVDlJYlN3X3hxT0xJX21ZeDVkY2tENGlwRU5HLXg2Q1ljM1J6WDV6MWJBUHFQaDdQN2lFNlVMS2tQUXZFTE83SFdERFhZWUxESGRobW9nSGVFSWlwNU80Vi1DWUJVdF9QSGExUEpCRXNxck1PTFhj?oc=5,"Fri, 26 Jun 2026 07:14:00 GMT",Self-driving Xiaomi EV sets lap record in Germany The Straits Times,2026-06-29 18:16:25
Xiaomi Auto News,[VIDEO] The Xiaomi Comeback: From “Unicorpse” to the World’s Hottest EV - imd.org,https://news.google.com/rss/articles/CBMimAFBVV95cUxOTEozbkVUMFltWTVKdmx5amM1VWYtNWtsNHlFVm14TENmM3Z3cVlTMTA0RXVGZmlXZVRHQlk2NjVXZl9iaUxuWHBvakpWc0RZX3lvMWUtcm1lLThZc1ZKdWM1ZU9aN21tQ3VWNzdramVVb0hPRVRqX0hYZnZpT3RCZlZBYXMyVlBybjBtcXk2Y255NXRuSlFZMQ?oc=5,"Tue, 31 Mar 2026 21:40:43 GMT",[VIDEO] The Xiaomi Comeback: From “Unicorpse” to the World’s Hottest EV imd.org,2026-06-29 18:16:25
Xiaomi Auto News,"China's Xiaomi unveils upgraded SU7 prices, challenging Tesla - Reuters",https://news.google.com/rss/articles/CBMiqAFBVV95cUxObWhYeE9KcHlsRVUydUY3T0IyUmEyb0VWa0FfQ0ViNTdRbmN6azZjVUJuZzBoWF9sR0VhS040NGhfVmJtLUJnT1BrOHhFblAyZkxpblB6ajBPbUVROW9qTFRWNzNOU25oejJvNEdqOVk1Y3IxU3pTaGVIQW9yNEsyV1JmaTVGWGQ3NlhVUDJiSkJETXZib0FhTVpYaGp3YURuZ0xQYzM4bVQ?oc=5,"Thu, 19 Mar 2026 07:00:00 GMT","China's Xiaomi unveils upgraded SU7 prices, challenging Tesla Reuters",2026-06-29 18:16:25
Xiaomi Auto News,"Xiaomi’s new YU7 undercuts Tesla Model Y by $4,350 with 50 km more range - Electrek",https://news.google.com/rss/articles/CBMiigFBVV95cUxPdGFyQl9oc1dsTWhMSFFqZ182WnJRNmFlQVItRmIzUS1JVFJVeThNV2htcDdTTS0zWmllRGlHYmd1LUdGRTExZEdOZ3UxSE1oTzlOdl9DdHB1NkVkVVRDa2dQeUlWZ05EVUttbm9YRXhUQmZPaDJ6YkRWNk5HQzV5S2Zobk9tNU83V2c?oc=5,"Thu, 21 May 2026 07:00:00 GMT","Xiaomi’s new YU7 undercuts Tesla Model Y by $4,350 with 50 km more range Electrek",2026-06-29 18:16:25
Xiaomi Auto News,Xiaomi EV completes autonomous driving lap at Nürburgring - MSN,https://news.google.com/rss/articles/CBMisAFBVV95cUxPYzdqck9ic3E3a3AzVTZfdmdsX3loeXZPN3c4TFVwR3BaQ0NtZ0I5bW5sdWtpTGpfdXR5Q2FSRGJybVFlbmtZa3NaeTJOWUU4N2hvS2ZXcTZXdzRfeThPQjFUWGczYWpwNGtWaFlHVF9pQjNPdnFoVVhZcWxCazNEUUd4M00yRWJmcVg5ZnBocVFUMzZONl9rZVVjdlBocHdlN1BQcHFXZGtlYURFV1A3WQ?oc=5,"Wed, 24 Jun 2026 12:32:46 GMT",Xiaomi EV completes autonomous driving lap at Nürburgring MSN,2026-06-29 18:16:25
Xiaomi Auto News,"Xiaomi loses 5,600 USD for every car sold in the first quarter of 2026 - CarNewsChina.com",https://news.google.com/rss/articles/CBMiqgFBVV95cUxNaThqcHRKeXBxVmZYUzVkY3dZOU14Nm5Td3B5bzRZRk40VzVuS0FTRkVyOFg5T2xLMXczZncyenBWdWNQUG9faW9McVd0Q2RpN0ZhZmtDbE5TLXlhMVItdFBxTkR3M0daQVZETTAzbDhuajU1Nm1kNmtscldnbTluQ3JyelBZLUxuQXBLQnRyTTBLajhHWDhPNXo1S2pZcmxmVklCWTZkNUNRQQ?oc=5,"Tue, 26 May 2026 07:00:00 GMT","Xiaomi loses 5,600 USD for every car sold in the first quarter of 2026 CarNewsChina.com",2026-06-29 18:16:25
Xiaomi Auto News,Sales of the ultra-fast Xiaomi SU7 Ultra have ultra-plummeted to under 50 units - Electrek,https://news.google.com/rss/articles/CBMisAFBVV95cUxNV1pYNUxXaHZiaXgwN1lYYzAyeHEyckd3eGQtd0RFVU1BYk54TW9hYWtBU3lDSEdUbmZsdVBNLUk4OVNDOHRxNU1KSkZndGRTM0NGck1kMEs1YVZJd01EWmM1bDAxNUtaYzZZakd1SWpRX2E4SXgtcmgyOXlCb1p4OS1kVDRuUHpoRWhoQ1BKOElXUjBkSjRNZTJtWWNaa1B6MFc5TGlvUnJ5TFU4QkdPRA?oc=5,"Sat, 31 Jan 2026 08:00:00 GMT",Sales of the ultra-fast Xiaomi SU7 Ultra have ultra-plummeted to under 50 units Electrek,2026-06-29 18:16:25
Xiaomi Auto News,Ford held talks with China’s Xiaomi over EV partnership - Financial Times,https://news.google.com/rss/articles/CBMihAFBVV95cUxNYVpzRGtVSG1XNEpJQ2c0dXlRMXJHTmJDWmZoSUl1SHItaFZMZ1JLY3NpeE5uUGltZU5FT3ZJSU1ndHp3bENHMjFIYjBSSVdiSWFjcS10OGQ4SXNQeFZLZ04tWEUtaTZCbnVHLXY5Z0Q1MWxaU0l4OGpQODZDcTB2NzQyaVA?oc=5,"Sat, 31 Jan 2026 08:00:00 GMT",Ford held talks with China’s Xiaomi over EV partnership Financial Times,2026-06-29 18:16:25
Xiaomi Auto News,"Xiaomi Sets Nürburgring’s First Driverless Lap Record, But Not the World’s First - Yahoo Autos",https://news.google.com/rss/articles/CBMinAFBVV95cUxNNWxNbEV0azBKeF9jcHhmS3hYX0JORjVyX2dJSElTNExpNnNJSFZpTExqOE9OVEJmelpIdHJpX1o0T0JYRHlTcXlOWEs1Qzl0ZnpmN2JkbEF3am5XMWt5MmlFOVhEaDlqV3pveHJveTM1QjlLdmxBcWxMRlhndzhIcHBZZXl1VmRiX3lYdTloS25UdTQxbkd4UmtyVGM?oc=5,"Mon, 22 Jun 2026 23:34:57 GMT","Xiaomi Sets Nürburgring’s First Driverless Lap Record, But Not the World’s First Yahoo Autos",2026-06-29 18:16:25
Xiaomi Auto News,"Xiaomi EV Delivers Over 80,000 Units in Q1 2026, Automotive Business Revenue Reaches 19 Billion Yuan - Gasgoo",https://news.google.com/rss/articles/CBMi8gFBVV95cUxNenNBblg0aXREQ1B0OFdHMmI4QlVJVUd0aHdkM1d5RUF6akJMRFd6TjFKdDk3MnpTTENpbktXNWZVaDZzTzN3X2o5SG9jaUk3OGVWOWg0R0ZNRkdEaWYxcnNDVUhxdGIwWHJDaFJMZ2RSM2twZmdyZUNmVFhxZmw3dWNtOUdEVndHb3k2OFdxX2pWVWtDVERneDUteFlGTGUzc09ia3I3eEJxQUNxbEUwdk00cE9jWExXMEcta1VjcURXUlNGQ0RYanNoNkNzY09JRC1DbnRnZ0lsNHJXdmdwbzFWVUVBRkFBaDJyR29aRHB5UQ?oc=5,"Wed, 27 May 2026 07:00:00 GMT","Xiaomi EV Delivers Over 80,000 Units in Q1 2026, Automotive Business Revenue Reaches 19 Billion Yuan Gasgoo",2026-06-29 18:16:25
Xiaomi Auto News,"Xiaomi EV delivers 'over 20,000 units' in Feb amid holiday and model shift - CnEVPost",https://news.google.com/rss/articles/CBMie0FVX3lxTE5LLUI1amNoZUxJWTZOc295ekpwY1RyRVJZMHMtVG9OeDFMMW1lU3l6RFFFcTJlMW1ta1RTai1Bb1lCbVVBOVlralJrSU1uTUFHR2FwZXczYUNNUUVSel9qNjJCa0FraS1vdTZwanJnTmdlY1NfNlZmWXlwWQ?oc=5,"Sat, 28 Feb 2026 08:00:00 GMT","Xiaomi EV delivers 'over 20,000 units' in Feb amid holiday and model shift CnEVPost",2026-06-29 18:16:25
Xiaomi Auto News,"Xiaomi EV says Mar deliveries exceeded 20,000, updated SU7 deliveries topped 7,000 - CnEVPost",https://news.google.com/rss/articles/CBMifEFVX3lxTE1tUU4yTWtxNW5RUWFpamRuNFJmWlNudWZZUmlndHZxWjY4MGlVM0xHZ3ZBT1Bzb29MTGk3OEszWmoyc1c5amZpSGlwNzRxY05nMjI3VjA4UkNKZGFsdlF2dEZVdjVSZTJJX0FkTDJuUi1wRXk0ZVJkdF9nRm8?oc=5,"Tue, 31 Mar 2026 07:00:00 GMT","Xiaomi EV says Mar deliveries exceeded 20,000, updated SU7 deliveries topped 7,000 CnEVPost",2026-06-29 18:16:25
Xiaomi Auto News,Xiaomi EV accelerates overseas push with key executive appointments - CnEVPost,https://news.google.com/rss/articles/CBMijwFBVV95cUxOamJIYjlrWE53aHZ0cV9kcWI3UmZlbDJ4S0RmSlo2dzF0UEtxRjZnVlRGNUJiT3BfaTFwRjZRa28zQzBQeGFWRlI0VnEtQ2F5cjZFc3VjN1lCSnVveGxKWTFhVXhoZVJnR3NhYTJaQ3hvZktZY041dXZOZlFjdjJzLWN3NkVBeGVnc2dvYTFUSQ?oc=5,"Thu, 07 May 2026 07:00:00 GMT",Xiaomi EV accelerates overseas push with key executive appointments CnEVPost,2026-06-29 18:16:25
Xiaomi Auto News,"Xiaomi out to scalp Musk’s bestselling SUV in China with upgraded, cheaper model - South China Morning Post",https://news.google.com/rss/articles/CBMizAFBVV95cUxNX2U3UnMxRGYxTjk2RUdaaUQtNEdGLU9UYUF6RlVTcTYzS2FTdlE5MU1kSmFDSGFuY2wtM3h0NEpNaWZyS3gwbF9SX0lkNWVpUks1a0xhUlBGblI1ZEY1UG9OcEZjOVpwLU9YSkZEYUhaVHRRb1ItYmZ1aGMyYXJabVFKQ1dzdS03ZFJzbUsxR05Md053bk5XRWNEbGNhNzMtNkp6YkNYc0RMdHNOLUgtdHg2ZnVHOUxERGxvblRVZWlwV2cyd1VJQVpVcWvSAcwBQVVfeXFMT3FwRTFQUUVNN21heEQySmRKci1EaDVXNzZsQVlEUVM1blNUeWxzc2xBUG5oa0xUU3pLbzRZeW90ODNFZEVwUDM2YWJEeTlwa3pCVXlmc0FIdFE2R0NfdmE5ZVdDTXRLdW1Ka2JEN0ktNmlPRFlFVjI5MmpiQ1A2SFZXZTNJVVVWTGM1azRWTEYtbWVDMWFZaTNBemNubDdldEVzUWJ3OEstbl9xbkJZc1BBaGV1WXdkNi0yYXRubms0QUJ3eFhKMzNVTGNG?oc=5,"Wed, 27 May 2026 07:00:00 GMT","Xiaomi out to scalp Musk’s bestselling SUV in China with upgraded, cheaper model South China Morning Post",2026-06-29 18:16:25
Xiaomi Auto News,"Xiaomi unveils home charging robotic arm, targeting Q4 2026 launch - CarNewsChina.com",https://news.google.com/rss/articles/CBMipAFBVV95cUxQVWhpTnRvSlpjTUxYcHZTNnpIYjRkd2RGNDBTQk5PS2l4Nk5XZUNvMU9sU3pRXzF6VExTclhrNkphVEtEaWxkNFhBdlN0SkFTS1l4ZkxaSzdfNGVUa29XVkZTUVNUV2NURTRwNHRqeTdMNldmcUs1NGZPR3h3YUxUYU1fZWdtNjZzbDd2S1gwQWJ0Ni1iM2RJMDBic0VoaVhJamNBZQ?oc=5,"Sat, 13 Jun 2026 07:00:00 GMT","Xiaomi unveils home charging robotic arm, targeting Q4 2026 launch CarNewsChina.com",2026-06-29 18:16:25
Xiaomi Auto News,Xiaomi Shares Fall on Concern Refreshed EV Will Reduce Margins - Bloomberg.com,https://news.google.com/rss/articles/CBMisAFBVV95cUxNM1JTYVlacWpaN3hfLVF2RFkxeGpVSllmOEpDekJ0YURpa0lyd3R4c0J6Mm54aE5laVlpOTdrVkpUVmliS05WSThxUnlzS3Nkc1NhTVhHLUlwYXZIWGJzMU1za0FNS2g4M2E1UHRnVV9LR0VhbnZ6a1l5OHpuYmhzX3BscklwVDFGSmJndnc0cDRQNFlUWGRGLVpTQ0wtOFBjaU5xam9GNWFOT3dSY1JuSg?oc=5,"Fri, 20 Mar 2026 07:00:00 GMT",Xiaomi Shares Fall on Concern Refreshed EV Will Reduce Margins Bloomberg.com,2026-06-29 18:16:25
Xiaomi Auto News,Xiaomi CEO Rules Out Entry-Level EVs for Next Decade - eletric-vehicles.com,https://news.google.com/rss/articles/CBMikwFBVV95cUxPYVhFYjh3UTd1YUdCVGhIbWdXdjBmOHkxTC1yZHdBa2RBa0d6MEltaDFMVEczbmpVWk1jOHpjR0xMa0x5LVYxX3R4TWdORGQyeDZ1cHVxNU1JZmxnX1VqS2FJbm1xTWFmck8zdUh6Tk8xbElTdmxuOTEzYXpaVmoxX3BGelJ1TFQzUUZHYmlwT2ExRmM?oc=5,"Fri, 17 Apr 2026 07:00:00 GMT",Xiaomi CEO Rules Out Entry-Level EVs for Next Decade eletric-vehicles.com,2026-06-29 18:16:25
Xiaomi Auto News,Xiaomi EV Adds New YU7 Standard and Track-Focused YU7 GT to SUV Lineup - Electric Cars Report,https://news.google.com/rss/articles/CBMitgFBVV95cUxQdTN4a1NfdXUtZl81Mk9icjFCa051MUs3M0ZwZEZqUE9WcVdKM2hQVWhXdmNoMEdHT3Q4WkNiNlN3d0V4QllQQnZ1VnAyTUNFaFZkQlNKeUZ2a3ZsVnF5NkE5UHBIUHppTU55YUhlT2RrWHRZSW00VEZBSjZUc1dNV1dOR1VrNlBBZlBTTUF4RXJxV0hWYzVGMVVWZjg0WU5RMnhEdnNZMlN4RndfSUtUUUE5a1dzdw?oc=5,"Sat, 23 May 2026 07:00:00 GMT",Xiaomi EV Adds New YU7 Standard and Track-Focused YU7 GT to SUV Lineup Electric Cars Report,2026-06-29 18:16:25
Xiaomi Auto News,"Xiaomi EV Feb deliveries fall to 20,414 ahead of revamped SU7 - CnEVPost",https://news.google.com/rss/articles/CBMib0FVX3lxTE9CM05TRGxGYlJrWk93MU03b3dDWWk5d1RzRzNIQmgzYjdQNW9BWm9aSW1oeHpQbTRSYl9vSHhJZ29NeThDWmFFT3dFNUs3NnZ5SGRKcGs2UllTaTU2cUtiOTlrQzdFMXpCSjVpMUY2OA?oc=5,"Thu, 12 Mar 2026 07:00:00 GMT","Xiaomi EV Feb deliveries fall to 20,414 ahead of revamped SU7 CnEVPost",2026-06-29 18:16:25
Xiaomi Auto News,Xiaomi EV to showcase full lineup at upcoming Shenzhen Auto Show - CnEVPost,https://news.google.com/rss/articles/CBMiigFBVV95cUxQZmExY3JZZ3VoMXA0QzNRMVR5eGRkQm5DQm1NbDRzRnJ6VkJiN3VkLWFjenhwUzJfU205dlRYaENPUDQ4V0RZMnBCbm1tY1VTYWl4eWwyNVB0aE9UZGctRmlUUk4wT0QxN0pQZWZYR2xxYmozLWJqb0hWdndxeVNqWS04NEp3SFl5SHc?oc=5,"Fri, 22 May 2026 07:00:00 GMT",Xiaomi EV to showcase full lineup at upcoming Shenzhen Auto Show CnEVPost,2026-06-29 18:16:25
Xiaomi Auto News,"A Xiaomi EV Was Spotted In America, And A US Maker Might Be Behind It - Carscoops",https://news.google.com/rss/articles/CBMidkFVX3lxTE1fX3FHZlpxZDJwdlJRME5BZ2IzVTE0X3VRYWFRb1p4XzJac2NHY0NRdjNUS3JwMWZiR3RSNnNWTWFKX2RGUGprNEY0TkVSOF9acTN6TUFaeDJXY2YtUWxmUTlQbjFHZGozNGNtT2tXUGV4b2k2VlE?oc=5,"Wed, 04 Feb 2026 08:00:00 GMT","A Xiaomi EV Was Spotted In America, And A US Maker Might Be Behind It Carscoops",2026-06-29 18:16:25
